  0
SECTION
  2
HEADER
  9
$ACADVER
  1
AC1027
  9
$ACADMAINTVER
 70
     8
  9
$DWGCODEPAGE
  3
ANSI_936
  9
$LASTSAVEDBY
  1
xiaojisheng
  9
$REQUIREDVERSIONS
160
                 0
  9
$INSBASE
 10
0.0
 20
0.0
 30
0.0
  9
$EXTMIN
 10
-14.22848079968
 20
-224.76487451734
 30
0.0
  9
$EXTMAX
 10
509.9349247791102
 20
55.23265812055289
 30
0.0
  9
$LIMMIN
 10
0.0
 20
0.0
  9
$LIMMAX
 10
22.0
 20
17.0
  9
$ORTHOMODE
 70
     1
  9
$REGENMODE
 70
     1
  9
$FILLMODE
 70
     1
  9
$QTEXTMODE
 70
     0
  9
$MIRRTEXT
 70
     0
  9
$LTSCALE
 40
1.209999999999998
  9
$ATTMODE
 70
     1
  9
$TEXTSIZE
 40
0.2
  9
$TRACEWID
 40
0.05
  9
$TEXTSTYLE
  7
STANDARD
  9
$CLAYER
  8
DIM
  9
$CELTYPE
  6
BYLAYER
  9
$CECOLOR
 62
   256
  9
$CELTSCALE
 40
1.0
  9
$DISPSILH
 70
     0
  9
$DIMSCALE
 40
0.75
  9
$DIMASZ
 40
2.0
  9
$DIMEXO
 40
0.0625
  9
$DIMDLI
 40
0.8359999999999999
  9
$DIMRND
 40
0.0
  9
$DIMDLE
 40
0.0
  9
$DIMEXE
 40
0.125
  9
$DIMTP
 40
0.0
  9
$DIMTM
 40
0.0
  9
$DIMTXT
 40
2.0
  9
$DIMCEN
 40
0.198
  9
$DIMTSZ
 40
0.0
  9
$DIMTOL
 70
     0
  9
$DIMLIM
 70
     0
  9
$DIMTIH
 70
     0
  9
$DIMTOH
 70
     1
  9
$DIMSE1
 70
     0
  9
$DIMSE2
 70
     0
  9
$DIMTAD
 70
     0
  9
$DIMZIN
 70
     0
  9
$DIMBLK
  1
_FILLED
  9
$DIMASO
 70
     1
  9
$DIMSHO
 70
     1
  9
$DIMPOST
  1

  9
$DIMAPOST
  1

  9
$DIMALT
 70
     0
  9
$DIMALTD
 70
     2
  9
$DIMALTF
 40
25.4
  9
$DIMLFAC
 40
1.0
  9
$DIMTOFL
 70
     0
  9
$DIMTVP
 40
0.0
  9
$DIMTIX
 70
     0
  9
$DIMSOXD
 70
     0
  9
$DIMSAH
 70
     0
  9
$DIMBLK1
  1

  9
$DIMBLK2
  1

  9
$DIMSTYLE
  2
STANDARD
  9
$DIMCLRD
 70
     0
  9
$DIMCLRE
 70
     0
  9
$DIMCLRT
 70
     0
  9
$DIMTFAC
 40
1.0
  9
$DIMGAP
 40
0.09
  9
$DIMJUST
 70
     0
  9
$DIMSD1
 70
     0
  9
$DIMSD2
 70
     0
  9
$DIMTOLJ
 70
     1
  9
$DIMTZIN
 70
     0
  9
$DIMALTZ
 70
     0
  9
$DIMALTTZ
 70
     0
  9
$DIMUPT
 70
     0
  9
$DIMDEC
 70
     2
  9
$DIMTDEC
 70
     4
  9
$DIMALTU
 70
     2
  9
$DIMALTTD
 70
     2
  9
$DIMTXSTY
  7
STANDARD
  9
$DIMAUNIT
 70
     0
  9
$DIMADEC
 70
     0
  9
$DIMALTRND
 40
0.0
  9
$DIMAZIN
 70
     0
  9
$DIMDSEP
 70
    46
  9
$DIMATFIT
 70
     3
  9
$DIMFRAC
 70
     0
  9
$DIMLDRBLK
  1

  9
$DIMLUNIT
 70
     2
  9
$DIMLWD
 70
    -2
  9
$DIMLWE
 70
    -2
  9
$DIMTMOVE
 70
     0
  9
$DIMFXL
 40
1.0
  9
$DIMFXLON
 70
     0
  9
$DIMJOGANG
 40
0.7853981633974483
  9
$DIMTFILL
 70
     0
  9
$DIMTFILLCLR
 70
     0
  9
$DIMARCSYM
 70
     0
  9
$DIMLTYPE
  6

  9
$DIMLTEX1
  6

  9
$DIMLTEX2
  6

  9
$DIMTXTDIRECTION
 70
     0
  9
$LUNITS
 70
     2
  9
$LUPREC
 70
     4
  9
$SKETCHINC
 40
0.1
  9
$FILLETRAD
 40
0.0
  9
$AUNITS
 70
     0
  9
$AUPREC
 70
     0
  9
$MENU
  1

  9
$ELEVATION
 40
0.0
  9
$PELEVATION
 40
0.0
  9
$THICKNESS
 40
0.0
  9
$LIMCHECK
 70
     0
  9
$CHAMFERA
 40
0.0
  9
$CHAMFERB
 40
0.0
  9
$CHAMFERC
 40
0.0
  9
$CHAMFERD
 40
0.0
  9
$SKPOLY
 70
     0
  9
$TDCREATE
 40
2461074.801951412
  9
$TDUCREATE
 40
2461074.468618079
  9
$TDUPDATE
 40
2461081.812911991
  9
$TDUUPDATE
 40
2461081.479578658
  9
$TDINDWG
 40
0.013229120
  9
$TDUSRTIMER
 40
2461074.481846424
  9
$USRTIMER
 70
     1
  9
$ANGBASE
 50
0.0
  9
$ANGDIR
 70
     0
  9
$PDMODE
 70
     3
  9
$PDSIZE
 40
0.3125
  9
$PLINEWID
 40
0.0
  9
$SPLFRAME
 70
     0
  9
$SPLINETYPE
 70
     6
  9
$SPLINESEGS
 70
     8
  9
$HANDSEED
  5
1E69
  9
$SURFTAB1
 70
     6
  9
$SURFTAB2
 70
     6
  9
$SURFTYPE
 70
     6
  9
$SURFU
 70
     6
  9
$SURFV
 70
     6
  9
$UCSBASE
  2

  9
$UCSNAME
  2

  9
$UCSORG
 10
0.0
 20
0.0
 30
0.0
  9
$UCSXDIR
 10
1.0
 20
0.0
 30
0.0
  9
$UCSYDIR
 10
0.0
 20
1.0
 30
0.0
  9
$UCSORTHOREF
  2

  9
$UCSORTHOVIEW
 70
     0
  9
$UCSORGTOP
 10
0.0
 20
0.0
 30
0.0
  9
$UCSORGBOTTOM
 10
0.0
 20
0.0
 30
0.0
  9
$UCSORGLEFT
 10
0.0
 20
0.0
 30
0.0
  9
$UCSORGRIGHT
 10
0.0
 20
0.0
 30
0.0
  9
$UCSORGFRONT
 10
0.0
 20
0.0
 30
0.0
  9
$UCSORGBACK
 10
0.0
 20
0.0
 30
0.0
  9
$PUCSBASE
  2

  9
$PUCSNAME
  2

  9
$PUCSORG
 10
0.0
 20
0.0
 30
0.0
  9
$PUCSXDIR
 10
1.0
 20
0.0
 30
0.0
  9
$PUCSYDIR
 10
0.0
 20
1.0
 30
0.0
  9
$PUCSORTHOREF
  2

  9
$PUCSORTHOVIEW
 70
     0
  9
$PUCSORGTOP
 10
0.0
 20
0.0
 30
0.0
  9
$PUCSORGBOTTOM
 10
0.0
 20
0.0
 30
0.0
  9
$PUCSORGLEFT
 10
0.0
 20
0.0
 30
0.0
  9
$PUCSORGRIGHT
 10
0.0
 20
0.0
 30
0.0
  9
$PUCSORGFRONT
 10
0.0
 20
0.0
 30
0.0
  9
$PUCSORGBACK
 10
0.0
 20
0.0
 30
0.0
  9
$USERI1
 70
     0
  9
$USERI2
 70
     0
  9
$USERI3
 70
     0
  9
$USERI4
 70
     0
  9
$USERI5
 70
     0
  9
$USERR1
 40
0.0
  9
$USERR2
 40
0.0
  9
$USERR3
 40
0.0
  9
$USERR4
 40
0.0
  9
$USERR5
 40
0.0
  9
$WORLDVIEW
 70
     1
  9
$SHADEDGE
 70
     3
  9
$SHADEDIF
 70
    70
  9
$TILEMODE
 70
     1
  9
$MAXACTVP
 70
    64
  9
$PINSBASE
 10
0.0
 20
0.0
 30
0.0
  9
$PLIMCHECK
 70
     0
  9
$PEXTMIN
 10
1.000000000000000E+20
 20
1.000000000000000E+20
 30
1.000000000000000E+20
  9
$PEXTMAX
 10
-1.000000000000000E+20
 20
-1.000000000000000E+20
 30
-1.000000000000000E+20
  9
$PLIMMIN
 10
0.0
 20
0.0
  9
$PLIMMAX
 10
12.0
 20
9.0
  9
$UNITMODE
 70
     0
  9
$VISRETAIN
 70
     1
  9
$PLINEGEN
 70
     0
  9
$PSLTSCALE
 70
     1
  9
$TREEDEPTH
 70
  3020
  9
$CMLSTYLE
  2
Standard
  9
$CMLJUST
 70
     0
  9
$CMLSCALE
 40
1.0
  9
$PROXYGRAPHICS
 70
     1
  9
$MEASUREMENT
 70
     0
  9
$CELWEIGHT
370
    -1
  9
$ENDCAPS
280
     0
  9
$JOINSTYLE
280
     0
  9
$LWDISPLAY
290
     0
  9
$INSUNITS
 70
     1
  9
$HYPERLINKBASE
  1

  9
$STYLESHEET
  1

  9
$XEDIT
290
     0
  9
$CEPSNTYPE
380
     0
  9
$PSTYLEMODE
290
     1
  9
$FINGERPRINTGUID
  2
{109696A5-818E-40D3-82E5-AD0D6FD6DD92}
  9
$VERSIONGUID
  2
{AB69D1B3-D00D-4A5F-85B7-AD61F7705C5B}
  9
$EXTNAMES
290
     1
  9
$PSVPSCALE
 40
0.0
  9
$OLESTARTUP
290
     0
  9
$SORTENTS
280
   127
  9
$INDEXCTL
280
     0
  9
$HIDETEXT
280
     1
  9
$XCLIPFRAME
280
     2
  9
$HALOGAP
280
     0
  9
$OBSCOLOR
 70
   257
  9
$OBSLTYPE
280
     0
  9
$INTERSECTIONDISPLAY
280
     0
  9
$INTERSECTIONCOLOR
 70
   257
  9
$DIMASSOC
280
     2
  9
$PROJECTNAME
  1

  9
$CAMERADISPLAY
290
     0
  9
$LENSLENGTH
 40
50.0
  9
$CAMERAHEIGHT
 40
0.0
  9
$STEPSPERSEC
 40
2.0
  9
$STEPSIZE
 40
6.0
  9
$3DDWFPREC
 40
2.0
  9
$PSOLWIDTH
 40
0.25
  9
$PSOLHEIGHT
 40
4.0
  9
$LOFTANG1
 40
1.570796326794896
  9
$LOFTANG2
 40
1.570796326794896
  9
$LOFTMAG1
 40
0.0
  9
$LOFTMAG2
 40
0.0
  9
$LOFTPARAM
 70
     7
  9
$LOFTNORMALS
280
     1
  9
$LATITUDE
 40
0.0
  9
$LONGITUDE
 40
0.0
  9
$NORTHDIRECTION
 40
0.0
  9
$TIMEZONE
 70
 -8000
  9
$LIGHTGLYPHDISPLAY
280
     1
  9
$TILEMODELIGHTSYNCH
280
     1
  9
$CMATERIAL
347
8F2
  9
$SOLIDHIST
280
     1
  9
$SHOWHIST
280
     1
  9
$DWFFRAME
280
     2
  9
$DGNFRAME
280
     0
  9
$REALWORLDSCALE
290
     1
  9
$INTERFERECOLOR
 62
     1
  9
$CSHADOW
280
     0
  9
$SHADOWPLANELOCATION
 40
0.0
  0
ENDSEC
  0
SECTION
  2
CLASSES
  0
CLASS
  1
ACDBDICTIONARYWDFLT
  2
AcDbDictionaryWithDefault
  3
AutoCAD 2000
 90
        0
 91
        1
280
     0
281
     0
  0
CLASS
  1
ACDBPLACEHOLDER
  2
AcDbPlaceHolder
  3
AutoCAD 2000
 90
        0
 91
        0
280
     0
281
     0
  0
CLASS
  1
LAYOUT
  2
AcDbLayout
  3
AutoCAD 2000
 90
        0
 91
        0
280
     0
281
     0
  0
CLASS
  1
MATERIAL
  2
AcDbMaterial
  3
ObjectDBX Classes
 90
        0
 91
        6
280
     0
281
     0
  0
CLASS
  1
VISUALSTYLE
  2
AcDbVisualStyle
  3
ObjectDBX Classes
 90
     4095
 91
       48
280
     0
281
     0
  0
CLASS
  1
TABLESTYLE
  2
AcDbTableStyle
  3
ObjectDBX Classes
 90
     2047
 91
        2
280
     0
281
     0
  0
CLASS
  1
MLEADERSTYLE
  2
AcDbMLeaderStyle
  3
ACDB_MLEADERSTYLE_CLASS
 90
     4095
 91
        2
280
     0
281
     0
  0
CLASS
  1
SCALE
  2
AcDbScale
  3
ObjectDBX Classes
 90
     1153
 91
       17
280
     0
281
     0
  0
CLASS
  1
DICTIONARYVAR
  2
AcDbDictionaryVar
  3
ObjectDBX Classes
 90
        0
 91
        3
280
     0
281
     0
  0
CLASS
  1
DIMASSOC
  2
AcDbDimAssoc
  3
ZcDbDimAssoc ObjectDBX Classes
 90
        0
 91
       36
280
     0
281
     0
  0
CLASS
  1
RASTERVARIABLES
  2
AcDbRasterVariables
  3
ISM
 90
        0
 91
        1
280
     0
281
     0
  0
ENDSEC
  0
SECTION
  2
TABLES
  0
TABLE
  2
VPORT
  5
8
330
0
100
AcDbSymbolTable
 70
     1
  0
VPORT
  5
1F4
330
8
100
AcDbSymbolTableRecord
100
AcDbViewportTableRecord
  2
*ACTIVE
 70
     0
 10
0.0
 20
0.0
 11
1.0
 21
1.0
 12
232.017373049556
 22
-102.3434852297248
 13
0.0
 23
0.0
 14
1.0
 24
1.0
 15
0.0
 25
0.0
 16
0.0
 26
0.0
 36
1.0
 17
0.0
 27
0.0
 37
0.0
 40
406.7376607695527
 41
2.098890942698706
 42
50.0
 43
0.0
 44
0.0
 50
0.0
 51
0.0
 71
     0
 72
   100
 73
     1
 74
     1
 75
     0
 76
     0
 77
     0
 78
     0
281
     0
 65
     1
110
0.0
120
0.0
130
0.0
111
1.0
121
0.0
131
0.0
112
0.0
122
1.0
132
0.0
 79
     0
146
0.0
348
8FA
 60
     3
 61
     5
292
     1
282
     1
141
0.0
142
0.0
 63
   256
  0
ENDTAB
  0
TABLE
  2
LTYPE
  5
5
330
0
100
AcDbSymbolTable
 70
     1
  0
LTYPE
  5
14
330
5
100
AcDbSymbolTableRecord
100
AcDbLinetypeTableRecord
  2
BYBLOCK
 70
     0
  3

 72
    65
 73
     0
 40
0.0
  0
LTYPE
  5
15
330
5
100
AcDbSymbolTableRecord
100
AcDbLinetypeTableRecord
  2
BYLAYER
 70
     0
  3

 72
    65
 73
     0
 40
0.0
  0
LTYPE
  5
16
330
5
100
AcDbSymbolTableRecord
100
AcDbLinetypeTableRecord
  2
CONTINUOUS
 70
     0
  3
Solid line
 72
    65
 73
     0
 40
0.0
  0
ENDTAB
  0
TABLE
  2
LAYER
  5
2
102
{ACAD_XDICTIONARY
360
92C
102
}
330
0
100
AcDbSymbolTable
 70
     6
  0
LAYER
  5
10
330
2
100
AcDbSymbolTableRecord
100
AcDbLayerTableRecord
  2
0
 70
     0
 62
     7
  6
CONTINUOUS
370
    -3
390
F
347
8F4
348
0
1071
 33554687
  0
LAYER
  5
204
330
2
100
AcDbSymbolTableRecord
100
AcDbLayerTableRecord
  2
02___PRT_ALL_AXES
 70
     0
 62
     7
  6
CONTINUOUS
370
    -3
390
F
347
8F4
348
0
1071
 33554687
  0
LAYER
  5
22C
330
2
100
AcDbSymbolTableRecord
100
AcDbLayerTableRecord
  2
LAY0001
 70
     0
 62
     7
  6
CONTINUOUS
370
    -3
390
F
347
8F4
348
0
1071
 33554687
  0
LAYER
  5
931
330
2
100
AcDbSymbolTableRecord
100
AcDbLayerTableRecord
  2
Defpoints
 70
     0
 62
     7
  6
CONTINUOUS
290
     0
370
    -3
390
F
347
8F4
348
0
1071
 33554687
  0
LAYER
  5
949
330
2
100
AcDbSymbolTableRecord
100
AcDbLayerTableRecord
  2
DIM
 70
     0
 62
     3
  6
CONTINUOUS
370
    -3
390
F
347
8F4
348
0
1071
 33554687
  0
LAYER
  5
C1E
330
2
100
AcDbSymbolTableRecord
100
AcDbLayerTableRecord
  2
INTFCLR_739338
 70
     0
 62
     7
  6
CONTINUOUS
370
    -3
390
F
347
8F4
348
0
1071
 33554687
  0
ENDTAB
  0
TABLE
  2
STYLE
  5
3
330
0
100
AcDbSymbolTable
 70
     1
  0
STYLE
  5
11
330
3
100
AcDbSymbolTableRecord
100
AcDbTextStyleTableRecord
  2
STANDARD
 70
     0
 40
0.0
 41
0.8
 50
0.0
 71
     0
 42
0.2
  3
txt
  4

  0
ENDTAB
  0
TABLE
  2
VIEW
  5
6
330
0
100
AcDbSymbolTable
 70
     0
  0
ENDTAB
  0
TABLE
  2
UCS
  5
7
330
0
100
AcDbSymbolTable
 70
     0
  0
ENDTAB
  0
TABLE
  2
APPID
  5
9
330
0
100
AcDbSymbolTable
 70
     4
  0
APPID
  5
241
330
9
100
AcDbSymbolTableRecord
100
AcDbRegAppTableRecord
  2
ACAD
 70
     0
  0
APPID
  5
92B
330
9
100
AcDbSymbolTableRecord
100
AcDbRegAppTableRecord
  2
AcadAnnotative
 70
     0
  0
APPID
  5
9C3
330
9
100
AcDbSymbolTableRecord
100
AcDbRegAppTableRecord
  2
ACAD_DSTYLE_DIMINSPECT
 70
     0
  0
APPID
  5
AB9
330
9
100
AcDbSymbolTableRecord
100
AcDbRegAppTableRecord
  2
ACAD_DSTYLE_DIMRADIAL_EXTENSION
 70
     0
  0
ENDTAB
  0
TABLE
  2
DIMSTYLE
  5
A
330
0
100
AcDbSymbolTable
 70
     1
100
AcDbDimStyleTable
 71
     0
  0
DIMSTYLE
105
245
102
{ACAD_REACTORS
330
1B83
330
1B86
330
1B89
330
1B8C
330
1BEB
330
1C19
330
1C1C
330
1C1F
330
1C22
330
1C81
330
1CEB
330
1D03
330
1D1D
330
1D37
330
1D87
330
1DA1
330
1DBB
330
1DD7
330
1DEF
330
1E2D
330
1E43
102
}
330
A
100
AcDbSymbolTableRecord
100
AcDbDimStyleTableRecord
  2
STANDARD
 70
     0
 41
0.1875
 44
0.125
 47
0.01
 48
0.01
 78
     4
 79
     1
140
0.15625
171
     1
179
     2
271
     2
272
     2
284
     4
340
11
341
244
342
244
343
244
344
244
1001
AcadAnnotative
1000
AnnotativeData
1002
{
1070
     1
1070
     0
1002
}
  0
ENDTAB
  0
TABLE
  2
BLOCK_RECORD
  5
1
330
0
100
AcDbSymbolTable
 70
    46
  0
BLOCK_RECORD
  5
242
330
1
100
AcDbSymbolTableRecord
100
AcDbBlockTableRecord
  2
*MODEL_SPACE
340
8EF
 70
     0
280
     1
281
     0
  0
BLOCK_RECORD
  5
243
330
1
100
AcDbSymbolTableRecord
100
AcDbBlockTableRecord
  2
*PAPER_SPACE
340
8F0
 70
     0
280
     1
281
     0
  0
BLOCK_RECORD
  5
244
330
1
100
AcDbSymbolTableRecord
100
AcDbBlockTableRecord
  2
_FILLED
340
0
102
{BLKREFS
331
937
331
938
331
943
331
944
331
952
331
953
331
95E
331
95F
331
96C
331
96D
331
978
331
979
331
988
331
989
331
994
331
995
331
99F
331
9A0
331
9A9
331
9AA
331
9B3
331
9B4
331
9BD
331
9BE
331
9C8
331
9C9
331
9D6
331
9D7
331
9E2
331
9E3
331
9ED
331
9EE
331
9F7
331
9F8
331
A01
331
A02
331
A0B
331
A0C
331
A15
331
A16
331
A23
331
A24
331
A2F
331
A30
331
A39
331
A3A
331
A47
331
A48
331
A53
331
A54
331
A5F
331
A60
331
A6B
331
A6C
331
A77
331
A78
331
A83
331
A84
331
A8F
331
A90
331
A9B
331
A9C
331
AA7
331
AA8
331
AB3
331
AB4
331
AC2
331
ACC
331
AD4
331
ADC
331
AE9
331
AEA
331
AF5
331
AF6
331
B03
331
B04
331
B0F
331
B10
331
B1D
331
B1E
331
B29
331
B2A
331
B37
331
B38
331
B43
331
B44
331
B51
331
B52
331
B5D
331
B5E
331
B6B
331
B6C
331
B77
331
B78
331
B85
331
B86
331
B91
331
B92
331
B9F
331
BA0
331
BAB
331
BAC
331
BB9
331
BBA
331
BC5
331
BC6
331
BCF
331
BD0
331
BD9
331
BDA
331
BE3
331
BE4
331
BED
331
BEE
331
BF7
331
BF8
331
C05
331
C06
331
C11
331
C12
331
1B94
331
1B95
331
1BA1
331
1BA2
331
1BAE
331
1BAF
331
1BBB
331
1BBC
331
1BC7
331
1BC8
331
1BD1
331
1BD2
331
1BDB
331
1BDC
331
1BE5
331
1BE6
331
1BF3
331
1BF4
331
1BFF
331
1C00
331
1C09
331
1C0A
331
1C13
331
1C14
331
1C2A
331
1C2B
331
1C37
331
1C38
331
1C44
331
1C45
331
1C51
331
1C52
331
1C5D
331
1C5E
331
1C67
331
1C68
331
1C71
331
1C72
331
1C7B
331
1C7C
331
1C89
331
1C8A
331
1C95
331
1C96
331
1C9F
331
1CA0
331
1CA9
331
1CAA
331
1CB3
331
1CB4
331
1CBD
331
1CBE
331
1CC7
331
1CC8
331
1CD1
331
1CD2
331
1CDB
331
1CDC
331
1CE5
331
1CE6
331
1CF1
331
1CF2
331
1CFD
331
1CFE
331
1D0B
331
1D0C
331
1D17
331
1D18
331
1D25
331
1D26
331
1D31
331
1D32
331
1D3F
331
1D40
331
1D4B
331
1D4C
331
1D55
331
1D56
331
1D5F
331
1D60
331
1D69
331
1D6A
331
1D73
331
1D74
331
1D80
331
1D8F
331
1D90
331
1D9B
331
1D9C
331
1DA9
331
1DAA
331
1DB5
331
1DB6
331
1DC4
331
1DC5
331
1DD1
331
1DD2
331
1DDD
331
1DDE
331
1DE9
331
1DEA
331
1DF6
331
1E00
331
1E09
331
1E0A
331
1E13
331
1E14
331
1E1D
331
1E1E
331
1E27
331
1E28
331
1E34
331
1E3E
331
1E4A
331
1E54
331
1E5C
331
1E64
102
}
 70
     0
280
     1
281
     0
  0
BLOCK_RECORD
  5
932
330
1
100
AcDbSymbolTableRecord
100
AcDbBlockTableRecord
  2
*D1
340
0
 70
     0
280
     1
281
     0
  0
BLOCK_RECORD
  5
94D
330
1
100
AcDbSymbolTableRecord
100
AcDbBlockTableRecord
  2
*D2
340
0
 70
     0
280
     1
281
     0
  0
BLOCK_RECORD
  5
967
330
1
100
AcDbSymbolTableRecord
100
AcDbBlockTableRecord
  2
*D3
340
0
 70
     0
280
     1
281
     0
  0
BLOCK_RECORD
  5
983
330
1
100
AcDbSymbolTableRecord
100
AcDbBlockTableRecord
  2
*D4
340
0
 70
     0
280
     1
281
     0
  0
BLOCK_RECORD
  5
9D1
330
1
100
AcDbSymbolTableRecord
100
AcDbBlockTableRecord
  2
*D5
340
0
 70
     0
280
     1
281
     0
  0
BLOCK_RECORD
  5
A1E
330
1
100
AcDbSymbolTableRecord
100
AcDbBlockTableRecord
  2
*D6
340
0
 70
     0
280
     1
281
     0
  0
BLOCK_RECORD
  5
A42
330
1
100
AcDbSymbolTableRecord
100
AcDbBlockTableRecord
  2
*D7
340
0
 70
     0
280
     1
281
     0
  0
BLOCK_RECORD
  5
A5A
330
1
100
AcDbSymbolTableRecord
100
AcDbBlockTableRecord
  2
*D8
340
0
 70
     0
280
     1
281
     0
  0
BLOCK_RECORD
  5
A72
330
1
100
AcDbSymbolTableRecord
100
AcDbBlockTableRecord
  2
*D9
340
0
 70
     0
280
     1
281
     0
  0
BLOCK_RECORD
  5
A8A
330
1
100
AcDbSymbolTableRecord
100
AcDbBlockTableRecord
  2
*D10
340
0
 70
     0
280
     1
281
     0
  0
BLOCK_RECORD
  5
AA2
330
1
100
AcDbSymbolTableRecord
100
AcDbBlockTableRecord
  2
*D11
340
0
 70
     0
280
     1
281
     0
  0
BLOCK_RECORD
  5
ABE
330
1
100
AcDbSymbolTableRecord
100
AcDbBlockTableRecord
  2
*D12
340
0
 70
     0
280
     1
281
     0
  0
BLOCK_RECORD
  5
AE4
330
1
100
AcDbSymbolTableRecord
100
AcDbBlockTableRecord
  2
*D13
340
0
 70
     0
280
     1
281
     0
  0
BLOCK_RECORD
  5
AFE
330
1
100
AcDbSymbolTableRecord
100
AcDbBlockTableRecord
  2
*D14
340
0
 70
     0
280
     1
281
     0
  0
BLOCK_RECORD
  5
B18
330
1
100
AcDbSymbolTableRecord
100
AcDbBlockTableRecord
  2
*D15
340
0
 70
     0
280
     1
281
     0
  0
BLOCK_RECORD
  5
B32
330
1
100
AcDbSymbolTableRecord
100
AcDbBlockTableRecord
  2
*D16
340
0
 70
     0
280
     1
281
     0
  0
BLOCK_RECORD
  5
B4C
330
1
100
AcDbSymbolTableRecord
100
AcDbBlockTableRecord
  2
*D17
340
0
 70
     0
280
     1
281
     0
  0
BLOCK_RECORD
  5
B66
330
1
100
AcDbSymbolTableRecord
100
AcDbBlockTableRecord
  2
*D18
340
0
 70
     0
280
     1
281
     0
  0
BLOCK_RECORD
  5
B80
330
1
100
AcDbSymbolTableRecord
100
AcDbBlockTableRecord
  2
*D19
340
0
 70
     0
280
     1
281
     0
  0
BLOCK_RECORD
  5
B9A
330
1
100
AcDbSymbolTableRecord
100
AcDbBlockTableRecord
  2
*D20
340
0
 70
     0
280
     1
281
     0
  0
BLOCK_RECORD
  5
BB4
330
1
100
AcDbSymbolTableRecord
100
AcDbBlockTableRecord
  2
*D21
340
0
 70
     0
280
     1
281
     0
  0
BLOCK_RECORD
  5
C00
330
1
100
AcDbSymbolTableRecord
100
AcDbBlockTableRecord
  2
*D22
340
0
 70
     0
280
     1
281
     0
  0
BLOCK_RECORD
  5
1B8F
330
1
100
AcDbSymbolTableRecord
100
AcDbBlockTableRecord
  2
*D24
340
0
 70
     0
280
     1
281
     0
  0
BLOCK_RECORD
  5
1B9C
330
1
100
AcDbSymbolTableRecord
100
AcDbBlockTableRecord
  2
*D25
340
0
 70
     0
280
     1
281
     0
  0
BLOCK_RECORD
  5
1BA9
330
1
100
AcDbSymbolTableRecord
100
AcDbBlockTableRecord
  2
*D26
340
0
 70
     0
280
     1
281
     0
  0
BLOCK_RECORD
  5
1BB6
330
1
100
AcDbSymbolTableRecord
100
AcDbBlockTableRecord
  2
*D27
340
0
 70
     0
280
     1
281
     0
  0
BLOCK_RECORD
  5
1BEE
330
1
100
AcDbSymbolTableRecord
100
AcDbBlockTableRecord
  2
*D28
340
0
 70
     0
280
     1
281
     0
  0
BLOCK_RECORD
  5
1C25
330
1
100
AcDbSymbolTableRecord
100
AcDbBlockTableRecord
  2
*D29
340
0
 70
     0
280
     1
281
     0
  0
BLOCK_RECORD
  5
1C32
330
1
100
AcDbSymbolTableRecord
100
AcDbBlockTableRecord
  2
*D30
340
0
 70
     0
280
     1
281
     0
  0
BLOCK_RECORD
  5
1C3F
330
1
100
AcDbSymbolTableRecord
100
AcDbBlockTableRecord
  2
*D31
340
0
 70
     0
280
     1
281
     0
  0
BLOCK_RECORD
  5
1C4C
330
1
100
AcDbSymbolTableRecord
100
AcDbBlockTableRecord
  2
*D32
340
0
 70
     0
280
     1
281
     0
  0
BLOCK_RECORD
  5
1C84
330
1
100
AcDbSymbolTableRecord
100
AcDbBlockTableRecord
  2
*D33
340
0
 70
     0
280
     1
281
     0
  0
BLOCK_RECORD
  5
1CEC
330
1
100
AcDbSymbolTableRecord
100
AcDbBlockTableRecord
  2
*D34
340
0
 70
     0
280
     1
281
     0
  0
BLOCK_RECORD
  5
1D06
330
1
100
AcDbSymbolTableRecord
100
AcDbBlockTableRecord
  2
*D35
340
0
 70
     0
280
     1
281
     0
  0
BLOCK_RECORD
  5
1D20
330
1
100
AcDbSymbolTableRecord
100
AcDbBlockTableRecord
  2
*D36
340
0
 70
     0
280
     1
281
     0
  0
BLOCK_RECORD
  5
1D3A
330
1
100
AcDbSymbolTableRecord
100
AcDbBlockTableRecord
  2
*D37
340
0
 70
     0
280
     1
281
     0
  0
BLOCK_RECORD
  5
1D7C
330
1
100
AcDbSymbolTableRecord
100
AcDbBlockTableRecord
  2
*D38
340
0
 70
     0
280
     1
281
     0
  0
BLOCK_RECORD
  5
1D8A
330
1
100
AcDbSymbolTableRecord
100
AcDbBlockTableRecord
  2
*D39
340
0
 70
     0
280
     1
281
     0
  0
BLOCK_RECORD
  5
1DA4
330
1
100
AcDbSymbolTableRecord
100
AcDbBlockTableRecord
  2
*D40
340
0
 70
     0
280
     1
281
     0
  0
BLOCK_RECORD
  5
1DBE
330
1
100
AcDbSymbolTableRecord
100
AcDbBlockTableRecord
  2
*D41
340
0
 70
     0
280
     1
281
     0
  0
BLOCK_RECORD
  5
1DD8
330
1
100
AcDbSymbolTableRecord
100
AcDbBlockTableRecord
  2
*D42
340
0
 70
     0
280
     1
281
     0
  0
BLOCK_RECORD
  5
1DF2
330
1
100
AcDbSymbolTableRecord
100
AcDbBlockTableRecord
  2
*D43
340
0
 70
     0
280
     1
281
     0
  0
BLOCK_RECORD
  5
1E30
330
1
100
AcDbSymbolTableRecord
100
AcDbBlockTableRecord
  2
*D44
340
0
 70
     0
280
     1
281
     0
  0
BLOCK_RECORD
  5
1E46
330
1
100
AcDbSymbolTableRecord
100
AcDbBlockTableRecord
  2
*D45
340
0
 70
     0
280
     1
281
     0
  0
ENDTAB
  0
ENDSEC
  0
SECTION
  2
BLOCKS
  0
BLOCK
  5
20
330
242
100
AcDbEntity
  8
0
100
AcDbBlockBegin
  2
*MODEL_SPACE
 70
     0
 10
0.0
 20
0.0
 30
0.0
  3
*MODEL_SPACE
  1

  0
ENDBLK
  5
21
330
242
100
AcDbEntity
  8
0
100
AcDbBlockEnd
  0
BLOCK
  5
1C
330
243
100
AcDbEntity
 67
     1
  8
0
100
AcDbBlockBegin
  2
*PAPER_SPACE
 70
     0
 10
0.0
 20
0.0
 30
0.0
  3
*PAPER_SPACE
  1

  0
ENDBLK
  5
1D
330
243
100
AcDbEntity
 67
     1
  8
0
100
AcDbBlockEnd
  0
BLOCK
  5
246
330
244
100
AcDbEntity
  8
0
100
AcDbBlockBegin
  2
_FILLED
 70
     0
 10
0.0
 20
0.0
 30
0.0
  3
_FILLED
  1

  0
SOLID
  5
247
330
244
100
AcDbEntity
  8
0
  6
ByBlock
 62
     0
100
AcDbTrace
 10
0.0
 20
0.0
 30
0.0
 11
-1.0
 21
0.1666666667
 31
0.0
 12
-1.0
 22
-0.1666666667
 32
0.0
 13
-1.0
 23
-0.1666666667
 33
0.0
  0
ENDBLK
  5
248
330
244
100
AcDbEntity
  8
0
  6
ByBlock
 62
     0
100
AcDbBlockEnd
  0
BLOCK
  5
93D
330
932
100
AcDbEntity
  8
0
100
AcDbBlockBegin
  2
*D1
 70
     1
 10
0.0
 20
0.0
 30
0.0
  3
*D1
  1

  0
LINE
  5
93F
330
932
100
AcDbEntity
  8
0
 62
     0
370
    -2
100
AcDbLine
 10
-14.10721221008609
 20
10.49408083798864
 30
0.0
 11
-14.10721221008609
 21
19.27479783395024
 31
0.0
  0
LINE
  5
940
330
932
100
AcDbEntity
  8
0
 62
     0
370
    -2
100
AcDbLine
 10
8.271519201500012
 20
10.42358787148004
 30
0.0
 11
8.271519201500012
 21
19.27479783395024
 31
0.0
  0
LINE
  5
941
330
932
100
AcDbEntity
  8
0
 62
     0
370
    -2
100
AcDbLine
 10
-12.10721221008609
 20
19.14979783395024
 30
0.0
 11
-6.207846504293037
 21
19.14979783395024
 31
0.0
  0
LINE
  5
942
330
932
100
AcDbEntity
  8
0
 62
     0
370
    -2
100
AcDbLine
 10
6.271519201500012
 20
19.14979783395024
 30
0.0
 11
0.3721534957069617
 21
19.14979783395024
 31
0.0
  0
INSERT
  5
943
330
932
100
AcDbEntity
  8
0
 62
     0
370
    -2
100
AcDbBlockReference
  2
_FILLED
 10
-14.10721221008609
 20
19.14979783395024
 30
0.0
 41
2.0
 42
2.0
 43
2.0
 50
180.0
  0
INSERT
  5
944
330
932
100
AcDbEntity
  8
0
 62
     0
370
    -2
100
AcDbBlockReference
  2
_FILLED
 10
8.271519201500012
 20
19.14979783395024
 30
0.0
 41
2.0
 42
2.0
 43
2.0
  0
MTEXT
  5
945
330
932
100
AcDbEntity
  8
0
 62
     0
100
AcDbMText
 10
-2.917846504293038
 20
19.14979783395024
 30
0.0
 40
2.0
 41
0.0
 46
0.0
 71
     5
 72
     1
  1
\A1;22.38
 73
     1
 44
1.0
1001
ACAD
1000
MTEXTBEGIN
1070
    73
1070
     1
1070
    44
1040
1.0
1070
    74
1070
     0
1000
MTEXTEND
  0
POINT
  5
946
330
932
100
AcDbEntity
  8
Defpoints
 62
     0
100
AcDbPoint
 10
-14.10721221008609
 20
10.43158083798864
 30
0.0
  0
POINT
  5
947
330
932
100
AcDbEntity
  8
Defpoints
 62
     0
100
AcDbPoint
 10
8.271519201500012
 20
10.36108787148004
 30
0.0
  0
POINT
  5
948
330
932
100
AcDbEntity
  8
Defpoints
 62
     0
100
AcDbPoint
 10
8.271519201500012
 20
19.14979783395024
 30
0.0
  0
ENDBLK
  5
93E
330
932
100
AcDbEntity
  8
0
100
AcDbBlockEnd
  0
BLOCK
  5
958
330
94D
100
AcDbEntity
  8
DIM
100
AcDbBlockBegin
  2
*D2
 70
     1
 10
0.0
 20
0.0
 30
0.0
  3
*D2
  1

  0
LINE
  5
9C4
330
94D
100
AcDbEntity
  8
DIM
 62
     0
370
    -2
100
AcDbLine
 10
37.60591220034001
 20
2.052017537660049
 30
0.0
 11
24.76495345666443
 21
2.05201753766005
 31
0.0
  0
LINE
  5
9C5
330
94D
100
AcDbEntity
  8
DIM
 62
     0
370
    -2
100
AcDbLine
 10
37.60591220034001
 20
-26.06798246301997
 30
0.0
 11
24.76495345666443
 21
-26.06798246301997
 31
0.0
  0
LINE
  5
9C6
330
94D
100
AcDbEntity
  8
DIM
 62
     0
370
    -2
100
AcDbLine
 10
24.85870345666443
 20
0.5520175376600501
 30
0.0
 11
24.85870345666443
 21
-5.34048246267996
 31
0.0
  0
LINE
  5
9C7
330
94D
100
AcDbEntity
  8
DIM
 62
     0
370
    -2
100
AcDbLine
 10
24.85870345666443
 20
-24.56798246301997
 30
0.0
 11
24.85870345666443
 21
-18.67548246267996
 31
0.0
  0
INSERT
  5
9C8
330
94D
100
AcDbEntity
  8
DIM
 62
     0
370
    -2
100
AcDbBlockReference
  2
_FILLED
 10
24.85870345666443
 20
2.05201753766005
 30
0.0
 41
1.5
 42
1.5
 43
1.5
 50
90.0
  0
INSERT
  5
9C9
330
94D
100
AcDbEntity
  8
DIM
 62
     0
370
    -2
100
AcDbBlockReference
  2
_FILLED
 10
24.85870345666443
 20
-26.06798246301997
 30
0.0
 41
1.5
 42
1.5
 43
1.5
 50
270.0
  0
MTEXT
  5
9CA
330
94D
100
AcDbEntity
  8
DIM
 62
     0
100
AcDbMText
 10
24.85870345666443
 20
-12.00798246267996
 30
0.0
 40
1.5
 41
0.0
 46
0.0
 71
     5
 72
     1
  1
\A1;VA: 28.12%%p0.10
 11
0.0
 21
1.0
 31
0.0
 73
     1
 44
1.0
1001
ACAD
1000
MTEXTBEGIN
1070
    73
1070
     1
1070
    44
1040
1.0
1070
    74
1070
     0
1000
MTEXTEND
  0
POINT
  5
9CB
330
94D
100
AcDbEntity
  8
Defpoints
 62
     0
100
AcDbPoint
 10
37.65278720034002
 20
2.052017537660049
 30
0.0
  0
POINT
  5
9CC
330
94D
100
AcDbEntity
  8
Defpoints
 62
     0
100
AcDbPoint
 10
37.65278720034002
 20
-26.06798246301997
 30
0.0
  0
POINT
  5
9CD
330
94D
100
AcDbEntity
  8
Defpoints
 62
     0
100
AcDbPoint
 10
24.85870345666443
 20
-26.06798246301997
 30
0.0
  0
ENDBLK
  5
959
330
94D
100
AcDbEntity
  8
DIM
100
AcDbBlockEnd
  0
BLOCK
  5
972
330
967
100
AcDbEntity
  8
DIM
100
AcDbBlockBegin
  2
*D3
 70
     1
 10
0.0
 20
0.0
 30
0.0
  3
*D3
  1

  0
LINE
  5
974
330
967
100
AcDbEntity
  8
DIM
 62
     0
370
    -2
100
AcDbLine
 10
37.65278720034002
 20
2.114517537660049
 30
0.0
 11
37.65278720034002
 21
15.05129641421793
 31
0.0
  0
LINE
  5
975
330
967
100
AcDbEntity
  8
DIM
 62
     0
370
    -2
100
AcDbLine
 10
65.77278720101998
 20
2.114517537660049
 30
0.0
 11
65.77278720101998
 21
15.05129641421793
 31
0.0
  0
LINE
  5
976
330
967
100
AcDbEntity
  8
DIM
 62
     0
370
    -2
100
AcDbLine
 10
39.65278720034002
 20
14.92629641421793
 30
0.0
 11
48.68945386734665
 21
14.92629641421793
 31
0.0
  0
LINE
  5
977
330
967
100
AcDbEntity
  8
DIM
 62
     0
370
    -2
100
AcDbLine
 10
63.77278720101998
 20
14.92629641421793
 30
0.0
 11
54.73612053401335
 21
14.92629641421793
 31
0.0
  0
INSERT
  5
978
330
967
100
AcDbEntity
  8
DIM
 62
     0
370
    -2
100
AcDbBlockReference
  2
_FILLED
 10
37.65278720034002
 20
14.92629641421793
 30
0.0
 41
2.0
 42
2.0
 43
2.0
 50
180.0
  0
INSERT
  5
979
330
967
100
AcDbEntity
  8
DIM
 62
     0
370
    -2
100
AcDbBlockReference
  2
_FILLED
 10
65.77278720101998
 20
14.92629641421793
 30
0.0
 41
2.0
 42
2.0
 43
2.0
  0
MTEXT
  5
97A
330
967
100
AcDbEntity
  8
DIM
 62
     0
100
AcDbMText
 10
51.71278720067999
 20
14.92629641421793
 30
0.0
 40
2.0
 41
0.0
 46
0.0
 71
     5
 72
     1
  1
\A1;28.12
 73
     1
 44
1.0
1001
ACAD
1000
MTEXTBEGIN
1070
    73
1070
     1
1070
    44
1040
1.0
1070
    74
1070
     0
1000
MTEXTEND
  0
POINT
  5
97B
330
967
100
AcDbEntity
  8
Defpoints
 62
     0
100
AcDbPoint
 10
37.65278720034002
 20
2.052017537660049
 30
0.0
  0
POINT
  5
97C
330
967
100
AcDbEntity
  8
Defpoints
 62
     0
100
AcDbPoint
 10
65.77278720101998
 20
2.052017537660049
 30
0.0
  0
POINT
  5
97D
330
967
100
AcDbEntity
  8
Defpoints
 62
     0
100
AcDbPoint
 10
65.77278720101998
 20
14.92629641421793
 30
0.0
  0
ENDBLK
  5
973
330
967
100
AcDbEntity
  8
DIM
100
AcDbBlockEnd
  0
BLOCK
  5
98E
330
983
100
AcDbEntity
  8
DIM
100
AcDbBlockBegin
  2
*D4
 70
     1
 10
0.0
 20
0.0
 30
0.0
  3
*D4
  1

  0
LINE
  5
9B9
330
983
100
AcDbEntity
  8
DIM
 62
     0
370
    -2
100
AcDbLine
 10
37.65278720034002
 20
2.098892537660049
 30
0.0
 11
37.65278720034002
 21
15.85108620971471
 31
0.0
  0
LINE
  5
9BA
330
983
100
AcDbEntity
  8
DIM
 62
     0
370
    -2
100
AcDbLine
 10
65.77278720101998
 20
2.098892537660049
 30
0.0
 11
65.77278720101998
 21
15.85108620971471
 31
0.0
  0
LINE
  5
9BB
330
983
100
AcDbEntity
  8
DIM
 62
     0
370
    -2
100
AcDbLine
 10
39.15278720034002
 20
15.75733620971471
 30
0.0
 11
45.04528720067998
 21
15.75733620971471
 31
0.0
  0
LINE
  5
9BC
330
983
100
AcDbEntity
  8
DIM
 62
     0
370
    -2
100
AcDbLine
 10
64.27278720101998
 20
15.75733620971471
 30
0.0
 11
58.38028720068001
 21
15.75733620971471
 31
0.0
  0
INSERT
  5
9BD
330
983
100
AcDbEntity
  8
DIM
 62
     0
370
    -2
100
AcDbBlockReference
  2
_FILLED
 10
37.65278720034002
 20
15.75733620971471
 30
0.0
 41
1.5
 42
1.5
 43
1.5
 50
180.0
  0
INSERT
  5
9BE
330
983
100
AcDbEntity
  8
DIM
 62
     0
370
    -2
100
AcDbBlockReference
  2
_FILLED
 10
65.77278720101998
 20
15.75733620971471
 30
0.0
 41
1.5
 42
1.5
 43
1.5
  0
MTEXT
  5
9BF
330
983
100
AcDbEntity
  8
DIM
 62
     0
100
AcDbMText
 10
51.71278720067999
 20
15.75733620971471
 30
0.0
 40
1.5
 41
0.0
 46
0.0
 71
     5
 72
     1
  1
\A1;VA: 28.12%%p0.10
 73
     1
 44
1.0
1001
ACAD
1000
MTEXTBEGIN
1070
    73
1070
     1
1070
    44
1040
1.0
1070
    74
1070
     0
1000
MTEXTEND
  0
POINT
  5
9C0
330
983
100
AcDbEntity
  8
Defpoints
 62
     0
100
AcDbPoint
 10
37.65278720034002
 20
2.052017537660049
 30
0.0
  0
POINT
  5
9C1
330
983
100
AcDbEntity
  8
Defpoints
 62
     0
100
AcDbPoint
 10
65.77278720101998
 20
2.052017537660049
 30
0.0
  0
POINT
  5
9C2
330
983
100
AcDbEntity
  8
Defpoints
 62
     0
100
AcDbPoint
 10
65.77278720101998
 20
15.75733620971471
 30
0.0
  0
ENDBLK
  5
98F
330
983
100
AcDbEntity
  8
DIM
100
AcDbBlockEnd
  0
BLOCK
  5
9DC
330
9D1
100
AcDbEntity
  8
DIM
100
AcDbBlockBegin
  2
*D5
 70
     1
 10
0.0
 20
0.0
 30
0.0
  3
*D5
  1

  0
LINE
  5
A11
330
9D1
100
AcDbEntity
  8
DIM
 62
     0
370
    -2
100
AcDbLine
 10
31.63778720089999
 20
4.993892538860051
 30
0.0
 11
31.63778720089999
 21
18.8690286425337
 31
0.0
  0
LINE
  5
A12
330
9D1
100
AcDbEntity
  8
DIM
 62
     0
370
    -2
100
AcDbLine
 10
71.78778720046
 20
4.993892538860051
 30
0.0
 11
71.78778720046
 21
18.8690286425337
 31
0.0
  0
LINE
  5
A13
330
9D1
100
AcDbEntity
  8
DIM
 62
     0
370
    -2
100
AcDbLine
 10
33.13778720089999
 20
18.7752786425337
 30
0.0
 11
45.14528720067999
 21
18.7752786425337
 31
0.0
  0
LINE
  5
A14
330
9D1
100
AcDbEntity
  8
DIM
 62
     0
370
    -2
100
AcDbLine
 10
70.28778720046
 20
18.7752786425337
 30
0.0
 11
58.28028720068001
 21
18.7752786425337
 31
0.0
  0
INSERT
  5
A15
330
9D1
100
AcDbEntity
  8
DIM
 62
     0
370
    -2
100
AcDbBlockReference
  2
_FILLED
 10
31.63778720089999
 20
18.7752786425337
 30
0.0
 41
1.5
 42
1.5
 43
1.5
 50
180.0
  0
INSERT
  5
A16
330
9D1
100
AcDbEntity
  8
DIM
 62
     0
370
    -2
100
AcDbBlockReference
  2
_FILLED
 10
71.78778720046
 20
18.7752786425337
 30
0.0
 41
1.5
 42
1.5
 43
1.5
  0
MTEXT
  5
A17
330
9D1
100
AcDbEntity
  8
DIM
 62
     0
100
AcDbMText
 10
51.71278720067999
 20
18.7752786425337
 30
0.0
 40
1.5
 41
0.0
 46
0.0
 71
     5
 72
     1
  1
\A1;OD: 40.15%%p0.05
 73
     1
 44
1.0
1001
ACAD
1000
MTEXTBEGIN
1070
    73
1070
     1
1070
    44
1040
1.0
1070
    74
1070
     0
1000
MTEXTEND
  0
POINT
  5
A18
330
9D1
100
AcDbEntity
  8
Defpoints
 62
     0
100
AcDbPoint
 10
31.63778720089999
 20
4.947017538860051
 30
0.0
  0
POINT
  5
A19
330
9D1
100
AcDbEntity
  8
Defpoints
 62
     0
100
AcDbPoint
 10
71.78778720046
 20
4.947017538860051
 30
0.0
  0
POINT
  5
A1A
330
9D1
100
AcDbEntity
  8
Defpoints
 62
     0
100
AcDbPoint
 10
71.78778720046
 20
18.7752786425337
 30
0.0
  0
ENDBLK
  5
9DD
330
9D1
100
AcDbEntity
  8
DIM
100
AcDbBlockEnd
  0
BLOCK
  5
A29
330
A1E
100
AcDbEntity
  8
DIM
100
AcDbBlockBegin
  2
*D6
 70
     1
 10
0.0
 20
0.0
 30
0.0
  3
*D6
  1

  0
LINE
  5
A35
330
A1E
100
AcDbEntity
  8
DIM
 62
     0
370
    -2
100
AcDbLine
 10
34.71091220168003
 20
8.067017537100014
 30
0.0
 11
21.46344835984002
 21
8.067017537100014
 31
0.0
  0
LINE
  5
A36
330
A1E
100
AcDbEntity
  8
DIM
 62
     0
370
    -2
100
AcDbLine
 10
34.71091220168003
 20
-32.08298246245991
 30
0.0
 11
21.46344835984002
 21
-32.08298246245991
 31
0.0
  0
LINE
  5
A37
330
A1E
100
AcDbEntity
  8
DIM
 62
     0
370
    -2
100
AcDbLine
 10
21.55719835984001
 20
6.567017537100013
 30
0.0
 11
21.55719835984001
 21
-5.440482462679948
 31
0.0
  0
LINE
  5
A38
330
A1E
100
AcDbEntity
  8
DIM
 62
     0
370
    -2
100
AcDbLine
 10
21.55719835984001
 20
-30.58298246245991
 30
0.0
 11
21.55719835984001
 21
-18.57548246267995
 31
0.0
  0
INSERT
  5
A39
330
A1E
100
AcDbEntity
  8
DIM
 62
     0
370
    -2
100
AcDbBlockReference
  2
_FILLED
 10
21.55719835984001
 20
8.067017537100014
 30
0.0
 41
1.5
 42
1.5
 43
1.5
 50
90.0
  0
INSERT
  5
A3A
330
A1E
100
AcDbEntity
  8
DIM
 62
     0
370
    -2
100
AcDbBlockReference
  2
_FILLED
 10
21.55719835984001
 20
-32.08298246245991
 30
0.0
 41
1.5
 42
1.5
 43
1.5
 50
270.0
  0
MTEXT
  5
A3B
330
A1E
100
AcDbEntity
  8
DIM
 62
     0
100
AcDbMText
 10
21.55719835984001
 20
-12.00798246267995
 30
0.0
 40
1.5
 41
0.0
 46
0.0
 71
     5
 72
     1
  1
\A1;OD: 40.15%%p0.05
 11
0.0
 21
1.0
 31
0.0
 73
     1
 44
1.0
1001
ACAD
1000
MTEXTBEGIN
1070
    73
1070
     1
1070
    44
1040
1.0
1070
    74
1070
     0
1000
MTEXTEND
  0
POINT
  5
A3C
330
A1E
100
AcDbEntity
  8
Defpoints
 62
     0
100
AcDbPoint
 10
34.75778720168003
 20
8.067017537100014
 30
0.0
  0
POINT
  5
A3D
330
A1E
100
AcDbEntity
  8
Defpoints
 62
     0
100
AcDbPoint
 10
34.75778720168003
 20
-32.08298246245991
 30
0.0
  0
POINT
  5
A3E
330
A1E
100
AcDbEntity
  8
Defpoints
 62
     0
100
AcDbPoint
 10
21.55719835984001
 20
-32.08298246245991
 30
0.0
  0
ENDBLK
  5
A2A
330
A1E
100
AcDbEntity
  8
DIM
100
AcDbBlockEnd
  0
BLOCK
  5
A4D
330
A42
100
AcDbEntity
  8
DIM
100
AcDbBlockBegin
  2
*D7
 70
     1
 10
0.0
 20
0.0
 30
0.0
  3
*D7
  1

  0
LINE
  5
A4F
330
A42
100
AcDbEntity
  8
DIM
 62
     0
370
    -2
100
AcDbLine
 10
34.46541529997361
 20
10.99201753753401
 30
0.0
 11
17.49697425428526
 21
10.99201753753401
 31
0.0
  0
LINE
  5
A50
330
A42
100
AcDbEntity
  8
DIM
 62
     0
370
    -2
100
AcDbLine
 10
34.46370953702408
 20
-35.0079824555728
 30
0.0
 11
17.49697425428525
 21
-35.0079824555728
 31
0.0
  0
LINE
  5
A51
330
A42
100
AcDbEntity
  8
DIM
 62
     0
370
    -2
100
AcDbLine
 10
17.59072425428526
 20
9.49201753753401
 30
0.0
 11
17.59072425428526
 21
-9.740482459019393
 31
0.0
  0
LINE
  5
A52
330
A42
100
AcDbEntity
  8
DIM
 62
     0
370
    -2
100
AcDbLine
 10
17.59072425428525
 20
-33.5079824555728
 30
0.0
 11
17.59072425428525
 21
-14.27548245901939
 31
0.0
  0
INSERT
  5
A53
330
A42
100
AcDbEntity
  8
DIM
 62
     0
370
    -2
100
AcDbBlockReference
  2
_FILLED
 10
17.59072425428526
 20
10.99201753753401
 30
0.0
 41
1.5
 42
1.5
 43
1.5
 50
90.0
  0
INSERT
  5
A54
330
A42
100
AcDbEntity
  8
DIM
 62
     0
370
    -2
100
AcDbBlockReference
  2
_FILLED
 10
17.59072425428525
 20
-35.0079824555728
 30
0.0
 41
1.5
 42
1.5
 43
1.5
 50
270.0
  0
MTEXT
  5
A55
330
A42
100
AcDbEntity
  8
DIM
 62
     0
100
AcDbMText
 10
17.59072425428525
 20
-12.00798245901939
 30
0.0
 40
1.5
 41
0.0
 46
0.0
 71
     5
 72
     1
  1
\A1;46.00
 11
0.0000000000000001
 21
1.0
 31
0.0
 73
     1
 44
1.0
1001
ACAD
1000
MTEXTBEGIN
1070
    73
1070
     1
1070
    44
1040
1.0
1070
    74
1070
     0
1000
MTEXTEND
  0
POINT
  5
A56
330
A42
100
AcDbEntity
  8
Defpoints
 62
     0
100
AcDbPoint
 10
34.51229029997362
 20
10.99201753753401
 30
0.0
  0
POINT
  5
A57
330
A42
100
AcDbEntity
  8
Defpoints
 62
     0
100
AcDbPoint
 10
34.51058453702407
 20
-35.0079824555728
 30
0.0
  0
POINT
  5
A58
330
A42
100
AcDbEntity
  8
Defpoints
 62
     0
100
AcDbPoint
 10
17.59072425428525
 20
-35.0079824555728
 30
0.0
  0
ENDBLK
  5
A4E
330
A42
100
AcDbEntity
  8
DIM
100
AcDbBlockEnd
  0
BLOCK
  5
A65
330
A5A
100
AcDbEntity
  8
DIM
100
AcDbBlockBegin
  2
*D8
 70
     1
 10
0.0
 20
0.0
 30
0.0
  3
*D8
  1

  0
LINE
  5
A67
330
A5A
100
AcDbEntity
  8
DIM
 62
     0
370
    -2
100
AcDbLine
 10
28.71278720128001
 20
5.123038479589625
 30
0.0
 11
28.71278720128001
 21
22.3745453985446
 31
0.0
  0
LINE
  5
A68
330
A5A
100
AcDbEntity
  8
DIM
 62
     0
370
    -2
100
AcDbLine
 10
74.71278720010186
 20
5.240880053541903
 30
0.0
 11
74.71278720010186
 21
22.3745453985446
 31
0.0
  0
LINE
  5
A69
330
A5A
100
AcDbEntity
  8
DIM
 62
     0
370
    -2
100
AcDbLine
 10
30.21278720128001
 20
22.2807953985446
 30
0.0
 11
49.44528720069093
 21
22.2807953985446
 31
0.0
  0
LINE
  5
A6A
330
A5A
100
AcDbEntity
  8
DIM
 62
     0
370
    -2
100
AcDbLine
 10
73.21278720010186
 20
22.2807953985446
 30
0.0
 11
53.98028720069094
 21
22.2807953985446
 31
0.0
  0
INSERT
  5
A6B
330
A5A
100
AcDbEntity
  8
DIM
 62
     0
370
    -2
100
AcDbBlockReference
  2
_FILLED
 10
28.71278720128001
 20
22.2807953985446
 30
0.0
 41
1.5
 42
1.5
 43
1.5
 50
180.0
  0
INSERT
  5
A6C
330
A5A
100
AcDbEntity
  8
DIM
 62
     0
370
    -2
100
AcDbBlockReference
  2
_FILLED
 10
74.71278720010186
 20
22.2807953985446
 30
0.0
 41
1.5
 42
1.5
 43
1.5
  0
MTEXT
  5
A6D
330
A5A
100
AcDbEntity
  8
DIM
 62
     0
100
AcDbMText
 10
51.71278720069093
 20
22.2807953985446
 30
0.0
 40
1.5
 41
0.0
 46
0.0
 71
     5
 72
     1
  1
\A1;46.00
 73
     1
 44
1.0
1001
ACAD
1000
MTEXTBEGIN
1070
    73
1070
     1
1070
    44
1040
1.0
1070
    74
1070
     0
1000
MTEXTEND
  0
POINT
  5
A6E
330
A5A
100
AcDbEntity
  8
Defpoints
 62
     0
100
AcDbPoint
 10
28.71278720128001
 20
5.076163479589625
 30
0.0
  0
POINT
  5
A6F
330
A5A
100
AcDbEntity
  8
Defpoints
 62
     0
100
AcDbPoint
 10
74.71278720010186
 20
5.194005053541903
 30
0.0
  0
POINT
  5
A70
330
A5A
100
AcDbEntity
  8
Defpoints
 62
     0
100
AcDbPoint
 10
74.71278720010186
 20
22.2807953985446
 30
0.0
  0
ENDBLK
  5
A66
330
A5A
100
AcDbEntity
  8
DIM
100
AcDbBlockEnd
  0
BLOCK
  5
A7D
330
A72
100
AcDbEntity
  8
DIM
100
AcDbBlockBegin
  2
*D9
 70
     1
 10
0.0
 20
0.0
 30
0.0
  3
*D9
  1

  0
LINE
  5
A7F
330
A72
100
AcDbEntity
  8
DIM
 62
     0
370
    -2
100
AcDbLine
 10
65.77278720101998
 20
15.67921120968971
 30
0.0
 11
65.77278720101998
 21
15.85108620971471
 31
0.0
  0
LINE
  5
A80
330
A72
100
AcDbEntity
  8
DIM
 62
     0
370
    -2
100
AcDbLine
 10
71.78778720046
 20
15.67921120968971
 30
0.0
 11
71.78778720046
 21
15.85108620971471
 31
0.0
  0
LINE
  5
A81
330
A72
100
AcDbEntity
  8
DIM
 62
     0
370
    -2
100
AcDbLine
 10
64.27278720101998
 20
15.75733620971471
 30
0.0
 11
62.77278720101997
 21
15.75733620971471
 31
0.0
  0
LINE
  5
A82
330
A72
100
AcDbEntity
  8
DIM
 62
     0
370
    -2
100
AcDbLine
 10
73.28778720046
 20
15.75733620971471
 30
0.0
 11
74.78778720046
 21
15.75733620971471
 31
0.0
  0
INSERT
  5
A83
330
A72
100
AcDbEntity
  8
DIM
 62
     0
370
    -2
100
AcDbBlockReference
  2
_FILLED
 10
65.77278720101998
 20
15.75733620971471
 30
0.0
 41
1.5
 42
1.5
 43
1.5
  0
INSERT
  5
A84
330
A72
100
AcDbEntity
  8
DIM
 62
     0
370
    -2
100
AcDbBlockReference
  2
_FILLED
 10
71.78778720046
 20
15.75733620971471
 30
0.0
 41
1.5
 42
1.5
 43
1.5
 50
180.0
  0
MTEXT
  5
A85
330
A72
100
AcDbEntity
  8
DIM
 62
     0
100
AcDbMText
 10
68.78028720073999
 20
15.75733620971471
 30
0.0
 40
1.5
 41
0.0
 46
0.0
 71
     5
 72
     1
  1
\A1;6.02
 73
     1
 44
1.0
1001
ACAD
1000
MTEXTBEGIN
1070
    73
1070
     1
1070
    44
1040
1.0
1070
    74
1070
     0
1000
MTEXTEND
  0
POINT
  5
A86
330
A72
100
AcDbEntity
  8
Defpoints
 62
     0
100
AcDbPoint
 10
65.77278720101998
 20
15.63233620968971
 30
0.0
  0
POINT
  5
A87
330
A72
100
AcDbEntity
  8
Defpoints
 62
     0
100
AcDbPoint
 10
71.78778720046
 20
15.63233620968971
 30
0.0
  0
POINT
  5
A88
330
A72
100
AcDbEntity
  8
Defpoints
 62
     0
100
AcDbPoint
 10
71.78778720046
 20
15.75733620971471
 30
0.0
  0
ENDBLK
  5
A7E
330
A72
100
AcDbEntity
  8
DIM
100
AcDbBlockEnd
  0
BLOCK
  5
A95
330
A8A
100
AcDbEntity
  8
DIM
100
AcDbBlockBegin
  2
*D10
 70
     1
 10
0.0
 20
0.0
 30
0.0
  3
*D10
  1

  0
LINE
  5
A97
330
A8A
100
AcDbEntity
  8
DIM
 62
     0
370
    -2
100
AcDbLine
 10
71.78778720046
 20
18.8221536425337
 30
0.0
 11
71.78778720046
 21
18.8690286425337
 31
0.0
  0
LINE
  5
A98
330
A8A
100
AcDbEntity
  8
DIM
 62
     0
370
    -2
100
AcDbLine
 10
74.71278720010186
 20
18.8221536425337
 30
0.0
 11
74.71278720010186
 21
18.8690286425337
 31
0.0
  0
LINE
  5
A99
330
A8A
100
AcDbEntity
  8
DIM
 62
     0
370
    -2
100
AcDbLine
 10
76.21278720010185
 20
18.7752786425337
 30
0.0
 11
77.71278720010186
 21
18.7752786425337
 31
0.0
  0
LINE
  5
A9A
330
A8A
100
AcDbEntity
  8
DIM
 62
     0
370
    -2
100
AcDbLine
 10
70.28778720046
 20
18.7752786425337
 30
0.0
 11
68.78778720046
 21
18.7752786425337
 31
0.0
  0
INSERT
  5
A9B
330
A8A
100
AcDbEntity
  8
DIM
 62
     0
370
    -2
100
AcDbBlockReference
  2
_FILLED
 10
71.78778720046
 20
18.7752786425337
 30
0.0
 41
1.5
 42
1.5
 43
1.5
  0
INSERT
  5
A9C
330
A8A
100
AcDbEntity
  8
DIM
 62
     0
370
    -2
100
AcDbBlockReference
  2
_FILLED
 10
74.71278720010186
 20
18.7752786425337
 30
0.0
 41
1.5
 42
1.5
 43
1.5
 50
180.0
  0
MTEXT
  5
A9D
330
A8A
100
AcDbEntity
  8
DIM
 62
     0
100
AcDbMText
 10
79.58028720010185
 20
18.7752786425337
 30
0.0
 40
1.5
 41
0.0
 46
0.0
 71
     5
 72
     1
  1
\A1;2.93
 73
     1
 44
1.0
1001
ACAD
1000
MTEXTBEGIN
1070
    73
1070
     1
1070
    44
1040
1.0
1070
    74
1070
     0
1000
MTEXTEND
  0
POINT
  5
A9E
330
A8A
100
AcDbEntity
  8
Defpoints
 62
     0
100
AcDbPoint
 10
71.78778720046
 20
18.7752786425337
 30
0.0
  0
POINT
  5
A9F
330
A8A
100
AcDbEntity
  8
Defpoints
 62
     0
100
AcDbPoint
 10
74.71278720010186
 20
18.7752786425337
 30
0.0
  0
POINT
  5
AA0
330
A8A
100
AcDbEntity
  8
Defpoints
 62
     0
100
AcDbPoint
 10
74.71278720010186
 20
18.7752786425337
 30
0.0
  0
ENDBLK
  5
A96
330
A8A
100
AcDbEntity
  8
DIM
100
AcDbBlockEnd
  0
BLOCK
  5
AAD
330
AA2
100
AcDbEntity
  8
DIM
100
AcDbBlockBegin
  2
*D11
 70
     1
 10
0.0
 20
0.0
 30
0.0
  3
*D11
  1

  0
LINE
  5
AAF
330
AA2
100
AcDbEntity
  8
DIM
 62
     0
370
    -2
100
AcDbLine
 10
24.81182845666443
 20
2.05201753766005
 30
0.0
 11
24.95245345666443
 21
2.05201753766005
 31
0.0
  0
LINE
  5
AB0
330
AA2
100
AcDbEntity
  8
DIM
 62
     0
370
    -2
100
AcDbLine
 10
24.81182845666443
 20
8.067017537100014
 30
0.0
 11
24.95245345666443
 21
8.067017537100014
 31
0.0
  0
LINE
  5
AB1
330
AA2
100
AcDbEntity
  8
DIM
 62
     0
370
    -2
100
AcDbLine
 10
24.85870345666443
 20
0.5520175376600501
 30
0.0
 11
24.85870345666443
 21
-0.9479824623399499
 31
0.0
  0
LINE
  5
AB2
330
AA2
100
AcDbEntity
  8
DIM
 62
     0
370
    -2
100
AcDbLine
 10
24.85870345666443
 20
9.567017537100014
 30
0.0
 11
24.85870345666443
 21
11.06701753710001
 31
0.0
  0
INSERT
  5
AB3
330
AA2
100
AcDbEntity
  8
DIM
 62
     0
370
    -2
100
AcDbBlockReference
  2
_FILLED
 10
24.85870345666443
 20
2.05201753766005
 30
0.0
 41
1.5
 42
1.5
 43
1.5
 50
90.0
  0
INSERT
  5
AB4
330
AA2
100
AcDbEntity
  8
DIM
 62
     0
370
    -2
100
AcDbBlockReference
  2
_FILLED
 10
24.85870345666443
 20
8.067017537100014
 30
0.0
 41
1.5
 42
1.5
 43
1.5
 50
270.0
  0
MTEXT
  5
AB5
330
AA2
100
AcDbEntity
  8
DIM
 62
     0
100
AcDbMText
 10
24.85870345666443
 20
5.059517537380031
 30
0.0
 40
1.5
 41
0.0
 46
0.0
 71
     5
 72
     1
  1
\A1;6.02
 11
0.0
 21
1.0
 31
0.0
 73
     1
 44
1.0
1001
ACAD
1000
MTEXTBEGIN
1070
    73
1070
     1
1070
    44
1040
1.0
1070
    74
1070
     0
1000
MTEXTEND
  0
POINT
  5
AB6
330
AA2
100
AcDbEntity
  8
Defpoints
 62
     0
100
AcDbPoint
 10
24.76495345666443
 20
2.05201753766005
 30
0.0
  0
POINT
  5
AB7
330
AA2
100
AcDbEntity
  8
Defpoints
 62
     0
100
AcDbPoint
 10
24.76495345666443
 20
8.067017537100014
 30
0.0
  0
POINT
  5
AB8
330
AA2
100
AcDbEntity
  8
Defpoints
 62
     0
100
AcDbPoint
 10
24.85870345666443
 20
8.067017537100014
 30
0.0
  0
ENDBLK
  5
AAE
330
AA2
100
AcDbEntity
  8
DIM
100
AcDbBlockEnd
  0
BLOCK
  5
AC7
330
ABE
100
AcDbEntity
  8
DIM
100
AcDbBlockBegin
  2
*D12
 70
     1
 10
0.0
 20
0.0
 30
0.0
  3
*D12
  1

  0
LINE
  5
AD9
330
ABE
100
AcDbEntity
  8
DIM
 62
     0
370
    -2
100
AcDbLine
 10
77.64333857977715
 20
-35.42415100191349
 30
0.0
 11
76.14333857977715
 21
-35.42415100191349
 31
0.0
  0
LINE
  5
ADA
330
ABE
100
AcDbEntity
  8
DIM
 62
     0
370
    -2
100
AcDbLine
 10
76.14333857977715
 20
-35.42415100191349
 30
0.0
 11
74.44916435984874
 21
-33.9677470161555
 31
0.0
  0
MTEXT
  5
ADB
330
ABE
100
AcDbEntity
  8
DIM
 62
     0
100
AcDbMText
 10
81.21083857977714
 20
-35.42415100191349
 30
0.0
 40
1.5
 41
0.0
 46
0.0
 71
     5
 72
     1
  1
\A1;4*R5.80
 73
     1
 44
1.0
1001
ACAD
1000
MTEXTBEGIN
1070
    73
1070
     1
1070
    44
1040
1.0
1070
    74
1070
     0
1000
MTEXTEND
  0
INSERT
  5
ADC
330
ABE
100
AcDbEntity
  8
DIM
 62
     0
370
    -2
100
AcDbBlockReference
  2
_FILLED
 10
73.31169213545646
 20
-32.98991423968701
 30
0.0
 41
1.5
 42
1.5
 43
1.5
 50
139.3158601987636
  0
LINE
  5
ADD
330
ABE
100
AcDbEntity
  8
DIM
 62
     0
370
    -2
100
AcDbLine
 10
68.76709646138609
 20
-29.21079212451274
 30
0.0
 11
69.06409646138609
 21
-29.21079212451274
 31
0.0
  0
LINE
  5
ADE
330
ABE
100
AcDbEntity
  8
DIM
 62
     0
370
    -2
100
AcDbLine
 10
68.91559646138609
 20
-29.35929212451274
 30
0.0
 11
68.91559646138609
 21
-29.06229212451274
 31
0.0
  0
POINT
  5
ADF
330
ABE
100
AcDbEntity
  8
Defpoints
 62
     0
100
AcDbPoint
 10
73.31169213545646
 20
-32.98991423968701
 30
0.0
  0
POINT
  5
AE0
330
ABE
100
AcDbEntity
  8
Defpoints
 62
     0
100
AcDbPoint
 10
68.91559646138609
 20
-29.21079212451274
 30
0.0
  0
ENDBLK
  5
AC8
330
ABE
100
AcDbEntity
  8
DIM
100
AcDbBlockEnd
  0
BLOCK
  5
AEF
330
AE4
100
AcDbEntity
  8
DIM
100
AcDbBlockBegin
  2
*D13
 70
     1
 10
0.0
 20
0.0
 30
0.0
  3
*D13
  1

  0
LINE
  5
BD5
330
AE4
100
AcDbEntity
  8
DIM
 62
     0
370
    -2
100
AcDbLine
 10
29.2968418081
 20
32.73265811937287
 30
0.0
 11
25.11496484812452
 21
32.73265811937287
 31
0.0
  0
LINE
  5
BD6
330
AE4
100
AcDbEntity
  8
DIM
 62
     0
370
    -2
100
AcDbLine
 10
41.66591220072001
 20
42.33265811923287
 30
0.0
 11
25.11496484812452
 21
42.33265811923287
 31
0.0
  0
LINE
  5
BD7
330
AE4
100
AcDbEntity
  8
DIM
 62
     0
370
    -2
100
AcDbLine
 10
25.20871484812452
 20
34.23265811937287
 30
0.0
 11
25.20871484812452
 21
35.76515811930288
 31
0.0
  0
LINE
  5
BD8
330
AE4
100
AcDbEntity
  8
DIM
 62
     0
370
    -2
100
AcDbLine
 10
25.20871484812452
 20
40.83265811923289
 30
0.0
 11
25.20871484812452
 21
39.30015811930289
 31
0.0
  0
INSERT
  5
BD9
330
AE4
100
AcDbEntity
  8
DIM
 62
     0
370
    -2
100
AcDbBlockReference
  2
_FILLED
 10
25.20871484812452
 20
32.73265811937287
 30
0.0
 41
1.5
 42
1.5
 43
1.5
 50
270.0
  0
INSERT
  5
BDA
330
AE4
100
AcDbEntity
  8
DIM
 62
     0
370
    -2
100
AcDbBlockReference
  2
_FILLED
 10
25.20871484812452
 20
42.33265811923287
 30
0.0
 41
1.5
 42
1.5
 43
1.5
 50
90.0
  0
MTEXT
  5
BDB
330
AE4
100
AcDbEntity
  8
DIM
 62
     0
100
AcDbMText
 10
25.20871484812452
 20
37.53265811930288
 30
0.0
 40
1.5
 41
0.0
 46
0.0
 71
     5
 72
     1
  1
\A1;9.60
 11
0.0
 21
1.0
 31
0.0
 73
     1
 44
1.0
1001
ACAD
1000
MTEXTBEGIN
1070
    73
1070
     1
1070
    44
1040
1.0
1070
    74
1070
     0
1000
MTEXTEND
  0
POINT
  5
BDC
330
AE4
100
AcDbEntity
  8
Defpoints
 62
     0
100
AcDbPoint
 10
29.3437168081
 20
32.73265811937287
 30
0.0
  0
POINT
  5
BDD
330
AE4
100
AcDbEntity
  8
Defpoints
 62
     0
100
AcDbPoint
 10
41.71278720072002
 20
42.33265811923287
 30
0.0
  0
POINT
  5
BDE
330
AE4
100
AcDbEntity
  8
Defpoints
 62
     0
100
AcDbPoint
 10
25.20871484812452
 20
42.33265811923287
 30
0.0
  0
ENDBLK
  5
AF0
330
AE4
100
AcDbEntity
  8
DIM
100
AcDbBlockEnd
  0
BLOCK
  5
B09
330
AFE
100
AcDbEntity
  8
DIM
100
AcDbBlockBegin
  2
*D14
 70
     1
 10
0.0
 20
0.0
 30
0.0
  3
*D14
  1

  0
LINE
  5
BDF
330
AFE
100
AcDbEntity
  8
DIM
 62
     0
370
    -2
100
AcDbLine
 10
29.2968418081
 20
32.73265811937287
 30
0.0
 11
21.79781021588878
 21
32.73265811937287
 31
0.0
  0
LINE
  5
BE0
330
AFE
100
AcDbEntity
  8
DIM
 62
     0
370
    -2
100
AcDbLine
 10
29.63524597253999
 20
55.23265812055289
 30
0.0
 11
21.79781021588878
 21
55.23265812055289
 31
0.0
  0
LINE
  5
BE1
330
AFE
100
AcDbEntity
  8
DIM
 62
     0
370
    -2
100
AcDbLine
 10
21.89156021588878
 20
34.23265811937287
 30
0.0
 11
21.89156021588878
 21
41.61515811996287
 31
0.0
  0
LINE
  5
BE2
330
AFE
100
AcDbEntity
  8
DIM
 62
     0
370
    -2
100
AcDbLine
 10
21.89156021588878
 20
53.73265812055289
 30
0.0
 11
21.89156021588878
 21
46.35015811996288
 31
0.0
  0
INSERT
  5
BE3
330
AFE
100
AcDbEntity
  8
DIM
 62
     0
370
    -2
100
AcDbBlockReference
  2
_FILLED
 10
21.89156021588878
 20
32.73265811937287
 30
0.0
 41
1.5
 42
1.5
 43
1.5
 50
270.0
  0
INSERT
  5
BE4
330
AFE
100
AcDbEntity
  8
DIM
 62
     0
370
    -2
100
AcDbBlockReference
  2
_FILLED
 10
21.89156021588878
 20
55.23265812055289
 30
0.0
 41
1.5
 42
1.5
 43
1.5
 50
90.0
  0
MTEXT
  5
BE5
330
AFE
100
AcDbEntity
  8
DIM
 62
     0
100
AcDbMText
 10
21.89156021588878
 20
43.98265811996288
 30
0.0
 40
1.5
 41
0.0
 46
0.0
 71
     5
 72
     1
  1
\A1;22.50
 11
0.0
 21
1.0
 31
0.0
 73
     1
 44
1.0
1001
ACAD
1000
MTEXTBEGIN
1070
    73
1070
     1
1070
    44
1040
1.0
1070
    74
1070
     0
1000
MTEXTEND
  0
POINT
  5
BE6
330
AFE
100
AcDbEntity
  8
Defpoints
 62
     0
100
AcDbPoint
 10
29.3437168081
 20
32.73265811937287
 30
0.0
  0
POINT
  5
BE7
330
AFE
100
AcDbEntity
  8
Defpoints
 62
     0
100
AcDbPoint
 10
29.68212097253999
 20
55.23265812055289
 30
0.0
  0
POINT
  5
BE8
330
AFE
100
AcDbEntity
  8
Defpoints
 62
     0
100
AcDbPoint
 10
21.89156021588878
 20
55.23265812055289
 30
0.0
  0
ENDBLK
  5
B0A
330
AFE
100
AcDbEntity
  8
DIM
100
AcDbBlockEnd
  0
BLOCK
  5
B23
330
B18
100
AcDbEntity
  8
DIM
100
AcDbBlockBegin
  2
*D15
 70
     1
 10
0.0
 20
0.0
 30
0.0
  3
*D15
  1

  0
LINE
  5
BE9
330
B18
100
AcDbEntity
  8
DIM
 62
     0
370
    -2
100
AcDbLine
 10
41.71278720072002
 20
42.2884115798129
 30
0.0
 11
41.71278720072002
 21
30.53113136258553
 31
0.0
  0
LINE
  5
BEA
330
B18
100
AcDbEntity
  8
DIM
 62
     0
370
    -2
100
AcDbLine
 10
51.71278720068002
 20
42.28578311923288
 30
0.0
 11
51.71278720068002
 21
30.53113136258553
 31
0.0
  0
LINE
  5
BEB
330
B18
100
AcDbEntity
  8
DIM
 62
     0
370
    -2
100
AcDbLine
 10
43.21278720072
 20
30.62488136258553
 30
0.0
 11
44.74528720070003
 21
30.62488136258553
 31
0.0
  0
LINE
  5
BEC
330
B18
100
AcDbEntity
  8
DIM
 62
     0
370
    -2
100
AcDbLine
 10
50.21278720068003
 20
30.62488136258553
 30
0.0
 11
48.68028720070003
 21
30.62488136258553
 31
0.0
  0
INSERT
  5
BED
330
B18
100
AcDbEntity
  8
DIM
 62
     0
370
    -2
100
AcDbBlockReference
  2
_FILLED
 10
41.71278720072002
 20
30.62488136258553
 30
0.0
 41
1.5
 42
1.5
 43
1.5
 50
180.0
  0
INSERT
  5
BEE
330
B18
100
AcDbEntity
  8
DIM
 62
     0
370
    -2
100
AcDbBlockReference
  2
_FILLED
 10
51.71278720068002
 20
30.62488136258553
 30
0.0
 41
1.5
 42
1.5
 43
1.5
  0
MTEXT
  5
BEF
330
B18
100
AcDbEntity
  8
DIM
 62
     0
100
AcDbMText
 10
46.71278720070001
 20
30.62488136258553
 30
0.0
 40
1.5
 41
0.0
 46
0.0
 71
     5
 72
     1
  1
\A1;10.00
 73
     1
 44
1.0
1001
ACAD
1000
MTEXTBEGIN
1070
    73
1070
     1
1070
    44
1040
1.0
1070
    74
1070
     0
1000
MTEXTEND
  0
POINT
  5
BF0
330
B18
100
AcDbEntity
  8
Defpoints
 62
     0
100
AcDbPoint
 10
41.71278720072002
 20
42.3352865798129
 30
0.0
  0
POINT
  5
BF1
330
B18
100
AcDbEntity
  8
Defpoints
 62
     0
100
AcDbPoint
 10
51.71278720068002
 20
42.33265811923287
 30
0.0
  0
POINT
  5
BF2
330
B18
100
AcDbEntity
  8
Defpoints
 62
     0
100
AcDbPoint
 10
51.71278720068002
 20
30.62488136258553
 30
0.0
  0
ENDBLK
  5
B24
330
B18
100
AcDbEntity
  8
DIM
100
AcDbBlockEnd
  0
BLOCK
  5
B3D
330
B32
100
AcDbEntity
  8
DIM
100
AcDbBlockBegin
  2
*D16
 70
     1
 10
0.0
 20
0.0
 30
0.0
  3
*D16
  1

  0
LINE
  5
BF3
330
B32
100
AcDbEntity
  8
DIM
 62
     0
370
    -2
100
AcDbLine
 10
51.71278720068002
 20
42.2884115798129
 30
0.0
 11
51.71278720068002
 21
30.53113136258553
 31
0.0
  0
LINE
  5
BF4
330
B32
100
AcDbEntity
  8
DIM
 62
     0
370
    -2
100
AcDbLine
 10
61.71278720064001
 20
42.28578311923288
 30
0.0
 11
61.71278720064001
 21
30.53113136258553
 31
0.0
  0
LINE
  5
BF5
330
B32
100
AcDbEntity
  8
DIM
 62
     0
370
    -2
100
AcDbLine
 10
53.21278720068002
 20
30.62488136258553
 30
0.0
 11
54.74528720066
 21
30.62488136258553
 31
0.0
  0
LINE
  5
BF6
330
B32
100
AcDbEntity
  8
DIM
 62
     0
370
    -2
100
AcDbLine
 10
60.21278720064
 20
30.62488136258553
 30
0.0
 11
58.68028720066002
 21
30.62488136258553
 31
0.0
  0
INSERT
  5
BF7
330
B32
100
AcDbEntity
  8
DIM
 62
     0
370
    -2
100
AcDbBlockReference
  2
_FILLED
 10
51.71278720068002
 20
30.62488136258553
 30
0.0
 41
1.5
 42
1.5
 43
1.5
 50
180.0
  0
INSERT
  5
BF8
330
B32
100
AcDbEntity
  8
DIM
 62
     0
370
    -2
100
AcDbBlockReference
  2
_FILLED
 10
61.71278720064001
 20
30.62488136258553
 30
0.0
 41
1.5
 42
1.5
 43
1.5
  0
MTEXT
  5
BF9
330
B32
100
AcDbEntity
  8
DIM
 62
     0
100
AcDbMText
 10
56.71278720066002
 20
30.62488136258553
 30
0.0
 40
1.5
 41
0.0
 46
0.0
 71
     5
 72
     1
  1
\A1;10.00
 73
     1
 44
1.0
1001
ACAD
1000
MTEXTBEGIN
1070
    73
1070
     1
1070
    44
1040
1.0
1070
    74
1070
     0
1000
MTEXTEND
  0
POINT
  5
BFA
330
B32
100
AcDbEntity
  8
Defpoints
 62
     0
100
AcDbPoint
 10
51.71278720068002
 20
42.3352865798129
 30
0.0
  0
POINT
  5
BFB
330
B32
100
AcDbEntity
  8
Defpoints
 62
     0
100
AcDbPoint
 10
61.71278720064001
 20
42.33265811923287
 30
0.0
  0
POINT
  5
BFC
330
B32
100
AcDbEntity
  8
Defpoints
 62
     0
100
AcDbPoint
 10
61.71278720064001
 20
30.62488136258553
 30
0.0
  0
ENDBLK
  5
B3E
330
B32
100
AcDbEntity
  8
DIM
100
AcDbBlockEnd
  0
BLOCK
  5
B57
330
B4C
100
AcDbEntity
  8
DIM
100
AcDbBlockBegin
  2
*D17
 70
     1
 10
0.0
 20
0.0
 30
0.0
  3
*D17
  1

  0
LINE
  5
B59
330
B4C
100
AcDbEntity
  8
DIM
 62
     0
370
    -2
100
AcDbLine
 10
141.63312359028
 20
5.038892537760034
 30
0.0
 11
141.63312359028
 21
15.94177014252524
 31
0.0
  0
LINE
  5
B5A
330
B4C
100
AcDbEntity
  8
DIM
 62
     0
370
    -2
100
AcDbLine
 10
178.63312359064
 20
5.038892537760034
 30
0.0
 11
178.63312359064
 21
15.94177014252524
 31
0.0
  0
LINE
  5
B5B
330
B4C
100
AcDbEntity
  8
DIM
 62
     0
370
    -2
100
AcDbLine
 10
143.13312359028
 20
15.84802014252524
 30
0.0
 11
157.86562359046
 21
15.84802014252524
 31
0.0
  0
LINE
  5
B5C
330
B4C
100
AcDbEntity
  8
DIM
 62
     0
370
    -2
100
AcDbLine
 10
177.13312359064
 20
15.84802014252524
 30
0.0
 11
162.40062359046
 21
15.84802014252524
 31
0.0
  0
INSERT
  5
B5D
330
B4C
100
AcDbEntity
  8
DIM
 62
     0
370
    -2
100
AcDbBlockReference
  2
_FILLED
 10
141.63312359028
 20
15.84802014252524
 30
0.0
 41
1.5
 42
1.5
 43
1.5
 50
180.0
  0
INSERT
  5
B5E
330
B4C
100
AcDbEntity
  8
DIM
 62
     0
370
    -2
100
AcDbBlockReference
  2
_FILLED
 10
178.63312359064
 20
15.84802014252524
 30
0.0
 41
1.5
 42
1.5
 43
1.5
  0
MTEXT
  5
B5F
330
B4C
100
AcDbEntity
  8
DIM
 62
     0
100
AcDbMText
 10
160.13312359046
 20
15.84802014252524
 30
0.0
 40
1.5
 41
0.0
 46
0.0
 71
     5
 72
     1
  1
\A1;37.00
 73
     1
 44
1.0
1001
ACAD
1000
MTEXTBEGIN
1070
    73
1070
     1
1070
    44
1040
1.0
1070
    74
1070
     0
1000
MTEXTEND
  0
POINT
  5
B60
330
B4C
100
AcDbEntity
  8
Defpoints
 62
     0
100
AcDbPoint
 10
141.63312359028
 20
4.992017537760034
 30
0.0
  0
POINT
  5
B61
330
B4C
100
AcDbEntity
  8
Defpoints
 62
     0
100
AcDbPoint
 10
178.63312359064
 20
4.992017537760034
 30
0.0
  0
POINT
  5
B62
330
B4C
100
AcDbEntity
  8
Defpoints
 62
     0
100
AcDbPoint
 10
178.63312359064
 20
15.84802014252524
 30
0.0
  0
ENDBLK
  5
B58
330
B4C
100
AcDbEntity
  8
DIM
100
AcDbBlockEnd
  0
BLOCK
  5
B71
330
B66
100
AcDbEntity
  8
DIM
100
AcDbBlockBegin
  2
*D18
 70
     1
 10
0.0
 20
0.0
 30
0.0
  3
*D18
  1

  0
LINE
  5
B73
330
B66
100
AcDbEntity
  8
DIM
 62
     0
370
    -2
100
AcDbLine
 10
141.58624859028
 20
4.992017537760034
 30
0.0
 11
133.2889182723393
 21
4.992017537760035
 31
0.0
  0
LINE
  5
B74
330
B66
100
AcDbEntity
  8
DIM
 62
     0
370
    -2
100
AcDbLine
 10
141.58624859028
 20
-29.00798246057997
 30
0.0
 11
133.2889182723393
 21
-29.00798246057997
 31
0.0
  0
LINE
  5
B75
330
B66
100
AcDbEntity
  8
DIM
 62
     0
370
    -2
100
AcDbLine
 10
133.3826682723393
 20
3.492017537760035
 30
0.0
 11
133.3826682723393
 21
-9.740482461409982
 31
0.0
  0
LINE
  5
B76
330
B66
100
AcDbEntity
  8
DIM
 62
     0
370
    -2
100
AcDbLine
 10
133.3826682723393
 20
-27.50798246057997
 30
0.0
 11
133.3826682723393
 21
-14.27548246140995
 31
0.0
  0
INSERT
  5
B77
330
B66
100
AcDbEntity
  8
DIM
 62
     0
370
    -2
100
AcDbBlockReference
  2
_FILLED
 10
133.3826682723393
 20
4.992017537760035
 30
0.0
 41
1.5
 42
1.5
 43
1.5
 50
90.0
  0
INSERT
  5
B78
330
B66
100
AcDbEntity
  8
DIM
 62
     0
370
    -2
100
AcDbBlockReference
  2
_FILLED
 10
133.3826682723393
 20
-29.00798246057997
 30
0.0
 41
1.5
 42
1.5
 43
1.5
 50
270.0
  0
MTEXT
  5
B79
330
B66
100
AcDbEntity
  8
DIM
 62
     0
100
AcDbMText
 10
133.3826682723393
 20
-12.00798246140996
 30
0.0
 40
1.5
 41
0.0
 46
0.0
 71
     5
 72
     1
  1
\A1;34.00
 11
0.0
 21
1.0
 31
0.0
 73
     1
 44
1.0
1001
ACAD
1000
MTEXTBEGIN
1070
    73
1070
     1
1070
    44
1040
1.0
1070
    74
1070
     0
1000
MTEXTEND
  0
POINT
  5
B7A
330
B66
100
AcDbEntity
  8
Defpoints
 62
     0
100
AcDbPoint
 10
141.63312359028
 20
4.992017537760034
 30
0.0
  0
POINT
  5
B7B
330
B66
100
AcDbEntity
  8
Defpoints
 62
     0
100
AcDbPoint
 10
141.63312359028
 20
-29.00798246057997
 30
0.0
  0
POINT
  5
B7C
330
B66
100
AcDbEntity
  8
Defpoints
 62
     0
100
AcDbPoint
 10
133.3826682723393
 20
-29.00798246057997
 30
0.0
  0
ENDBLK
  5
B72
330
B66
100
AcDbEntity
  8
DIM
100
AcDbBlockEnd
  0
BLOCK
  5
B8B
330
B80
100
AcDbEntity
  8
DIM
100
AcDbBlockBegin
  2
*D19
 70
     1
 10
0.0
 20
0.0
 30
0.0
  3
*D19
  1

  0
LINE
  5
B8D
330
B80
100
AcDbEntity
  8
DIM
 62
     0
370
    -2
100
AcDbLine
 10
141.58624859028
 20
4.992017537760034
 30
0.0
 11
133.2889182723393
 21
4.992017537760035
 31
0.0
  0
LINE
  5
B8E
330
B80
100
AcDbEntity
  8
DIM
 62
     0
370
    -2
100
AcDbLine
 10
142.8857516922936
 20
10.99201753753401
 30
0.0
 11
133.2889182723393
 21
10.99201753753401
 31
0.0
  0
LINE
  5
B8F
330
B80
100
AcDbEntity
  8
DIM
 62
     0
370
    -2
100
AcDbLine
 10
133.3826682723393
 20
3.492017537760035
 30
0.0
 11
133.3826682723393
 21
1.992017537760034
 31
0.0
  0
LINE
  5
B90
330
B80
100
AcDbEntity
  8
DIM
 62
     0
370
    -2
100
AcDbLine
 10
133.3826682723393
 20
12.49201753753401
 30
0.0
 11
133.3826682723393
 21
13.99201753753401
 31
0.0
  0
INSERT
  5
B91
330
B80
100
AcDbEntity
  8
DIM
 62
     0
370
    -2
100
AcDbBlockReference
  2
_FILLED
 10
133.3826682723393
 20
4.992017537760035
 30
0.0
 41
1.5
 42
1.5
 43
1.5
 50
90.0
  0
INSERT
  5
B92
330
B80
100
AcDbEntity
  8
DIM
 62
     0
370
    -2
100
AcDbBlockReference
  2
_FILLED
 10
133.3826682723393
 20
10.99201753753401
 30
0.0
 41
1.5
 42
1.5
 43
1.5
 50
270.0
  0
MTEXT
  5
B93
330
B80
100
AcDbEntity
  8
DIM
 62
     0
100
AcDbMText
 10
133.3826682723393
 20
7.992017537647021
 30
0.0
 40
1.5
 41
0.0
 46
0.0
 71
     5
 72
     1
  1
\A1;6.00
 11
0.0
 21
1.0
 31
0.0
 73
     1
 44
1.0
1001
ACAD
1000
MTEXTBEGIN
1070
    73
1070
     1
1070
    44
1040
1.0
1070
    74
1070
     0
1000
MTEXTEND
  0
POINT
  5
B94
330
B80
100
AcDbEntity
  8
Defpoints
 62
     0
100
AcDbPoint
 10
141.63312359028
 20
4.992017537760034
 30
0.0
  0
POINT
  5
B95
330
B80
100
AcDbEntity
  8
Defpoints
 62
     0
100
AcDbPoint
 10
142.9326266922936
 20
10.99201753753401
 30
0.0
  0
POINT
  5
B96
330
B80
100
AcDbEntity
  8
Defpoints
 62
     0
100
AcDbPoint
 10
133.3826682723393
 20
10.99201753753401
 30
0.0
  0
ENDBLK
  5
B8C
330
B80
100
AcDbEntity
  8
DIM
100
AcDbBlockEnd
  0
BLOCK
  5
BA5
330
B9A
100
AcDbEntity
  8
DIM
100
AcDbBlockBegin
  2
*D20
 70
     1
 10
0.0
 20
0.0
 30
0.0
  3
*D20
  1

  0
LINE
  5
BA7
330
B9A
100
AcDbEntity
  8
DIM
 62
     0
370
    -2
100
AcDbLine
 10
178.63312359064
 20
5.038892537760035
 30
0.0
 11
178.63312359064
 21
15.94177014252524
 31
0.0
  0
LINE
  5
BA8
330
B9A
100
AcDbEntity
  8
DIM
 62
     0
370
    -2
100
AcDbLine
 10
183.133123590674
 20
5.239389438547269
 30
0.0
 11
183.133123590674
 21
15.94177014252524
 31
0.0
  0
LINE
  5
BA9
330
B9A
100
AcDbEntity
  8
DIM
 62
     0
370
    -2
100
AcDbLine
 10
177.13312359064
 20
15.84802014252524
 30
0.0
 11
175.63312359064
 21
15.84802014252524
 31
0.0
  0
LINE
  5
BAA
330
B9A
100
AcDbEntity
  8
DIM
 62
     0
370
    -2
100
AcDbLine
 10
184.633123590674
 20
15.84802014252524
 30
0.0
 11
186.133123590674
 21
15.84802014252524
 31
0.0
  0
INSERT
  5
BAB
330
B9A
100
AcDbEntity
  8
DIM
 62
     0
370
    -2
100
AcDbBlockReference
  2
_FILLED
 10
178.63312359064
 20
15.84802014252524
 30
0.0
 41
1.5
 42
1.5
 43
1.5
  0
INSERT
  5
BAC
330
B9A
100
AcDbEntity
  8
DIM
 62
     0
370
    -2
100
AcDbBlockReference
  2
_FILLED
 10
183.133123590674
 20
15.84802014252524
 30
0.0
 41
1.5
 42
1.5
 43
1.5
 50
180.0
  0
MTEXT
  5
BAD
330
B9A
100
AcDbEntity
  8
DIM
 62
     0
100
AcDbMText
 10
180.883123590657
 20
15.84802014252524
 30
0.0
 40
1.5
 41
0.0
 46
0.0
 71
     5
 72
     1
  1
\A1;4.50
 73
     1
 44
1.0
1001
ACAD
1000
MTEXTBEGIN
1070
    73
1070
     1
1070
    44
1040
1.0
1070
    74
1070
     0
1000
MTEXTEND
  0
POINT
  5
BAE
330
B9A
100
AcDbEntity
  8
Defpoints
 62
     0
100
AcDbPoint
 10
178.63312359064
 20
4.992017537760035
 30
0.0
  0
POINT
  5
BAF
330
B9A
100
AcDbEntity
  8
Defpoints
 62
     0
100
AcDbPoint
 10
183.133123590674
 20
5.192514438547269
 30
0.0
  0
POINT
  5
BB0
330
B9A
100
AcDbEntity
  8
Defpoints
 62
     0
100
AcDbPoint
 10
183.133123590674
 20
15.84802014252524
 30
0.0
  0
ENDBLK
  5
BA6
330
B9A
100
AcDbEntity
  8
DIM
100
AcDbBlockEnd
  0
BLOCK
  5
BBF
330
BB4
100
AcDbEntity
  8
DIM
100
AcDbBlockBegin
  2
*D21
 70
     1
 10
0.0
 20
0.0
 30
0.0
  3
*D21
  1

  0
LINE
  5
BCB
330
BB4
100
AcDbEntity
  8
DIM
 62
     0
370
    -2
100
AcDbLine
 10
46.64981371118
 20
-58.07501218517996
 30
0.0
 11
24.85115218058138
 21
-58.07501218517996
 31
0.0
  0
LINE
  5
BCC
330
BB4
100
AcDbEntity
  8
DIM
 62
     0
370
    -2
100
AcDbLine
 10
29.2968418081
 20
-49.45113637479995
 30
0.0
 11
24.85115218058138
 21
-49.45113637479995
 31
0.0
  0
LINE
  5
BCD
330
BB4
100
AcDbEntity
  8
DIM
 62
     0
370
    -2
100
AcDbLine
 10
24.94490218058138
 20
-56.57501218517996
 30
0.0
 11
24.94490218058138
 21
-55.03057427998996
 31
0.0
  0
LINE
  5
BCE
330
BB4
100
AcDbEntity
  8
DIM
 62
     0
370
    -2
100
AcDbLine
 10
24.94490218058138
 20
-50.95113637479993
 30
0.0
 11
24.94490218058138
 21
-52.49557427998996
 31
0.0
  0
INSERT
  5
BCF
330
BB4
100
AcDbEntity
  8
DIM
 62
     0
370
    -2
100
AcDbBlockReference
  2
_FILLED
 10
24.94490218058138
 20
-58.07501218517996
 30
0.0
 41
1.5
 42
1.5
 43
1.5
 50
270.0
  0
INSERT
  5
BD0
330
BB4
100
AcDbEntity
  8
DIM
 62
     0
370
    -2
100
AcDbBlockReference
  2
_FILLED
 10
24.94490218058138
 20
-49.45113637479995
 30
0.0
 41
1.5
 42
1.5
 43
1.5
 50
90.0
  0
MTEXT
  5
BD1
330
BB4
100
AcDbEntity
  8
DIM
 62
     0
100
AcDbMText
 10
24.94490218058138
 20
-53.76307427998995
 30
0.0
 40
1.5
 41
0.0
 46
0.0
 71
     5
 72
     1
  1
\A1;8.6
 11
0.0
 21
1.0
 31
0.0
 73
     1
 44
1.0
1001
ACAD
1000
MTEXTBEGIN
1070
    73
1070
     1
1070
    44
1040
1.0
1070
    74
1070
     0
1000
MTEXTEND
  0
POINT
  5
BD2
330
BB4
100
AcDbEntity
  8
Defpoints
 62
     0
100
AcDbPoint
 10
46.69668871118
 20
-58.07501218517996
 30
0.0
  0
POINT
  5
BD3
330
BB4
100
AcDbEntity
  8
Defpoints
 62
     0
100
AcDbPoint
 10
29.3437168081
 20
-49.45113637479995
 30
0.0
  0
POINT
  5
BD4
330
BB4
100
AcDbEntity
  8
Defpoints
 62
     0
100
AcDbPoint
 10
24.94490218058138
 20
-49.45113637479995
 30
0.0
  0
ENDBLK
  5
BC0
330
BB4
100
AcDbEntity
  8
DIM
100
AcDbBlockEnd
  0
BLOCK
  5
C0B
330
C00
100
AcDbEntity
  8
DIM
100
AcDbBlockBegin
  2
*D22
 70
     1
 10
0.0
 20
0.0
 30
0.0
  3
*D22
  1

  0
LINE
  5
C0D
330
C00
100
AcDbEntity
  8
DIM
 62
     0
370
    -2
100
AcDbLine
 10
-0.0323566075299908
 20
-4.915008974259933
 30
0.0
 11
-0.0323566075299908
 21
14.91652827387203
 31
0.0
  0
LINE
  5
C0E
330
C00
100
AcDbEntity
  8
DIM
 62
     0
370
    -2
100
AcDbLine
 10
8.271519201500012
 20
-4.915008974259933
 30
0.0
 11
8.271519201500012
 21
14.91652827387203
 31
0.0
  0
LINE
  5
C0F
330
C00
100
AcDbEntity
  8
DIM
 62
     0
370
    -2
100
AcDbLine
 10
1.467643392470009
 20
14.82277827387203
 30
0.0
 11
2.35208129698501
 21
14.82277827387203
 31
0.0
  0
LINE
  5
C10
330
C00
100
AcDbEntity
  8
DIM
 62
     0
370
    -2
100
AcDbLine
 10
6.771519201500012
 20
14.82277827387203
 30
0.0
 11
5.887081296985011
 21
14.82277827387203
 31
0.0
  0
INSERT
  5
C11
330
C00
100
AcDbEntity
  8
DIM
 62
     0
370
    -2
100
AcDbBlockReference
  2
_FILLED
 10
-0.0323566075299908
 20
14.82277827387203
 30
0.0
 41
1.5
 42
1.5
 43
1.5
 50
180.0
  0
INSERT
  5
C12
330
C00
100
AcDbEntity
  8
DIM
 62
     0
370
    -2
100
AcDbBlockReference
  2
_FILLED
 10
8.271519201500012
 20
14.82277827387203
 30
0.0
 41
1.5
 42
1.5
 43
1.5
  0
MTEXT
  5
C13
330
C00
100
AcDbEntity
  8
DIM
 62
     0
100
AcDbMText
 10
4.11958129698501
 20
14.82277827387203
 30
0.0
 40
1.5
 41
0.0
 46
0.0
 71
     5
 72
     1
  1
\A1;8.30
 73
     1
 44
1.0
1001
ACAD
1000
MTEXTBEGIN
1070
    73
1070
     1
1070
    44
1040
1.0
1070
    74
1070
     0
1000
MTEXTEND
  0
POINT
  5
C14
330
C00
100
AcDbEntity
  8
Defpoints
 62
     0
100
AcDbPoint
 10
-0.0323566075299908
 20
-4.961883974259933
 30
0.0
  0
POINT
  5
C15
330
C00
100
AcDbEntity
  8
Defpoints
 62
     0
100
AcDbPoint
 10
8.271519201500012
 20
-4.961883974259933
 30
0.0
  0
POINT
  5
C16
330
C00
100
AcDbEntity
  8
Defpoints
 62
     0
100
AcDbPoint
 10
8.271519201500012
 20
14.82277827387203
 30
0.0
  0
ENDBLK
  5
C0C
330
C00
100
AcDbEntity
  8
DIM
100
AcDbBlockEnd
  0
BLOCK
  5
1B9A
330
1B8F
100
AcDbEntity
  8
DIM
100
AcDbBlockBegin
  2
*D24
 70
     1
 10
0.0
 20
0.0
 30
0.0
  3
*D24
  1

  0
LINE
  5
1BC3
330
1B8F
100
AcDbEntity
  8
DIM
 62
     0
370
    -2
100
AcDbLine
 10
153.1222603992345
 20
-147.7748456035997
 30
0.0
 11
153.1222603992345
 21
-136.8719679988345
 31
0.0
  0
LINE
  5
1BC4
330
1B8F
100
AcDbEntity
  8
DIM
 62
     0
370
    -2
100
AcDbLine
 10
190.1222603995945
 20
-147.7748456035997
 30
0.0
 11
190.1222603995945
 21
-136.8719679988345
 31
0.0
  0
LINE
  5
1BC5
330
1B8F
100
AcDbEntity
  8
DIM
 62
     0
370
    -2
100
AcDbLine
 10
154.6222603992345
 20
-136.9657179988345
 30
0.0
 11
169.3547603994145
 21
-136.9657179988345
 31
0.0
  0
LINE
  5
1BC6
330
1B8F
100
AcDbEntity
  8
DIM
 62
     0
370
    -2
100
AcDbLine
 10
188.6222603995945
 20
-136.9657179988345
 30
0.0
 11
173.8897603994145
 21
-136.9657179988345
 31
0.0
  0
INSERT
  5
1BC7
330
1B8F
100
AcDbEntity
  8
DIM
 62
     0
370
    -2
100
AcDbBlockReference
  2
_FILLED
 10
153.1222603992345
 20
-136.9657179988345
 30
0.0
 41
1.5
 42
1.5
 43
1.5
 50
180.0
  0
INSERT
  5
1BC8
330
1B8F
100
AcDbEntity
  8
DIM
 62
     0
370
    -2
100
AcDbBlockReference
  2
_FILLED
 10
190.1222603995945
 20
-136.9657179988345
 30
0.0
 41
1.5
 42
1.5
 43
1.5
  0
MTEXT
  5
1BC9
330
1B8F
100
AcDbEntity
  8
DIM
 62
     0
100
AcDbMText
 10
171.6222603994145
 20
-136.9657179988345
 30
0.0
 40
1.5
 41
0.0
 46
0.0
 71
     5
 72
     1
  1
\A1;37.00
 73
     1
 44
1.0
1001
ACAD
1000
MTEXTBEGIN
1070
    73
1070
     1
1070
    44
1040
1.0
1070
    74
1070
     0
1000
MTEXTEND
  0
POINT
  5
1BCA
330
1B8F
100
AcDbEntity
  8
Defpoints
 62
     0
100
AcDbPoint
 10
153.1222603992345
 20
-147.8217206035997
 30
0.0
  0
POINT
  5
1BCB
330
1B8F
100
AcDbEntity
  8
Defpoints
 62
     0
100
AcDbPoint
 10
190.1222603995945
 20
-147.8217206035997
 30
0.0
  0
POINT
  5
1BCC
330
1B8F
100
AcDbEntity
  8
Defpoints
 62
     0
100
AcDbPoint
 10
190.1222603995945
 20
-136.9657179988345
 30
0.0
  0
ENDBLK
  5
1B9B
330
1B8F
100
AcDbEntity
  8
DIM
100
AcDbBlockEnd
  0
BLOCK
  5
1BA7
330
1B9C
100
AcDbEntity
  8
DIM
100
AcDbBlockBegin
  2
*D25
 70
     1
 10
0.0
 20
0.0
 30
0.0
  3
*D25
  1

  0
LINE
  5
1BCD
330
1B9C
100
AcDbEntity
  8
DIM
 62
     0
370
    -2
100
AcDbLine
 10
153.0753853992345
 20
-147.8217206035997
 30
0.0
 11
144.7780550812938
 21
-147.8217206035997
 31
0.0
  0
LINE
  5
1BCE
330
1B9C
100
AcDbEntity
  8
DIM
 62
     0
370
    -2
100
AcDbLine
 10
153.0753853992345
 20
-181.8217206019397
 30
0.0
 11
144.7780550812938
 21
-181.8217206019397
 31
0.0
  0
LINE
  5
1BCF
330
1B9C
100
AcDbEntity
  8
DIM
 62
     0
370
    -2
100
AcDbLine
 10
144.8718050812938
 20
-149.3217206035997
 30
0.0
 11
144.8718050812938
 21
-162.5542206027697
 31
0.0
  0
LINE
  5
1BD0
330
1B9C
100
AcDbEntity
  8
DIM
 62
     0
370
    -2
100
AcDbLine
 10
144.8718050812938
 20
-180.3217206019397
 30
0.0
 11
144.8718050812938
 21
-167.0892206027697
 31
0.0
  0
INSERT
  5
1BD1
330
1B9C
100
AcDbEntity
  8
DIM
 62
     0
370
    -2
100
AcDbBlockReference
  2
_FILLED
 10
144.8718050812938
 20
-147.8217206035997
 30
0.0
 41
1.5
 42
1.5
 43
1.5
 50
90.0
  0
INSERT
  5
1BD2
330
1B9C
100
AcDbEntity
  8
DIM
 62
     0
370
    -2
100
AcDbBlockReference
  2
_FILLED
 10
144.8718050812938
 20
-181.8217206019397
 30
0.0
 41
1.5
 42
1.5
 43
1.5
 50
270.0
  0
MTEXT
  5
1BD3
330
1B9C
100
AcDbEntity
  8
DIM
 62
     0
100
AcDbMText
 10
144.8718050812938
 20
-164.8217206027697
 30
0.0
 40
1.5
 41
0.0
 46
0.0
 71
     5
 72
     1
  1
\A1;34.00
 11
0.0
 21
1.0
 31
0.0
 73
     1
 44
1.0
1001
ACAD
1000
MTEXTBEGIN
1070
    73
1070
     1
1070
    44
1040
1.0
1070
    74
1070
     0
1000
MTEXTEND
  0
POINT
  5
1BD4
330
1B9C
100
AcDbEntity
  8
Defpoints
 62
     0
100
AcDbPoint
 10
153.1222603992345
 20
-147.8217206035997
 30
0.0
  0
POINT
  5
1BD5
330
1B9C
100
AcDbEntity
  8
Defpoints
 62
     0
100
AcDbPoint
 10
153.1222603992345
 20
-181.8217206019397
 30
0.0
  0
POINT
  5
1BD6
330
1B9C
100
AcDbEntity
  8
Defpoints
 62
     0
100
AcDbPoint
 10
144.8718050812938
 20
-181.8217206019397
 30
0.0
  0
ENDBLK
  5
1BA8
330
1B9C
100
AcDbEntity
  8
DIM
100
AcDbBlockEnd
  0
BLOCK
  5
1BB4
330
1BA9
100
AcDbEntity
  8
DIM
100
AcDbBlockBegin
  2
*D26
 70
     1
 10
0.0
 20
0.0
 30
0.0
  3
*D26
  1

  0
LINE
  5
1BD7
330
1BA9
100
AcDbEntity
  8
DIM
 62
     0
370
    -2
100
AcDbLine
 10
153.0753853992345
 20
-147.8217206035997
 30
0.0
 11
144.7780550812938
 21
-147.8217206035997
 31
0.0
  0
LINE
  5
1BD8
330
1BA9
100
AcDbEntity
  8
DIM
 62
     0
370
    -2
100
AcDbLine
 10
154.3748885012481
 20
-141.8217206038257
 30
0.0
 11
144.7780550812938
 21
-141.8217206038257
 31
0.0
  0
LINE
  5
1BD9
330
1BA9
100
AcDbEntity
  8
DIM
 62
     0
370
    -2
100
AcDbLine
 10
144.8718050812938
 20
-149.3217206035997
 30
0.0
 11
144.8718050812938
 21
-150.8217206035997
 31
0.0
  0
LINE
  5
1BDA
330
1BA9
100
AcDbEntity
  8
DIM
 62
     0
370
    -2
100
AcDbLine
 10
144.8718050812938
 20
-140.3217206038257
 30
0.0
 11
144.8718050812938
 21
-138.8217206038257
 31
0.0
  0
INSERT
  5
1BDB
330
1BA9
100
AcDbEntity
  8
DIM
 62
     0
370
    -2
100
AcDbBlockReference
  2
_FILLED
 10
144.8718050812938
 20
-147.8217206035997
 30
0.0
 41
1.5
 42
1.5
 43
1.5
 50
90.0
  0
INSERT
  5
1BDC
330
1BA9
100
AcDbEntity
  8
DIM
 62
     0
370
    -2
100
AcDbBlockReference
  2
_FILLED
 10
144.8718050812938
 20
-141.8217206038257
 30
0.0
 41
1.5
 42
1.5
 43
1.5
 50
270.0
  0
MTEXT
  5
1BDD
330
1BA9
100
AcDbEntity
  8
DIM
 62
     0
100
AcDbMText
 10
144.8718050812938
 20
-144.8217206037127
 30
0.0
 40
1.5
 41
0.0
 46
0.0
 71
     5
 72
     1
  1
\A1;6.00
 11
0.0
 21
1.0
 31
0.0
 73
     1
 44
1.0
1001
ACAD
1000
MTEXTBEGIN
1070
    73
1070
     1
1070
    44
1040
1.0
1070
    74
1070
     0
1000
MTEXTEND
  0
POINT
  5
1BDE
330
1BA9
100
AcDbEntity
  8
Defpoints
 62
     0
100
AcDbPoint
 10
153.1222603992345
 20
-147.8217206035997
 30
0.0
  0
POINT
  5
1BDF
330
1BA9
100
AcDbEntity
  8
Defpoints
 62
     0
100
AcDbPoint
 10
154.4217635012481
 20
-141.8217206038257
 30
0.0
  0
POINT
  5
1BE0
330
1BA9
100
AcDbEntity
  8
Defpoints
 62
     0
100
AcDbPoint
 10
144.8718050812938
 20
-141.8217206038257
 30
0.0
  0
ENDBLK
  5
1BB5
330
1BA9
100
AcDbEntity
  8
DIM
100
AcDbBlockEnd
  0
BLOCK
  5
1BC1
330
1BB6
100
AcDbEntity
  8
DIM
100
AcDbBlockBegin
  2
*D27
 70
     1
 10
0.0
 20
0.0
 30
0.0
  3
*D27
  1

  0
LINE
  5
1BE1
330
1BB6
100
AcDbEntity
  8
DIM
 62
     0
370
    -2
100
AcDbLine
 10
190.1222603995945
 20
-147.7748456035997
 30
0.0
 11
190.1222603995945
 21
-136.8719679988345
 31
0.0
  0
LINE
  5
1BE2
330
1BB6
100
AcDbEntity
  8
DIM
 62
     0
370
    -2
100
AcDbLine
 10
194.6222603996285
 20
-147.5743487028124
 30
0.0
 11
194.6222603996285
 21
-136.8719679988345
 31
0.0
  0
LINE
  5
1BE3
330
1BB6
100
AcDbEntity
  8
DIM
 62
     0
370
    -2
100
AcDbLine
 10
188.6222603995945
 20
-136.9657179988345
 30
0.0
 11
187.1222603995945
 21
-136.9657179988345
 31
0.0
  0
LINE
  5
1BE4
330
1BB6
100
AcDbEntity
  8
DIM
 62
     0
370
    -2
100
AcDbLine
 10
196.1222603996285
 20
-136.9657179988345
 30
0.0
 11
197.6222603996285
 21
-136.9657179988345
 31
0.0
  0
INSERT
  5
1BE5
330
1BB6
100
AcDbEntity
  8
DIM
 62
     0
370
    -2
100
AcDbBlockReference
  2
_FILLED
 10
190.1222603995945
 20
-136.9657179988345
 30
0.0
 41
1.5
 42
1.5
 43
1.5
  0
INSERT
  5
1BE6
330
1BB6
100
AcDbEntity
  8
DIM
 62
     0
370
    -2
100
AcDbBlockReference
  2
_FILLED
 10
194.6222603996285
 20
-136.9657179988345
 30
0.0
 41
1.5
 42
1.5
 43
1.5
 50
180.0
  0
MTEXT
  5
1BE7
330
1BB6
100
AcDbEntity
  8
DIM
 62
     0
100
AcDbMText
 10
192.3722603996115
 20
-136.9657179988345
 30
0.0
 40
1.5
 41
0.0
 46
0.0
 71
     5
 72
     1
  1
\A1;4.50
 73
     1
 44
1.0
1001
ACAD
1000
MTEXTBEGIN
1070
    73
1070
     1
1070
    44
1040
1.0
1070
    74
1070
     0
1000
MTEXTEND
  0
POINT
  5
1BE8
330
1BB6
100
AcDbEntity
  8
Defpoints
 62
     0
100
AcDbPoint
 10
190.1222603995945
 20
-147.8217206035997
 30
0.0
  0
POINT
  5
1BE9
330
1BB6
100
AcDbEntity
  8
Defpoints
 62
     0
100
AcDbPoint
 10
194.6222603996285
 20
-147.6212237028124
 30
0.0
  0
POINT
  5
1BEA
330
1BB6
100
AcDbEntity
  8
Defpoints
 62
     0
100
AcDbPoint
 10
194.6222603996285
 20
-136.9657179988345
 30
0.0
  0
ENDBLK
  5
1BC2
330
1BB6
100
AcDbEntity
  8
DIM
100
AcDbBlockEnd
  0
BLOCK
  5
1BF9
330
1BEE
100
AcDbEntity
  8
DIM
100
AcDbBlockBegin
  2
*D28
 70
     1
 10
0.0
 20
0.0
 30
0.0
  3
*D28
  1

  0
LINE
  5
1C0F
330
1BEE
100
AcDbEntity
  8
DIM
 62
     0
370
    -2
100
AcDbLine
 10
11.45678020142333
 20
-157.7287471156195
 30
0.0
 11
11.45678020142333
 21
-137.8842882448679
 31
0.0
  0
LINE
  5
1C10
330
1BEE
100
AcDbEntity
  8
DIM
 62
     0
370
    -2
100
AcDbLine
 10
19.7606560104544
 20
-157.7158254929998
 30
0.0
 11
19.7606560104544
 21
-137.8842882448679
 31
0.0
  0
LINE
  5
1C11
330
1BEE
100
AcDbEntity
  8
DIM
 62
     0
370
    -2
100
AcDbLine
 10
12.95678020142333
 20
-137.9780382448679
 30
0.0
 11
13.84121810593886
 21
-137.9780382448679
 31
0.0
  0
LINE
  5
1C12
330
1BEE
100
AcDbEntity
  8
DIM
 62
     0
370
    -2
100
AcDbLine
 10
18.2606560104544
 20
-137.9780382448679
 30
0.0
 11
17.37621810593886
 21
-137.9780382448679
 31
0.0
  0
INSERT
  5
1C13
330
1BEE
100
AcDbEntity
  8
DIM
 62
     0
370
    -2
100
AcDbBlockReference
  2
_FILLED
 10
11.45678020142333
 20
-137.9780382448679
 30
0.0
 41
1.5
 42
1.5
 43
1.5
 50
180.0
  0
INSERT
  5
1C14
330
1BEE
100
AcDbEntity
  8
DIM
 62
     0
370
    -2
100
AcDbBlockReference
  2
_FILLED
 10
19.7606560104544
 20
-137.9780382448679
 30
0.0
 41
1.5
 42
1.5
 43
1.5
  0
MTEXT
  5
1C15
330
1BEE
100
AcDbEntity
  8
DIM
 62
     0
100
AcDbMText
 10
15.60871810593886
 20
-137.9780382448679
 30
0.0
 40
1.5
 41
0.0
 46
0.0
 71
     5
 72
     1
  1
\A1;8.30
 73
     1
 44
1.0
1001
ACAD
1000
MTEXTBEGIN
1070
    73
1070
     1
1070
    44
1040
1.0
1070
    74
1070
     0
1000
MTEXTEND
  0
POINT
  5
1C16
330
1BEE
100
AcDbEntity
  8
Defpoints
 62
     0
100
AcDbPoint
 10
11.45678020142333
 20
-157.7756221156195
 30
0.0
  0
POINT
  5
1C17
330
1BEE
100
AcDbEntity
  8
Defpoints
 62
     0
100
AcDbPoint
 10
19.7606560104544
 20
-157.7627004929998
 30
0.0
  0
POINT
  5
1C18
330
1BEE
100
AcDbEntity
  8
Defpoints
 62
     0
100
AcDbPoint
 10
19.7606560104544
 20
-137.9780382448679
 30
0.0
  0
ENDBLK
  5
1BFA
330
1BEE
100
AcDbEntity
  8
DIM
100
AcDbBlockEnd
  0
BLOCK
  5
1C30
330
1C25
100
AcDbEntity
  8
DIM
100
AcDbBlockBegin
  2
*D29
 70
     1
 10
0.0
 20
0.0
 30
0.0
  3
*D29
  1

  0
LINE
  5
1E05
330
1C25
100
AcDbEntity
  8
DIM
 62
     0
370
    -2
100
AcDbLine
 10
40.78597861705449
 20
-117.8069495553241
 30
0.0
 11
36.60410165707901
 21
-117.8069495553241
 31
0.0
  0
LINE
  5
1E06
330
1C25
100
AcDbEntity
  8
DIM
 62
     0
370
    -2
100
AcDbLine
 10
53.15504900967452
 20
-108.2069495554641
 30
0.0
 11
36.60410165707901
 21
-108.2069495554641
 31
0.0
  0
LINE
  5
1E07
330
1C25
100
AcDbEntity
  8
DIM
 62
     0
370
    -2
100
AcDbLine
 10
36.69785165707902
 20
-116.3069495553241
 30
0.0
 11
36.69785165707902
 21
-114.7744495553941
 31
0.0
  0
LINE
  5
1E08
330
1C25
100
AcDbEntity
  8
DIM
 62
     0
370
    -2
100
AcDbLine
 10
36.69785165707902
 20
-109.7069495554641
 30
0.0
 11
36.69785165707902
 21
-111.2394495553941
 31
0.0
  0
INSERT
  5
1E09
330
1C25
100
AcDbEntity
  8
DIM
 62
     0
370
    -2
100
AcDbBlockReference
  2
_FILLED
 10
36.69785165707902
 20
-117.8069495553241
 30
0.0
 41
1.5
 42
1.5
 43
1.5
 50
270.0
  0
INSERT
  5
1E0A
330
1C25
100
AcDbEntity
  8
DIM
 62
     0
370
    -2
100
AcDbBlockReference
  2
_FILLED
 10
36.69785165707902
 20
-108.2069495554641
 30
0.0
 41
1.5
 42
1.5
 43
1.5
 50
90.0
  0
MTEXT
  5
1E0B
330
1C25
100
AcDbEntity
  8
DIM
 62
     0
100
AcDbMText
 10
36.69785165707902
 20
-113.0069495553941
 30
0.0
 40
1.5
 41
0.0
 46
0.0
 71
     5
 72
     1
  1
\A1;9.60
 11
0.0
 21
1.0
 31
0.0
 73
     1
 44
1.0
1001
ACAD
1000
MTEXTBEGIN
1070
    73
1070
     1
1070
    44
1040
1.0
1070
    74
1070
     0
1000
MTEXTEND
  0
POINT
  5
1E0C
330
1C25
100
AcDbEntity
  8
Defpoints
 62
     0
100
AcDbPoint
 10
40.83285361705449
 20
-117.8069495553241
 30
0.0
  0
POINT
  5
1E0D
330
1C25
100
AcDbEntity
  8
Defpoints
 62
     0
100
AcDbPoint
 10
53.20192400967452
 20
-108.2069495554641
 30
0.0
  0
POINT
  5
1E0E
330
1C25
100
AcDbEntity
  8
Defpoints
 62
     0
100
AcDbPoint
 10
36.69785165707902
 20
-108.2069495554641
 30
0.0
  0
ENDBLK
  5
1C31
330
1C25
100
AcDbEntity
  8
DIM
100
AcDbBlockEnd
  0
BLOCK
  5
1C3D
330
1C32
100
AcDbEntity
  8
DIM
100
AcDbBlockBegin
  2
*D30
 70
     1
 10
0.0
 20
0.0
 30
0.0
  3
*D30
  1

  0
LINE
  5
1E0F
330
1C32
100
AcDbEntity
  8
DIM
 62
     0
370
    -2
100
AcDbLine
 10
40.78597861705449
 20
-117.8069495553241
 30
0.0
 11
33.28694702484328
 21
-117.8069495553241
 31
0.0
  0
LINE
  5
1E10
330
1C32
100
AcDbEntity
  8
DIM
 62
     0
370
    -2
100
AcDbLine
 10
41.12438278149449
 20
-95.30694955414409
 30
0.0
 11
33.28694702484328
 21
-95.30694955414409
 31
0.0
  0
LINE
  5
1E11
330
1C32
100
AcDbEntity
  8
DIM
 62
     0
370
    -2
100
AcDbLine
 10
33.38069702484328
 20
-116.3069495553241
 30
0.0
 11
33.38069702484328
 21
-108.9244495547341
 31
0.0
  0
LINE
  5
1E12
330
1C32
100
AcDbEntity
  8
DIM
 62
     0
370
    -2
100
AcDbLine
 10
33.38069702484328
 20
-96.80694955414409
 30
0.0
 11
33.38069702484328
 21
-104.1894495547341
 31
0.0
  0
INSERT
  5
1E13
330
1C32
100
AcDbEntity
  8
DIM
 62
     0
370
    -2
100
AcDbBlockReference
  2
_FILLED
 10
33.38069702484328
 20
-117.8069495553241
 30
0.0
 41
1.5
 42
1.5
 43
1.5
 50
270.0
  0
INSERT
  5
1E14
330
1C32
100
AcDbEntity
  8
DIM
 62
     0
370
    -2
100
AcDbBlockReference
  2
_FILLED
 10
33.38069702484328
 20
-95.30694955414409
 30
0.0
 41
1.5
 42
1.5
 43
1.5
 50
90.0
  0
MTEXT
  5
1E15
330
1C32
100
AcDbEntity
  8
DIM
 62
     0
100
AcDbMText
 10
33.38069702484328
 20
-106.5569495547341
 30
0.0
 40
1.5
 41
0.0
 46
0.0
 71
     5
 72
     1
  1
\A1;22.50
 11
0.0
 21
1.0
 31
0.0
 73
     1
 44
1.0
1001
ACAD
1000
MTEXTBEGIN
1070
    73
1070
     1
1070
    44
1040
1.0
1070
    74
1070
     0
1000
MTEXTEND
  0
POINT
  5
1E16
330
1C32
100
AcDbEntity
  8
Defpoints
 62
     0
100
AcDbPoint
 10
40.83285361705449
 20
-117.8069495553241
 30
0.0
  0
POINT
  5
1E17
330
1C32
100
AcDbEntity
  8
Defpoints
 62
     0
100
AcDbPoint
 10
41.17125778149449
 20
-95.30694955414409
 30
0.0
  0
POINT
  5
1E18
330
1C32
100
AcDbEntity
  8
Defpoints
 62
     0
100
AcDbPoint
 10
33.38069702484328
 20
-95.30694955414409
 30
0.0
  0
ENDBLK
  5
1C3E
330
1C32
100
AcDbEntity
  8
DIM
100
AcDbBlockEnd
  0
BLOCK
  5
1C4A
330
1C3F
100
AcDbEntity
  8
DIM
100
AcDbBlockBegin
  2
*D31
 70
     1
 10
0.0
 20
0.0
 30
0.0
  3
*D31
  1

  0
LINE
  5
1E19
330
1C3F
100
AcDbEntity
  8
DIM
 62
     0
370
    -2
100
AcDbLine
 10
53.20192400967452
 20
-108.251196094884
 30
0.0
 11
53.20192400967452
 21
-120.0084763121114
 31
0.0
  0
LINE
  5
1E1A
330
1C3F
100
AcDbEntity
  8
DIM
 62
     0
370
    -2
100
AcDbLine
 10
63.20192400963453
 20
-108.2538245554641
 30
0.0
 11
63.20192400963453
 21
-120.0084763121114
 31
0.0
  0
LINE
  5
1E1B
330
1C3F
100
AcDbEntity
  8
DIM
 62
     0
370
    -2
100
AcDbLine
 10
54.70192400967452
 20
-119.9147263121114
 30
0.0
 11
56.23442400965451
 21
-119.9147263121114
 31
0.0
  0
LINE
  5
1E1C
330
1C3F
100
AcDbEntity
  8
DIM
 62
     0
370
    -2
100
AcDbLine
 10
61.70192400963452
 20
-119.9147263121114
 30
0.0
 11
60.16942400965452
 21
-119.9147263121114
 31
0.0
  0
INSERT
  5
1E1D
330
1C3F
100
AcDbEntity
  8
DIM
 62
     0
370
    -2
100
AcDbBlockReference
  2
_FILLED
 10
53.20192400967452
 20
-119.9147263121114
 30
0.0
 41
1.5
 42
1.5
 43
1.5
 50
180.0
  0
INSERT
  5
1E1E
330
1C3F
100
AcDbEntity
  8
DIM
 62
     0
370
    -2
100
AcDbBlockReference
  2
_FILLED
 10
63.20192400963453
 20
-119.9147263121114
 30
0.0
 41
1.5
 42
1.5
 43
1.5
  0
MTEXT
  5
1E1F
330
1C3F
100
AcDbEntity
  8
DIM
 62
     0
100
AcDbMText
 10
58.20192400965452
 20
-119.9147263121114
 30
0.0
 40
1.5
 41
0.0
 46
0.0
 71
     5
 72
     1
  1
\A1;10.00
 73
     1
 44
1.0
1001
ACAD
1000
MTEXTBEGIN
1070
    73
1070
     1
1070
    44
1040
1.0
1070
    74
1070
     0
1000
MTEXTEND
  0
POINT
  5
1E20
330
1C3F
100
AcDbEntity
  8
Defpoints
 62
     0
100
AcDbPoint
 10
53.20192400967452
 20
-108.2043210948841
 30
0.0
  0
POINT
  5
1E21
330
1C3F
100
AcDbEntity
  8
Defpoints
 62
     0
100
AcDbPoint
 10
63.20192400963453
 20
-108.2069495554641
 30
0.0
  0
POINT
  5
1E22
330
1C3F
100
AcDbEntity
  8
Defpoints
 62
     0
100
AcDbPoint
 10
63.20192400963453
 20
-119.9147263121114
 30
0.0
  0
ENDBLK
  5
1C4B
330
1C3F
100
AcDbEntity
  8
DIM
100
AcDbBlockEnd
  0
BLOCK
  5
1C57
330
1C4C
100
AcDbEntity
  8
DIM
100
AcDbBlockBegin
  2
*D32
 70
     1
 10
0.0
 20
0.0
 30
0.0
  3
*D32
  1

  0
LINE
  5
1E23
330
1C4C
100
AcDbEntity
  8
DIM
 62
     0
370
    -2
100
AcDbLine
 10
63.20192400963453
 20
-108.251196094884
 30
0.0
 11
63.20192400963453
 21
-120.0084763121114
 31
0.0
  0
LINE
  5
1E24
330
1C4C
100
AcDbEntity
  8
DIM
 62
     0
370
    -2
100
AcDbLine
 10
73.20192400959451
 20
-108.2538245554641
 30
0.0
 11
73.20192400959451
 21
-120.0084763121114
 31
0.0
  0
LINE
  5
1E25
330
1C4C
100
AcDbEntity
  8
DIM
 62
     0
370
    -2
100
AcDbLine
 10
64.70192400963452
 20
-119.9147263121114
 30
0.0
 11
66.23442400961451
 21
-119.9147263121114
 31
0.0
  0
LINE
  5
1E26
330
1C4C
100
AcDbEntity
  8
DIM
 62
     0
370
    -2
100
AcDbLine
 10
71.7019240095945
 20
-119.9147263121114
 30
0.0
 11
70.16942400961451
 21
-119.9147263121114
 31
0.0
  0
INSERT
  5
1E27
330
1C4C
100
AcDbEntity
  8
DIM
 62
     0
370
    -2
100
AcDbBlockReference
  2
_FILLED
 10
63.20192400963453
 20
-119.9147263121114
 30
0.0
 41
1.5
 42
1.5
 43
1.5
 50
180.0
  0
INSERT
  5
1E28
330
1C4C
100
AcDbEntity
  8
DIM
 62
     0
370
    -2
100
AcDbBlockReference
  2
_FILLED
 10
73.20192400959451
 20
-119.9147263121114
 30
0.0
 41
1.5
 42
1.5
 43
1.5
  0
MTEXT
  5
1E29
330
1C4C
100
AcDbEntity
  8
DIM
 62
     0
100
AcDbMText
 10
68.20192400961452
 20
-119.9147263121114
 30
0.0
 40
1.5
 41
0.0
 46
0.0
 71
     5
 72
     1
  1
\A1;10.00
 73
     1
 44
1.0
1001
ACAD
1000
MTEXTBEGIN
1070
    73
1070
     1
1070
    44
1040
1.0
1070
    74
1070
     0
1000
MTEXTEND
  0
POINT
  5
1E2A
330
1C4C
100
AcDbEntity
  8
Defpoints
 62
     0
100
AcDbPoint
 10
63.20192400963453
 20
-108.2043210948841
 30
0.0
  0
POINT
  5
1E2B
330
1C4C
100
AcDbEntity
  8
Defpoints
 62
     0
100
AcDbPoint
 10
73.20192400959451
 20
-108.2069495554641
 30
0.0
  0
POINT
  5
1E2C
330
1C4C
100
AcDbEntity
  8
Defpoints
 62
     0
100
AcDbPoint
 10
73.20192400959451
 20
-119.9147263121114
 30
0.0
  0
ENDBLK
  5
1C58
330
1C4C
100
AcDbEntity
  8
DIM
100
AcDbBlockEnd
  0
BLOCK
  5
1C8F
330
1C84
100
AcDbEntity
  8
DIM
100
AcDbBlockBegin
  2
*D33
 70
     1
 10
0.0
 20
0.0
 30
0.0
  3
*D33
  1

  0
LINE
  5
1C91
330
1C84
100
AcDbEntity
  8
DIM
 62
     0
370
    -2
100
AcDbLine
 10
58.1389505201335
 20
-210.8887503265395
 30
0.0
 11
36.34028898953488
 21
-210.8887503265395
 31
0.0
  0
LINE
  5
1C92
330
1C84
100
AcDbEntity
  8
DIM
 62
     0
370
    -2
100
AcDbLine
 10
40.78597861705349
 20
-202.2648745161595
 30
0.0
 11
36.34028898953488
 21
-202.2648745161595
 31
0.0
  0
LINE
  5
1C93
330
1C84
100
AcDbEntity
  8
DIM
 62
     0
370
    -2
100
AcDbLine
 10
36.43403898953489
 20
-209.3887503265395
 30
0.0
 11
36.43403898953489
 21
-207.8443124213495
 31
0.0
  0
LINE
  5
1C94
330
1C84
100
AcDbEntity
  8
DIM
 62
     0
370
    -2
100
AcDbLine
 10
36.43403898953489
 20
-203.7648745161595
 30
0.0
 11
36.43403898953489
 21
-205.3093124213495
 31
0.0
  0
INSERT
  5
1C95
330
1C84
100
AcDbEntity
  8
DIM
 62
     0
370
    -2
100
AcDbBlockReference
  2
_FILLED
 10
36.43403898953489
 20
-210.8887503265395
 30
0.0
 41
1.5
 42
1.5
 43
1.5
 50
270.0
  0
INSERT
  5
1C96
330
1C84
100
AcDbEntity
  8
DIM
 62
     0
370
    -2
100
AcDbBlockReference
  2
_FILLED
 10
36.43403898953489
 20
-202.2648745161595
 30
0.0
 41
1.5
 42
1.5
 43
1.5
 50
90.0
  0
MTEXT
  5
1C97
330
1C84
100
AcDbEntity
  8
DIM
 62
     0
100
AcDbMText
 10
36.43403898953489
 20
-206.5768124213495
 30
0.0
 40
1.5
 41
0.0
 46
0.0
 71
     5
 72
     1
  1
\A1;8.6
 11
0.0
 21
1.0
 31
0.0
 73
     1
 44
1.0
1001
ACAD
1000
MTEXTBEGIN
1070
    73
1070
     1
1070
    44
1040
1.0
1070
    74
1070
     0
1000
MTEXTEND
  0
POINT
  5
1C98
330
1C84
100
AcDbEntity
  8
Defpoints
 62
     0
100
AcDbPoint
 10
58.1858255201335
 20
-210.8887503265395
 30
0.0
  0
POINT
  5
1C99
330
1C84
100
AcDbEntity
  8
Defpoints
 62
     0
100
AcDbPoint
 10
40.8328536170535
 20
-202.2648745161595
 30
0.0
  0
POINT
  5
1C9A
330
1C84
100
AcDbEntity
  8
Defpoints
 62
     0
100
AcDbPoint
 10
36.43403898953489
 20
-202.2648745161595
 30
0.0
  0
ENDBLK
  5
1C90
330
1C84
100
AcDbEntity
  8
DIM
100
AcDbBlockEnd
  0
BLOCK
  5
1CF7
330
1CEC
100
AcDbEntity
  8
DIM
100
AcDbBlockBegin
  2
*D34
 70
     1
 10
0.0
 20
0.0
 30
0.0
  3
*D34
  1

  0
LINE
  5
1D65
330
1CEC
100
AcDbEntity
  8
DIM
 62
     0
370
    -2
100
AcDbLine
 10
43.70671900977441
 20
-153.0280856025596
 30
0.0
 11
43.70671900977441
 21
-136.54323314922
 31
0.0
  0
LINE
  5
1D66
330
1CEC
100
AcDbEntity
  8
DIM
 62
     0
370
    -2
100
AcDbLine
 10
82.69711991780926
 20
-153.0280856025596
 30
0.0
 11
82.69711991780926
 21
-136.54323314922
 31
0.0
  0
LINE
  5
1D67
330
1CEC
100
AcDbEntity
  8
DIM
 62
     0
370
    -2
100
AcDbLine
 10
45.20671900977442
 20
-136.63698314922
 30
0.0
 11
56.33441946379185
 21
-136.63698314922
 31
0.0
  0
LINE
  5
1D68
330
1CEC
100
AcDbEntity
  8
DIM
 62
     0
370
    -2
100
AcDbLine
 10
81.19711991780926
 20
-136.63698314922
 30
0.0
 11
70.06941946379183
 21
-136.63698314922
 31
0.0
  0
INSERT
  5
1D69
330
1CEC
100
AcDbEntity
  8
DIM
 62
     0
370
    -2
100
AcDbBlockReference
  2
_FILLED
 10
43.70671900977441
 20
-136.63698314922
 30
0.0
 41
1.5
 42
1.5
 43
1.5
 50
180.0
  0
INSERT
  5
1D6A
330
1CEC
100
AcDbEntity
  8
DIM
 62
     0
370
    -2
100
AcDbBlockReference
  2
_FILLED
 10
82.69711991780926
 20
-136.63698314922
 30
0.0
 41
1.5
 42
1.5
 43
1.5
  0
MTEXT
  5
1D6B
330
1CEC
100
AcDbEntity
  8
DIM
 62
     0
100
AcDbMText
 10
63.20191946379184
 20
-136.63698314922
 30
0.0
 40
1.5
 41
0.0
 46
0.0
 71
     5
 72
     1
  1
\A1;VA: 38.99%%p0.10
 73
     1
 44
1.0
1001
ACAD
1000
MTEXTBEGIN
1070
    73
1070
     1
1070
    44
1040
1.0
1070
    74
1070
     0
1000
MTEXTEND
  0
POINT
  5
1D6C
330
1CEC
100
AcDbEntity
  8
Defpoints
 62
     0
100
AcDbPoint
 10
43.70671900977441
 20
-153.0749606025596
 30
0.0
  0
POINT
  5
1D6D
330
1CEC
100
AcDbEntity
  8
Defpoints
 62
     0
100
AcDbPoint
 10
82.69711991780926
 20
-153.0749606025596
 30
0.0
  0
POINT
  5
1D6E
330
1CEC
100
AcDbEntity
  8
Defpoints
 62
     0
100
AcDbPoint
 10
82.69711991780926
 20
-136.63698314922
 30
0.0
  0
ENDBLK
  5
1CF8
330
1CEC
100
AcDbEntity
  8
DIM
100
AcDbBlockEnd
  0
BLOCK
  5
1D11
330
1D06
100
AcDbEntity
  8
DIM
100
AcDbBlockBegin
  2
*D35
 70
     1
 10
0.0
 20
0.0
 30
0.0
  3
*D35
  1

  0
LINE
  5
1D6F
330
1D06
100
AcDbEntity
  8
DIM
 62
     0
370
    -2
100
AcDbLine
 10
51.40868400863411
 20
-145.3265206028995
 30
0.0
 11
36.12397157746737
 21
-145.3265206028995
 31
0.0
  0
LINE
  5
1D70
330
1D06
100
AcDbEntity
  8
DIM
 62
     0
370
    -2
100
AcDbLine
 10
51.40868400863411
 20
-184.3169206026399
 30
0.0
 11
36.12397157746737
 21
-184.3169206026399
 31
0.0
  0
LINE
  5
1D71
330
1D06
100
AcDbEntity
  8
DIM
 62
     0
370
    -2
100
AcDbLine
 10
36.21772157746737
 20
-146.8265206028995
 30
0.0
 11
36.21772157746737
 21
-157.9542206027698
 31
0.0
  0
LINE
  5
1D72
330
1D06
100
AcDbEntity
  8
DIM
 62
     0
370
    -2
100
AcDbLine
 10
36.21772157746737
 20
-182.81692060264
 30
0.0
 11
36.21772157746737
 21
-171.6892206027698
 31
0.0
  0
INSERT
  5
1D73
330
1D06
100
AcDbEntity
  8
DIM
 62
     0
370
    -2
100
AcDbBlockReference
  2
_FILLED
 10
36.21772157746737
 20
-145.3265206028995
 30
0.0
 41
1.5
 42
1.5
 43
1.5
 50
90.0
  0
INSERT
  5
1D74
330
1D06
100
AcDbEntity
  8
DIM
 62
     0
370
    -2
100
AcDbBlockReference
  2
_FILLED
 10
36.21772157746737
 20
-184.3169206026399
 30
0.0
 41
1.5
 42
1.5
 43
1.5
 50
270.0
  0
MTEXT
  5
1D75
330
1D06
100
AcDbEntity
  8
DIM
 62
     0
100
AcDbMText
 10
36.21772157746737
 20
-164.8217206027697
 30
0.0
 40
1.5
 41
0.0
 46
0.0
 71
     5
 72
     1
  1
\A1;VA: 38.99%%p0.10
 11
0.0
 21
1.0
 31
0.0
 73
     1
 44
1.0
1001
ACAD
1000
MTEXTBEGIN
1070
    73
1070
     1
1070
    44
1040
1.0
1070
    74
1070
     0
1000
MTEXTEND
  0
POINT
  5
1D76
330
1D06
100
AcDbEntity
  8
Defpoints
 62
     0
100
AcDbPoint
 10
51.45555900863411
 20
-145.3265206028995
 30
0.0
  0
POINT
  5
1D77
330
1D06
100
AcDbEntity
  8
Defpoints
 62
     0
100
AcDbPoint
 10
51.45555900863411
 20
-184.3169206026399
 30
0.0
  0
POINT
  5
1D78
330
1D06
100
AcDbEntity
  8
Defpoints
 62
     0
100
AcDbPoint
 10
36.21772157746737
 20
-184.3169206026399
 30
0.0
  0
ENDBLK
  5
1D12
330
1D06
100
AcDbEntity
  8
DIM
100
AcDbBlockEnd
  0
BLOCK
  5
1D2B
330
1D20
100
AcDbEntity
  8
DIM
100
AcDbBlockBegin
  2
*D36
 70
     1
 10
0.0
 20
0.0
 30
0.0
  3
*D36
  1

  0
LINE
  5
1D5B
330
1D20
100
AcDbEntity
  8
DIM
 62
     0
370
    -2
100
AcDbLine
 10
46.20004901063412
 20
-143.1717206021198
 30
0.0
 11
32.31454559727226
 21
-143.1717206021198
 31
0.0
  0
LINE
  5
1D5C
330
1D20
100
AcDbEntity
  8
DIM
 62
     0
370
    -2
100
AcDbLine
 10
46.20004901063412
 20
-186.4717206034196
 30
0.0
 11
32.31454559727226
 21
-186.4717206034196
 31
0.0
  0
LINE
  5
1D5D
330
1D20
100
AcDbEntity
  8
DIM
 62
     0
370
    -2
100
AcDbLine
 10
32.40829559727226
 20
-144.6717206021198
 30
0.0
 11
32.40829559727226
 21
-158.0542206027697
 31
0.0
  0
LINE
  5
1D5E
330
1D20
100
AcDbEntity
  8
DIM
 62
     0
370
    -2
100
AcDbLine
 10
32.40829559727226
 20
-184.9717206034196
 30
0.0
 11
32.40829559727226
 21
-171.5892206027697
 31
0.0
  0
INSERT
  5
1D5F
330
1D20
100
AcDbEntity
  8
DIM
 62
     0
370
    -2
100
AcDbBlockReference
  2
_FILLED
 10
32.40829559727226
 20
-143.1717206021198
 30
0.0
 41
1.5
 42
1.5
 43
1.5
 50
90.0
  0
INSERT
  5
1D60
330
1D20
100
AcDbEntity
  8
DIM
 62
     0
370
    -2
100
AcDbBlockReference
  2
_FILLED
 10
32.40829559727226
 20
-186.4717206034196
 30
0.0
 41
1.5
 42
1.5
 43
1.5
 50
270.0
  0
MTEXT
  5
1D61
330
1D20
100
AcDbEntity
  8
DIM
 62
     0
100
AcDbMText
 10
32.40829559727226
 20
-164.8217206027697
 30
0.0
 40
1.5
 41
0.0
 46
0.0
 71
     5
 72
     1
  1
\A1;OD: 43.30%%p0.05
 11
0.0
 21
1.0
 31
0.0
 73
     1
 44
1.0
1001
ACAD
1000
MTEXTBEGIN
1070
    73
1070
     1
1070
    44
1040
1.0
1070
    74
1070
     0
1000
MTEXTEND
  0
POINT
  5
1D62
330
1D20
100
AcDbEntity
  8
Defpoints
 62
     0
100
AcDbPoint
 10
46.24692401063413
 20
-143.1717206021198
 30
0.0
  0
POINT
  5
1D63
330
1D20
100
AcDbEntity
  8
Defpoints
 62
     0
100
AcDbPoint
 10
46.24692401063413
 20
-186.4717206034196
 30
0.0
  0
POINT
  5
1D64
330
1D20
100
AcDbEntity
  8
Defpoints
 62
     0
100
AcDbPoint
 10
32.40829559727226
 20
-186.4717206034196
 30
0.0
  0
ENDBLK
  5
1D2C
330
1D20
100
AcDbEntity
  8
DIM
100
AcDbBlockEnd
  0
BLOCK
  5
1D45
330
1D3A
100
AcDbEntity
  8
DIM
100
AcDbBlockBegin
  2
*D37
 70
     1
 10
0.0
 20
0.0
 30
0.0
  3
*D37
  1

  0
LINE
  5
1D51
330
1D3A
100
AcDbEntity
  8
DIM
 62
     0
370
    -2
100
AcDbLine
 10
41.55192401025425
 20
-147.8198456024997
 30
0.0
 11
41.55192401025425
 21
-133.5918791090383
 31
0.0
  0
LINE
  5
1D52
330
1D3A
100
AcDbEntity
  8
DIM
 62
     0
370
    -2
100
AcDbLine
 10
84.8519240090148
 20
-147.8198456024997
 30
0.0
 11
84.8519240090148
 21
-133.5918791090383
 31
0.0
  0
LINE
  5
1D53
330
1D3A
100
AcDbEntity
  8
DIM
 62
     0
370
    -2
100
AcDbLine
 10
43.05192401025425
 20
-133.6856291090383
 30
0.0
 11
56.43442400963452
 21
-133.6856291090383
 31
0.0
  0
LINE
  5
1D54
330
1D3A
100
AcDbEntity
  8
DIM
 62
     0
370
    -2
100
AcDbLine
 10
83.3519240090148
 20
-133.6856291090383
 30
0.0
 11
69.96942400963452
 21
-133.6856291090383
 31
0.0
  0
INSERT
  5
1D55
330
1D3A
100
AcDbEntity
  8
DIM
 62
     0
370
    -2
100
AcDbBlockReference
  2
_FILLED
 10
41.55192401025425
 20
-133.6856291090383
 30
0.0
 41
1.5
 42
1.5
 43
1.5
 50
180.0
  0
INSERT
  5
1D56
330
1D3A
100
AcDbEntity
  8
DIM
 62
     0
370
    -2
100
AcDbBlockReference
  2
_FILLED
 10
84.8519240090148
 20
-133.6856291090383
 30
0.0
 41
1.5
 42
1.5
 43
1.5
  0
MTEXT
  5
1D57
330
1D3A
100
AcDbEntity
  8
DIM
 62
     0
100
AcDbMText
 10
63.20192400963453
 20
-133.6856291090383
 30
0.0
 40
1.5
 41
0.0
 46
0.0
 71
     5
 72
     1
  1
\A1;OD: 43.30%%p0.05
 73
     1
 44
1.0
1001
ACAD
1000
MTEXTBEGIN
1070
    73
1070
     1
1070
    44
1040
1.0
1070
    74
1070
     0
1000
MTEXTEND
  0
POINT
  5
1D58
330
1D3A
100
AcDbEntity
  8
Defpoints
 62
     0
100
AcDbPoint
 10
41.55192401025425
 20
-147.8667206024997
 30
0.0
  0
POINT
  5
1D59
330
1D3A
100
AcDbEntity
  8
Defpoints
 62
     0
100
AcDbPoint
 10
84.8519240090148
 20
-147.8667206024997
 30
0.0
  0
POINT
  5
1D5A
330
1D3A
100
AcDbEntity
  8
Defpoints
 62
     0
100
AcDbPoint
 10
84.8519240090148
 20
-133.6856291090383
 30
0.0
  0
ENDBLK
  5
1D46
330
1D3A
100
AcDbEntity
  8
DIM
100
AcDbBlockEnd
  0
BLOCK
  5
1D85
330
1D7C
100
AcDbEntity
  8
DIM
100
AcDbBlockBegin
  2
*D38
 70
     1
 10
0.0
 20
0.0
 30
0.0
  3
*D38
  1

  0
LINE
  5
1D7D
330
1D7C
100
AcDbEntity
  8
DIM
 62
     0
370
    -2
100
AcDbLine
 10
36.6528206849095
 20
-139.1049272607784
 30
0.0
 11
38.1528206849095
 21
-139.1049272607784
 31
0.0
  0
LINE
  5
1D7E
330
1D7C
100
AcDbEntity
  8
DIM
 62
     0
370
    -2
100
AcDbLine
 10
38.1528206849095
 20
-139.1049272607784
 30
0.0
 11
42.04321411252034
 21
-143.3162428147055
 31
0.0
  0
MTEXT
  5
1D7F
330
1D7C
100
AcDbEntity
  8
DIM
 62
     0
100
AcDbMText
 10
34.2853206849095
 20
-139.1049272607784
 30
0.0
 40
1.5
 41
0.0
 46
0.0
 71
     5
 72
     1
  1
\A1;R4.70
 73
     1
 44
1.0
1001
ACAD
1000
MTEXTBEGIN
1070
    73
1070
     1
1070
    44
1040
1.0
1070
    74
1070
     0
1000
MTEXTEND
  0
INSERT
  5
1D80
330
1D7C
100
AcDbEntity
  8
DIM
 62
     0
370
    -2
100
AcDbBlockReference
  2
_FILLED
 10
43.06106154541524
 20
-144.4180534170094
 30
0.0
 41
1.5
 42
1.5
 43
1.5
 50
312.7316051081613
  0
LINE
  5
1D81
330
1D7C
100
AcDbEntity
  8
DIM
 62
     0
370
    -2
100
AcDbLine
 10
46.09842401063413
 20
-147.8667206024997
 30
0.0
 11
46.39542401063413
 21
-147.8667206024997
 31
0.0
  0
LINE
  5
1D82
330
1D7C
100
AcDbEntity
  8
DIM
 62
     0
370
    -2
100
AcDbLine
 10
46.24692401063413
 20
-148.0152206024997
 30
0.0
 11
46.24692401063413
 21
-147.7182206024997
 31
0.0
  0
POINT
  5
1D83
330
1D7C
100
AcDbEntity
  8
Defpoints
 62
     0
100
AcDbPoint
 10
43.06106154541524
 20
-144.4180534170094
 30
0.0
  0
POINT
  5
1D84
330
1D7C
100
AcDbEntity
  8
Defpoints
 62
     0
100
AcDbPoint
 10
46.24692401063413
 20
-147.8667206024997
 30
0.0
  0
ENDBLK
  5
1D86
330
1D7C
100
AcDbEntity
  8
DIM
100
AcDbBlockEnd
  0
BLOCK
  5
1D95
330
1D8A
100
AcDbEntity
  8
DIM
100
AcDbBlockBegin
  2
*D39
 70
     1
 10
0.0
 20
0.0
 30
0.0
  3
*D39
  1

  0
LINE
  5
1D97
330
1D8A
100
AcDbEntity
  8
DIM
 62
     0
370
    -2
100
AcDbLine
 10
86.20192400905649
 20
-147.5728580878171
 30
0.0
 11
86.20192400905649
 21
-130.1349809479176
 31
0.0
  0
LINE
  5
1D98
330
1D8A
100
AcDbEntity
  8
DIM
 62
     0
370
    -2
100
AcDbLine
 10
40.20192401340705
 20
-147.5745637881404
 30
0.0
 11
40.20192401340705
 21
-130.1349809479176
 31
0.0
  0
LINE
  5
1D99
330
1D8A
100
AcDbEntity
  8
DIM
 62
     0
370
    -2
100
AcDbLine
 10
84.7019240090565
 20
-130.2287309479176
 30
0.0
 11
65.46942401123178
 21
-130.2287309479176
 31
0.0
  0
LINE
  5
1D9A
330
1D8A
100
AcDbEntity
  8
DIM
 62
     0
370
    -2
100
AcDbLine
 10
41.70192401340705
 20
-130.2287309479176
 30
0.0
 11
60.93442401123177
 21
-130.2287309479176
 31
0.0
  0
INSERT
  5
1D9B
330
1D8A
100
AcDbEntity
  8
DIM
 62
     0
370
    -2
100
AcDbBlockReference
  2
_FILLED
 10
86.20192400905649
 20
-130.2287309479176
 30
0.0
 41
1.5
 42
1.5
 43
1.5
  0
INSERT
  5
1D9C
330
1D8A
100
AcDbEntity
  8
DIM
 62
     0
370
    -2
100
AcDbBlockReference
  2
_FILLED
 10
40.20192401340705
 20
-130.2287309479176
 30
0.0
 41
1.5
 42
1.5
 43
1.5
 50
180.0
  0
MTEXT
  5
1D9D
330
1D8A
100
AcDbEntity
  8
DIM
 62
     0
100
AcDbMText
 10
63.20192401123177
 20
-130.2287309479176
 30
0.0
 40
1.5
 41
0.0
 46
0.0
 71
     5
 72
     1
  1
\A1;46.00
 73
     1
 44
1.0
1001
ACAD
1000
MTEXTBEGIN
1070
    73
1070
     1
1070
    44
1040
1.0
1070
    74
1070
     0
1000
MTEXTEND
  0
POINT
  5
1D9E
330
1D8A
100
AcDbEntity
  8
Defpoints
 62
     0
100
AcDbPoint
 10
86.20192400905649
 20
-147.6197330878171
 30
0.0
  0
POINT
  5
1D9F
330
1D8A
100
AcDbEntity
  8
Defpoints
 62
     0
100
AcDbPoint
 10
40.20192401340705
 20
-147.6214387881404
 30
0.0
  0
POINT
  5
1DA0
330
1D8A
100
AcDbEntity
  8
Defpoints
 62
     0
100
AcDbPoint
 10
40.20192401340705
 20
-130.2287309479176
 30
0.0
  0
ENDBLK
  5
1D96
330
1D8A
100
AcDbEntity
  8
DIM
100
AcDbBlockEnd
  0
BLOCK
  5
1DAF
330
1DA4
100
AcDbEntity
  8
DIM
100
AcDbBlockBegin
  2
*D40
 70
     1
 10
0.0
 20
0.0
 30
0.0
  3
*D40
  1

  0
LINE
  5
1DB1
330
1DA4
100
AcDbEntity
  8
DIM
 62
     0
370
    -2
100
AcDbLine
 10
45.95455210892788
 20
-141.8217206038255
 30
0.0
 11
28.52072585871714
 21
-141.8217206038255
 31
0.0
  0
LINE
  5
1DB2
330
1DA4
100
AcDbEntity
  8
DIM
 62
     0
370
    -2
100
AcDbLine
 10
45.95284634597851
 20
-187.8217205969326
 30
0.0
 11
28.52072585871714
 21
-187.8217205969326
 31
0.0
  0
LINE
  5
1DB3
330
1DA4
100
AcDbEntity
  8
DIM
 62
     0
370
    -2
100
AcDbLine
 10
28.61447585871714
 20
-143.3217206038255
 30
0.0
 11
28.61447585871714
 21
-162.5542206003791
 31
0.0
  0
LINE
  5
1DB4
330
1DA4
100
AcDbEntity
  8
DIM
 62
     0
370
    -2
100
AcDbLine
 10
28.61447585871714
 20
-186.3217205969325
 30
0.0
 11
28.61447585871714
 21
-167.0892206003791
 31
0.0
  0
INSERT
  5
1DB5
330
1DA4
100
AcDbEntity
  8
DIM
 62
     0
370
    -2
100
AcDbBlockReference
  2
_FILLED
 10
28.61447585871714
 20
-141.8217206038255
 30
0.0
 41
1.5
 42
1.5
 43
1.5
 50
90.0
  0
INSERT
  5
1DB6
330
1DA4
100
AcDbEntity
  8
DIM
 62
     0
370
    -2
100
AcDbBlockReference
  2
_FILLED
 10
28.61447585871714
 20
-187.8217205969326
 30
0.0
 41
1.5
 42
1.5
 43
1.5
 50
270.0
  0
MTEXT
  5
1DB7
330
1DA4
100
AcDbEntity
  8
DIM
 62
     0
100
AcDbMText
 10
28.61447585871714
 20
-164.821720600379
 30
0.0
 40
1.5
 41
0.0
 46
0.0
 71
     5
 72
     1
  1
\A1;46.00
 11
0.0000000000000001
 21
1.0
 31
0.0
 73
     1
 44
1.0
1001
ACAD
1000
MTEXTBEGIN
1070
    73
1070
     1
1070
    44
1040
1.0
1070
    74
1070
     0
1000
MTEXTEND
  0
POINT
  5
1DB8
330
1DA4
100
AcDbEntity
  8
Defpoints
 62
     0
100
AcDbPoint
 10
46.00142710892789
 20
-141.8217206038255
 30
0.0
  0
POINT
  5
1DB9
330
1DA4
100
AcDbEntity
  8
Defpoints
 62
     0
100
AcDbPoint
 10
45.99972134597851
 20
-187.8217205969326
 30
0.0
  0
POINT
  5
1DBA
330
1DA4
100
AcDbEntity
  8
Defpoints
 62
     0
100
AcDbPoint
 10
28.61447585871714
 20
-187.8217205969326
 30
0.0
  0
ENDBLK
  5
1DB0
330
1DA4
100
AcDbEntity
  8
DIM
100
AcDbBlockEnd
  0
BLOCK
  5
1DCA
330
1DBE
100
AcDbEntity
  8
DIM
100
AcDbBlockBegin
  2
*D41
 70
     1
 10
0.0
 20
0.0
 30
0.0
  3
*D41
  1

  0
LINE
  5
1DCC
330
1DBE
100
AcDbEntity
  8
DIM
 62
     0
370
    -2
100
AcDbLine
 10
51.40868400863411
 20
-145.3265206028995
 30
0.0
 11
36.12397157746737
 21
-145.3265206028995
 31
0.0
  0
LINE
  5
1DCD
330
1DBE
100
AcDbEntity
  8
DIM
 62
     0
370
    -2
100
AcDbLine
 10
46.20004901063412
 20
-143.1717206021198
 30
0.0
 11
36.12397157746737
 21
-143.1717206021198
 31
0.0
  0
LINE
  5
1DCE
330
1DBE
100
AcDbEntity
  8
DIM
 62
     0
370
    -2
100
AcDbLine
 10
36.21772157746737
 20
-140.1717206021198
 30
0.0
 11
34.71772157746737
 21
-140.1717206021198
 31
0.0
  0
LINE
  5
1DCF
330
1DBE
100
AcDbEntity
  8
DIM
 62
     0
370
    -2
100
AcDbLine
 10
36.21772157746737
 20
-146.8265206028995
 30
0.0
 11
36.21772157746737
 21
-148.3265206028995
 31
0.0
  0
LINE
  5
1DD0
330
1DBE
100
AcDbEntity
  8
DIM
 62
     0
370
    -2
100
AcDbLine
 10
36.21772157746737
 20
-141.6717206021198
 30
0.0
 11
36.21772157746737
 21
-140.1717206021198
 31
0.0
  0
INSERT
  5
1DD1
330
1DBE
100
AcDbEntity
  8
DIM
 62
     0
370
    -2
100
AcDbBlockReference
  2
_FILLED
 10
36.21772157746737
 20
-145.3265206028995
 30
0.0
 41
1.5
 42
1.5
 43
1.5
 50
90.0
  0
INSERT
  5
1DD2
330
1DBE
100
AcDbEntity
  8
DIM
 62
     0
370
    -2
100
AcDbBlockReference
  2
_FILLED
 10
36.21772157746737
 20
-143.1717206021198
 30
0.0
 41
1.5
 42
1.5
 43
1.5
 50
270.0
  0
MTEXT
  5
1DD3
330
1DBE
100
AcDbEntity
  8
DIM
 62
     0
100
AcDbMText
 10
33.05022157746737
 20
-140.1717206021198
 30
0.0
 40
1.5
 41
0.0
 46
0.0
 71
     5
 72
     1
  1
\A1;2.15
 73
     1
 44
1.0
1001
ACAD
1000
MTEXTBEGIN
1070
    73
1070
     1
1070
    44
1040
1.0
1070
    74
1070
     0
1000
MTEXTEND
  0
POINT
  5
1DD4
330
1DBE
100
AcDbEntity
  8
Defpoints
 62
     0
100
AcDbPoint
 10
51.45555900863411
 20
-145.3265206028995
 30
0.0
  0
POINT
  5
1DD5
330
1DBE
100
AcDbEntity
  8
Defpoints
 62
     0
100
AcDbPoint
 10
46.24692401063413
 20
-143.1717206021198
 30
0.0
  0
POINT
  5
1DD6
330
1DBE
100
AcDbEntity
  8
Defpoints
 62
     0
100
AcDbPoint
 10
36.21772157746737
 20
-143.1717206021198
 30
0.0
  0
ENDBLK
  5
1DCB
330
1DBE
100
AcDbEntity
  8
DIM
100
AcDbBlockEnd
  0
BLOCK
  5
1DE3
330
1DD8
100
AcDbEntity
  8
DIM
100
AcDbBlockBegin
  2
*D42
 70
     1
 10
0.0
 20
0.0
 30
0.0
  3
*D42
  1

  0
LINE
  5
1DE5
330
1DD8
100
AcDbEntity
  8
DIM
 62
     0
370
    -2
100
AcDbLine
 10
43.70671900977441
 20
-136.59010814922
 30
0.0
 11
43.70671900977441
 21
-136.73073314922
 31
0.0
  0
LINE
  5
1DE6
330
1DD8
100
AcDbEntity
  8
DIM
 62
     0
370
    -2
100
AcDbLine
 10
41.55192401025425
 20
-136.59010814922
 30
0.0
 11
41.55192401025425
 21
-136.73073314922
 31
0.0
  0
LINE
  5
1DE7
330
1DD8
100
AcDbEntity
  8
DIM
 62
     0
370
    -2
100
AcDbLine
 10
40.05192401025425
 20
-136.63698314922
 30
0.0
 11
38.55192401025425
 21
-136.63698314922
 31
0.0
  0
LINE
  5
1DE8
330
1DD8
100
AcDbEntity
  8
DIM
 62
     0
370
    -2
100
AcDbLine
 10
45.20671900977442
 20
-136.63698314922
 30
0.0
 11
46.70671900977441
 21
-136.63698314922
 31
0.0
  0
INSERT
  5
1DE9
330
1DD8
100
AcDbEntity
  8
DIM
 62
     0
370
    -2
100
AcDbBlockReference
  2
_FILLED
 10
43.70671900977441
 20
-136.63698314922
 30
0.0
 41
1.5
 42
1.5
 43
1.5
 50
180.0
  0
INSERT
  5
1DEA
330
1DD8
100
AcDbEntity
  8
DIM
 62
     0
370
    -2
100
AcDbBlockReference
  2
_FILLED
 10
41.55192401025425
 20
-136.63698314922
 30
0.0
 41
1.5
 42
1.5
 43
1.5
  0
MTEXT
  5
1DEB
330
1DD8
100
AcDbEntity
  8
DIM
 62
     0
100
AcDbMText
 10
36.88442401025425
 20
-136.63698314922
 30
0.0
 40
1.5
 41
0.0
 46
0.0
 71
     5
 72
     1
  1
\A1;2.15
 73
     1
 44
1.0
1001
ACAD
1000
MTEXTBEGIN
1070
    73
1070
     1
1070
    44
1040
1.0
1070
    74
1070
     0
1000
MTEXTEND
  0
POINT
  5
1DEC
330
1DD8
100
AcDbEntity
  8
Defpoints
 62
     0
100
AcDbPoint
 10
43.70671900977441
 20
-136.54323314922
 30
0.0
  0
POINT
  5
1DED
330
1DD8
100
AcDbEntity
  8
Defpoints
 62
     0
100
AcDbPoint
 10
41.55192401025425
 20
-136.54323314922
 30
0.0
  0
POINT
  5
1DEE
330
1DD8
100
AcDbEntity
  8
Defpoints
 62
     0
100
AcDbPoint
 10
41.55192401025425
 20
-136.63698314922
 30
0.0
  0
ENDBLK
  5
1DE4
330
1DD8
100
AcDbEntity
  8
DIM
100
AcDbBlockEnd
  0
BLOCK
  5
1DFB
330
1DF2
100
AcDbEntity
  8
DIM
100
AcDbBlockBegin
  2
*D43
 70
     1
 10
0.0
 20
0.0
 30
0.0
  3
*D43
  1

  0
LINE
  5
1DFD
330
1DF2
100
AcDbEntity
  8
DIM
 62
     0
370
    -2
100
AcDbLine
 10
89.13247538873187
 20
-188.2378891432734
 30
0.0
 11
87.63247538873187
 21
-188.2378891432734
 31
0.0
  0
LINE
  5
1DFE
330
1DF2
100
AcDbEntity
  8
DIM
 62
     0
370
    -2
100
AcDbLine
 10
87.63247538873187
 20
-188.2378891432734
 30
0.0
 11
85.93830116880347
 21
-186.7814851575154
 31
0.0
  0
MTEXT
  5
1DFF
330
1DF2
100
AcDbEntity
  8
DIM
 62
     0
100
AcDbMText
 10
92.69997538873187
 20
-188.2378891432734
 30
0.0
 40
1.5
 41
0.0
 46
0.0
 71
     5
 72
     1
  1
\A1;4*R5.80
 73
     1
 44
1.0
1001
ACAD
1000
MTEXTBEGIN
1070
    73
1070
     1
1070
    44
1040
1.0
1070
    74
1070
     0
1000
MTEXTEND
  0
INSERT
  5
1E00
330
1DF2
100
AcDbEntity
  8
DIM
 62
     0
370
    -2
100
AcDbBlockReference
  2
_FILLED
 10
84.80082894441119
 20
-185.803652381047
 30
0.0
 41
1.5
 42
1.5
 43
1.5
 50
139.3158601987637
  0
LINE
  5
1E01
330
1DF2
100
AcDbEntity
  8
DIM
 62
     0
370
    -2
100
AcDbLine
 10
80.25623327034082
 20
-182.0245302658727
 30
0.0
 11
80.55323327034082
 21
-182.0245302658727
 31
0.0
  0
LINE
  5
1E02
330
1DF2
100
AcDbEntity
  8
DIM
 62
     0
370
    -2
100
AcDbLine
 10
80.40473327034083
 20
-182.1730302658727
 30
0.0
 11
80.40473327034083
 21
-181.8760302658727
 31
0.0
  0
POINT
  5
1E03
330
1DF2
100
AcDbEntity
  8
Defpoints
 62
     0
100
AcDbPoint
 10
84.80082894441119
 20
-185.803652381047
 30
0.0
  0
POINT
  5
1E04
330
1DF2
100
AcDbEntity
  8
Defpoints
 62
     0
100
AcDbPoint
 10
80.40473327034083
 20
-182.0245302658727
 30
0.0
  0
ENDBLK
  5
1DFC
330
1DF2
100
AcDbEntity
  8
DIM
100
AcDbBlockEnd
  0
BLOCK
  5
1E39
330
1E30
100
AcDbEntity
  8
DIM
100
AcDbBlockBegin
  2
*D44
 70
     1
 10
0.0
 20
0.0
 30
0.0
  3
*D44
  1

  0
LINE
  5
1E3B
330
1E30
100
AcDbEntity
  8
DIM
 62
     0
370
    -2
100
AcDbLine
 10
59.26160544402198
 20
-102.0977055229327
 30
0.0
 11
57.76160544402198
 21
-102.0977055229327
 31
0.0
  0
LINE
  5
1E3C
330
1E30
100
AcDbEntity
  8
DIM
 62
     0
370
    -2
100
AcDbLine
 10
57.76160544402198
 20
-102.0977055229327
 30
0.0
 11
55.68485059577798
 21
-104.8790277880982
 31
0.0
  0
MTEXT
  5
1E3D
330
1E30
100
AcDbEntity
  8
DIM
 62
     0
100
AcDbMText
 10
62.82910544402199
 20
-102.0977055229327
 30
0.0
 40
1.5
 41
0.0
 46
0.0
 71
     5
 72
     1
  1
\A1;3*%%C5.30
 73
     1
 44
1.0
1001
ACAD
1000
MTEXTBEGIN
1070
    73
1070
     1
1070
    44
1040
1.0
1070
    74
1070
     0
1000
MTEXTEND
  0
INSERT
  5
1E3E
330
1E30
100
AcDbEntity
  8
DIM
 62
     0
370
    -2
100
AcDbBlockReference
  2
_FILLED
 10
54.78740725161517
 20
-106.080941031231
 30
0.0
 41
1.5
 42
1.5
 43
1.5
 50
233.2520763965029
  0
LINE
  5
1E3F
330
1E30
100
AcDbEntity
  8
DIM
 62
     0
370
    -2
100
AcDbLine
 10
53.05342400967454
 20
-108.2043210948841
 30
0.0
 11
53.35042400967454
 21
-108.2043210948841
 31
0.0
  0
LINE
  5
1E40
330
1E30
100
AcDbEntity
  8
DIM
 62
     0
370
    -2
100
AcDbLine
 10
53.20192400967454
 20
-108.3528210948841
 30
0.0
 11
53.20192400967454
 21
-108.055821094884
 31
0.0
  0
POINT
  5
1E41
330
1E30
100
AcDbEntity
  8
Defpoints
 62
     0
100
AcDbPoint
 10
54.78740725161517
 20
-106.080941031231
 30
0.0
  0
POINT
  5
1E42
330
1E30
100
AcDbEntity
  8
Defpoints
 62
     0
100
AcDbPoint
 10
51.61644076773391
 20
-110.3277011585372
 30
0.0
  0
ENDBLK
  5
1E3A
330
1E30
100
AcDbEntity
  8
DIM
100
AcDbBlockEnd
  0
BLOCK
  5
1E4F
330
1E46
100
AcDbEntity
  8
DIM
100
AcDbBlockBegin
  2
*D45
 70
     1
 10
0.0
 20
0.0
 30
0.0
  3
*D45
  1

  0
LINE
  5
1E61
330
1E46
100
AcDbEntity
  8
DIM
 62
     0
370
    -2
100
AcDbLine
 10
90.20005793658269
 20
-141.5333709250915
 30
0.0
 11
88.70005793658268
 21
-141.5333709250915
 31
0.0
  0
LINE
  5
1E62
330
1E46
100
AcDbEntity
  8
DIM
 62
     0
370
    -2
100
AcDbLine
 10
88.70005793658268
 20
-141.5333709250915
 30
0.0
 11
85.13353882819911
 21
-144.1773670083856
 31
0.0
  0
MTEXT
  5
1E63
330
1E46
100
AcDbEntity
  8
DIM
 62
     0
100
AcDbMText
 10
93.76755793658267
 20
-141.5333709250915
 30
0.0
 40
1.5
 41
0.0
 46
0.0
 71
     5
 72
     1
  1
\A1;4*R4.70
 73
     1
 44
1.0
1001
ACAD
1000
MTEXTBEGIN
1070
    73
1070
     1
1070
    44
1040
1.0
1070
    74
1070
     0
1000
MTEXTEND
  0
INSERT
  5
1E64
330
1E46
100
AcDbEntity
  8
DIM
 62
     0
370
    -2
100
AcDbBlockReference
  2
_FILLED
 10
83.92854734653836
 20
-145.0706729633221
 30
0.0
 41
1.5
 42
1.5
 43
1.5
 50
216.550944716097
  0
LINE
  5
1E65
330
1E46
100
AcDbEntity
  8
DIM
 62
     0
370
    -2
100
AcDbLine
 10
80.00842400863492
 20
-147.8667206024997
 30
0.0
 11
80.30542400863492
 21
-147.8667206024997
 31
0.0
  0
LINE
  5
1E66
330
1E46
100
AcDbEntity
  8
DIM
 62
     0
370
    -2
100
AcDbLine
 10
80.15692400863491
 20
-148.0152206024997
 30
0.0
 11
80.15692400863491
 21
-147.7182206024997
 31
0.0
  0
POINT
  5
1E67
330
1E46
100
AcDbEntity
  8
Defpoints
 62
     0
100
AcDbPoint
 10
83.92854734653836
 20
-145.0706729633221
 30
0.0
  0
POINT
  5
1E68
330
1E46
100
AcDbEntity
  8
Defpoints
 62
     0
100
AcDbPoint
 10
80.15692400863491
 20
-147.8667206024997
 30
0.0
  0
ENDBLK
  5
1E50
330
1E46
100
AcDbEntity
  8
DIM
100
AcDbBlockEnd
  0
ENDSEC
  0
SECTION
  2
ENTITIES
  0
LINE
  5
13E3
330
242
100
AcDbEntity
  8
0
  6
Continuous
 62
     7
100
AcDbLine
 10
40.20192401023479
 20
-147.6197330878394
 30
0.0
 11
40.20192401023479
 21
-182.0237081176996
 31
0.0
  0
LINE
  5
13E4
330
242
100
AcDbEntity
  8
0
  6
Continuous
 62
     7
100
AcDbLine
 10
40.3201033903336
 20
-147.7379124679395
 30
0.0
 11
40.3201033903336
 21
-181.9055287375999
 31
0.0
  0
LINE
  5
13E5
330
242
100
AcDbEntity
  8
0
  6
Continuous
 62
     7
100
AcDbLine
 10
40.81993205285499
 20
-147.7379124679395
 30
0.0
 11
40.81993205285499
 21
-181.9055287375999
 31
0.0
  0
LINE
  5
13E6
330
242
100
AcDbEntity
  8
0
  6
Continuous
 62
     7
100
AcDbLine
 10
41.44773333979475
 20
-147.8667206024997
 30
0.0
 11
41.44773333979475
 21
-181.7767206030398
 31
0.0
  0
LINE
  5
13E7
330
242
100
AcDbEntity
  8
0
  6
Continuous
 62
     7
100
AcDbLine
 10
41.46693391099444
 20
-180.8217206029598
 30
0.0
 11
41.46693391099444
 21
-172.8217206034996
 31
0.0
  0
LINE
  5
13E8
330
242
100
AcDbEntity
  8
0
  6
Continuous
 62
     7
100
AcDbLine
 10
41.46693391099444
 20
-150.8217206030794
 30
0.0
 11
41.46693391099444
 21
-148.3217206043595
 31
0.0
  0
LINE
  5
13E9
330
242
100
AcDbEntity
  8
0
  6
Continuous
 62
     7
100
AcDbLine
 10
41.47217043087431
 20
-147.8667206024997
 30
0.0
 11
41.47217043087431
 21
-148.3217206043595
 31
0.0
  0
LINE
  5
13EA
330
242
100
AcDbEntity
  8
0
  6
Continuous
 62
     7
100
AcDbLine
 10
41.47217043087431
 20
-180.8217206029598
 30
0.0
 11
41.47217043087431
 21
-181.7767206030398
 31
0.0
  0
LINE
  5
13EB
330
242
100
AcDbEntity
  8
0
  6
Continuous
 62
     7
100
AcDbLine
 10
41.49311650785358
 20
-150.8479031999395
 30
0.0
 11
41.49311650785358
 21
-172.7955380066395
 31
0.0
  0
LINE
  5
13EC
102
{ACAD_REACTORS
330
1D39
102
}
330
242
100
AcDbEntity
  8
0
  6
Continuous
 62
     7
100
AcDbLine
 10
41.55192401025425
 20
-147.8667206024997
 30
0.0
 11
41.55192401025425
 21
-181.7767206030398
 31
0.0
  0
LINE
  5
13ED
330
242
100
AcDbEntity
  8
0
  6
Continuous
 62
     7
100
AcDbLine
 10
45.99993649343406
 20
-187.8217206034396
 30
0.0
 11
80.40391152583408
 21
-187.8217206034396
 31
0.0
  0
LINE
  5
13EE
330
242
100
AcDbEntity
  8
0
  6
Continuous
 62
     7
100
AcDbLine
 10
46.118115876074
 20
-187.7035412233398
 30
0.0
 11
80.28573214319322
 21
-187.7035412233398
 31
0.0
  0
LINE
  5
13EF
330
242
100
AcDbEntity
  8
0
  6
Continuous
 62
     7
100
AcDbLine
 10
46.118115876074
 20
-187.2037125608198
 30
0.0
 11
80.28573214319322
 21
-187.2037125608198
 31
0.0
  0
LINE
  5
13F0
330
242
100
AcDbEntity
  8
0
  6
Continuous
 62
     7
100
AcDbLine
 10
46.24692401063413
 20
-186.5759112738796
 30
0.0
 11
80.15692400863491
 21
-186.5759112738796
 31
0.0
  0
LINE
  5
13F1
330
242
100
AcDbEntity
  8
0
  6
Continuous
 62
     7
100
AcDbLine
 10
46.24692401063413
 20
-186.5514741827996
 30
0.0
 11
80.15692400863491
 21
-186.5514741827996
 31
0.0
  0
LINE
  5
13F2
102
{ACAD_REACTORS
330
1D1F
102
}
330
242
100
AcDbEntity
  8
0
  6
Continuous
 62
     7
100
AcDbLine
 10
46.24692401063413
 20
-186.4717206034196
 30
0.0
 11
80.15692400863491
 21
-186.4717206034196
 31
0.0
  0
LINE
  5
13F3
330
242
100
AcDbEntity
  8
0
  6
Continuous
 62
     7
100
AcDbLine
 10
43.70671900977441
 20
-176.5680906037595
 30
0.0
 11
43.70671900977441
 21
-153.0749606025596
 31
0.0
  0
LINE
  5
13F5
102
{ACAD_REACTORS
330
1D05
102
}
330
242
100
AcDbEntity
  8
0
  6
Continuous
 62
     7
100
AcDbLine
 10
74.94867900985383
 20
-184.3169206026399
 30
0.0
 11
51.45554900865437
 21
-184.3169206026399
 31
0.0
  0
LINE
  5
13F6
330
242
100
AcDbEntity
  8
0
  6
Continuous
 62
     7
100
AcDbLine
 10
46.118115876074
 20
-187.2037125608198
 30
0.0
 11
46.118115876074
 21
-187.7035412233398
 31
0.0
  0
LINE
  5
13F7
330
242
100
AcDbEntity
  8
0
  6
Continuous
 62
     7
100
AcDbLine
 10
46.118115876074
 20
-142.4397286472598
 30
0.0
 11
46.118115876074
 21
-141.9398999847394
 31
0.0
  0
LINE
  5
13F8
330
242
100
AcDbEntity
  8
0
  6
Continuous
 62
     7
100
AcDbLine
 10
46.24692401063413
 20
-143.0675299341996
 30
0.0
 11
46.24692401063413
 21
-143.0919670227394
 31
0.0
  0
LINE
  5
13F9
330
242
100
AcDbEntity
  8
0
  6
Continuous
 62
     7
100
AcDbLine
 10
46.24692401063413
 20
-186.5759112738796
 30
0.0
 11
46.24692401063413
 21
-186.5514741827996
 31
0.0
  0
LINE
  5
13FB
330
242
100
AcDbEntity
  8
0
  6
Continuous
 62
     7
100
AcDbLine
 10
40.81993205285499
 20
-181.9055287375999
 30
0.0
 11
40.3201033903336
 21
-181.9055287375999
 31
0.0
  0
LINE
  5
13FC
330
242
100
AcDbEntity
  8
0
  6
Continuous
 62
     7
100
AcDbLine
 10
85.58391596641405
 20
-181.9055287375999
 30
0.0
 11
86.08374462893364
 21
-181.9055287375999
 31
0.0
  0
LINE
  5
13FD
330
242
100
AcDbEntity
  8
0
  6
Continuous
 62
     7
100
AcDbLine
 10
84.9561146794743
 20
-181.7767206030398
 30
0.0
 11
84.93167758839474
 21
-181.7767206030398
 31
0.0
  0
LINE
  5
13FE
330
242
100
AcDbEntity
  8
0
  6
Continuous
 62
     7
100
AcDbLine
 10
41.44773333979475
 20
-181.7767206030398
 30
0.0
 11
41.47217043087431
 21
-181.7767206030398
 31
0.0
  0
LINE
  5
13FF
330
242
100
AcDbEntity
  8
0
  6
Continuous
 62
     7
100
AcDbLine
 10
41.46693391099444
 20
-180.8217206029598
 30
0.0
 11
41.55192401025425
 21
-180.8217206029598
 31
0.0
  0
LINE
  5
1400
330
242
100
AcDbEntity
  8
0
  6
Continuous
 62
     7
100
AcDbLine
 10
50.55192400869447
 20
-141.8217206020999
 30
0.0
 11
50.55192400869447
 21
-141.0818693589198
 31
0.0
  0
LINE
  5
1405
330
242
100
AcDbEntity
  8
0
  6
Continuous
 62
     7
100
AcDbLine
 10
41.46693391099444
 20
-172.8217206034996
 30
0.0
 11
41.49311650785358
 21
-172.7955380066395
 31
0.0
  0
LINE
  5
1408
330
242
100
AcDbEntity
  8
0
  6
Continuous
 62
     7
100
AcDbLine
 10
55.8519240106537
 20
-141.8217206020999
 30
0.0
 11
55.8519240106537
 21
-141.0818693589198
 31
0.0
  0
LINE
  5
141E
330
242
100
AcDbEntity
  8
0
  6
Continuous
 62
     7
100
AcDbLine
 10
40.3201033903336
 20
-181.9055287375999
 30
0.0
 11
40.20192401023479
 21
-182.0237081176996
 31
0.0
  0
LINE
  5
141F
330
242
100
AcDbEntity
  8
0
  6
Continuous
 62
     7
100
AcDbLine
 10
80.28573214319322
 20
-141.9398999847394
 30
0.0
 11
80.40391152583408
 21
-141.8217206020999
 31
0.0
  0
LINE
  5
1420
330
242
100
AcDbEntity
  8
0
  6
Continuous
 62
     7
100
AcDbLine
 10
41.46693391099444
 20
-172.8217206034996
 30
0.0
 11
41.55192401025425
 21
-172.8217206034996
 31
0.0
  0
LINE
  5
1421
330
242
100
AcDbEntity
  8
0
  6
Continuous
 62
     7
100
AcDbLine
 10
41.49311650785358
 20
-172.7955380066395
 30
0.0
 11
41.55192401025425
 21
-172.7955380066395
 31
0.0
  0
LINE
  5
143A
330
242
100
AcDbEntity
  8
0
  6
Continuous
 62
     7
100
AcDbLine
 10
41.49311650785358
 20
-150.8479031999395
 30
0.0
 11
41.46693391099444
 21
-150.8217206030794
 31
0.0
  0
LINE
  5
143B
330
242
100
AcDbEntity
  8
0
  6
Continuous
 62
     7
100
AcDbLine
 10
60.55192400865355
 20
-141.8217206020999
 30
0.0
 11
60.55192400865355
 21
-141.0818693589198
 31
0.0
  0
LINE
  5
143F
330
242
100
AcDbEntity
  8
0
  6
Continuous
 62
     7
100
AcDbLine
 10
80.28573214319322
 20
-187.7035412233398
 30
0.0
 11
80.40391152583408
 21
-187.8217206034396
 31
0.0
  0
LINE
  5
1440
330
242
100
AcDbEntity
  8
0
  6
Continuous
 62
     7
100
AcDbLine
 10
40.3201033903336
 20
-147.7379124679395
 30
0.0
 11
40.20192401023479
 21
-147.6197330878394
 31
0.0
  0
LWPOLYLINE
  5
1442
330
242
100
AcDbEntity
  8
0
  6
Continuous
 62
     7
100
AcDbPolyline
 90
       50
 70
     0
 43
0.0
 10
55.85192400303395
 20
-141.0818735092798
 10
55.81070242431389
 20
-140.9600982003798
 10
55.73533222453381
 20
-140.8996392661797
 10
55.68755021951375
 20
-140.8839925461397
 10
55.66279194289501
 20
-140.8799979084596
 10
55.64070284559358
 20
-140.8777392617198
 10
55.61523531969425
 20
-140.8758656891395
 10
55.58456476381462
 20
-140.8741237495195
 10
55.54751092885391
 20
-140.8724256248996
 10
55.50268275333412
 20
-140.8707220697596
 10
55.44861687975327
 20
-140.8689886772394
 10
55.3839602882129
 20
-140.8672201361996
 10
55.30830552207437
 20
-140.8654413056196
 10
55.22181594143359
 20
-140.8636824978597
 10
55.12481465969386
 20
-140.8619676244797
 10
55.01719589347459
 20
-140.8603093168999
 10
54.89883712587408
 20
-140.8587200160399
 10
54.7697543004736
 20
-140.8572125514396
 10
54.6300488267737
 20
-140.8558007305395
 10
54.47988795361317
 20
-140.8544996891996
 10
54.31957761891436
 20
-140.8533246674196
 10
54.1495846213341
 20
-140.8522907451797
 10
53.97048082917383
 20
-140.85141413276
 10
53.78309929893323
 20
-140.8507116779796
 10
53.58884221729415
 20
-140.8501992329797
 10
53.38934603005355
 20
-140.8498910217594
 10
53.18639383499368
 20
-140.8497978799595
 10
52.98188864329432
 20
-140.8499265690593
 10
52.77779896003386
 20
-140.8502808812799
 10
52.57610665831482
 20
-140.8508598793595
 10
52.37877645353484
 20
-140.8516593545195
 10
52.18769597971396
 20
-140.8526707596597
 10
52.00467552533365
 20
-140.8538820450198
 10
51.83134758141415
 20
-140.8552773533797
 10
51.66914362083417
 20
-140.8568380436799
 10
51.51924146191351
 20
-140.8585427926199
 10
51.38255237029381
 20
-140.8603684709596
 10
51.25970073131458
 20
-140.8622907404196
 10
51.15100816739351
 20
-140.8642847978994
 10
51.05643220465418
 20
-140.8663278926196
 10
50.97554521377452
 20
-140.8684025773195
 10
50.90771184677425
 20
-140.8704961164398
 10
50.85209343375328
 20
-140.8726041437198
 10
50.80758103865474
 20
-140.8747417365993
 10
50.77276636355446
 20
-140.8769666673797
 10
50.74470543669332
 20
-140.8795618133198
 10
50.71460055151357
 20
-140.8843488497195
 10
50.65931824399496
 20
-140.9042017691199
 10
50.58926061423455
 20
-140.9653556879597
 10
50.5519240163133
 20
-141.0818723637393
  0
LINE
  5
1443
330
242
100
AcDbEntity
  8
0
  6
Continuous
 62
     7
100
AcDbLine
 10
65.85192401061459
 20
-141.8217206020999
 30
0.0
 11
65.85192401061459
 21
-141.0818693589198
 31
0.0
  0
LINE
  5
1444
330
242
100
AcDbEntity
  8
0
  6
Continuous
 62
     7
100
AcDbLine
 10
46.118115876074
 20
-187.7035412233398
 30
0.0
 11
45.99993649343406
 21
-187.8217206034396
 31
0.0
  0
LINE
  5
1445
102
{ACAD_REACTORS
330
1D89
102
}
330
242
100
AcDbEntity
  8
0
  6
Continuous
 62
     7
100
AcDbLine
 10
86.08374462893364
 20
-147.7379124679395
 30
0.0
 11
86.20192400903425
 21
-147.6197330878394
 31
0.0
  0
LINE
  5
1446
330
242
100
AcDbEntity
  8
0
  6
Continuous
 62
     7
100
AcDbLine
 10
86.08374462893364
 20
-181.9055287375999
 30
0.0
 11
86.20192400903425
 21
-182.0237081176996
 31
0.0
  0
LINE
  5
1447
330
242
100
AcDbEntity
  8
0
  6
Continuous
 62
     7
100
AcDbLine
 10
46.118115876074
 20
-141.9398999847394
 30
0.0
 11
45.99993649343406
 21
-141.8217206020999
 31
0.0
  0
LINE
  5
1448
330
242
100
AcDbEntity
  8
0
  6
Continuous
 62
     7
100
AcDbLine
 10
70.55192400861352
 20
-141.8217206020999
 30
0.0
 11
70.55192400861352
 21
-141.0818693589198
 31
0.0
  0
LWPOLYLINE
  5
144F
330
242
100
AcDbEntity
  8
0
  6
Continuous
 62
     7
100
AcDbPolyline
 90
       50
 70
     0
 43
0.0
 10
65.85192400299394
 20
-141.0818735092798
 10
65.81070242427478
 20
-140.9600982003798
 10
65.73533222449379
 20
-140.8996392661797
 10
65.68755021947374
 20
-140.8839925461397
 10
65.6627919453943
 20
-140.8799979084596
 10
65.64070284555447
 20
-140.8777392617198
 10
65.61523531965423
 20
-140.8758656891395
 10
65.58456476377461
 20
-140.8741237495195
 10
65.54751092881389
 20
-140.8724256248996
 10
65.502682753295
 20
-140.8707220697596
 10
65.44861687971416
 20
-140.8689886772394
 10
65.3839602881738
 20
-140.8672201361996
 10
65.30830552457456
 20
-140.8654413056196
 10
65.22181594139357
 20
-140.8636824978597
 10
65.12481465965385
 20
-140.8619676244797
 10
65.01719589343458
 20
-140.8603093168999
 10
64.89883712583406
 20
-140.8587200160399
 10
64.76975430043359
 20
-140.8572125514396
 10
64.63004882673459
 20
-140.8558007305395
 10
64.47988795357407
 20
-140.8544996891996
 10
64.31957761887435
 20
-140.8533246674196
 10
64.14958462129499
 20
-140.8522907451797
 10
63.9704808291338
 20
-140.85141413276
 10
63.7830992988932
 20
-140.8507116779796
 10
63.58884221725412
 20
-140.8501992329797
 10
63.38934603001354
 20
-140.8498910217594
 10
63.18639383495366
 20
-140.8497978799595
 10
62.98188864325431
 20
-140.8499265690593
 10
62.77779895999384
 20
-140.8502808812799
 10
62.57610665827479
 20
-140.8508598793595
 10
62.37877645349482
 20
-140.8516593545195
 10
62.18769597967394
 20
-140.8526707596597
 10
62.00467552529364
 20
-140.8538820450198
 10
61.83134758137504
 20
-140.8552773533797
 10
61.66914362079416
 20
-140.8568380436799
 10
61.51924146187349
 20
-140.8585427926199
 10
61.38255237025379
 20
-140.8603684709596
 10
61.25970073127456
 20
-140.8622907404196
 10
61.15100816735349
 20
-140.8642847978994
 10
61.05643220461508
 20
-140.8663278926196
 10
60.9755452137345
 20
-140.8684025773195
 10
60.90771184673513
 20
-140.8704961164398
 10
60.85209343625348
 20
-140.8726041437198
 10
60.80758103861473
 20
-140.8747417365993
 10
60.77276636351354
 20
-140.8769666673797
 10
60.74470543665421
 20
-140.8795618133198
 10
60.71460055147446
 20
-140.8843488497195
 10
60.65931824395494
 20
-140.9042017691199
 10
60.58926061419453
 20
-140.9653556879597
 10
60.5519240162742
 20
-141.0818723637393
  0
LINE
  5
1450
330
242
100
AcDbEntity
  8
0
  6
Continuous
 62
     7
100
AcDbLine
 10
75.85192401057458
 20
-141.8217206020999
 30
0.0
 11
75.85192401057458
 21
-141.0818693589198
 31
0.0
  0
LINE
  5
1451
330
242
100
AcDbEntity
  8
0
  6
Continuous
 62
     7
100
AcDbLine
 10
41.55192401025425
 20
-150.8479031999395
 30
0.0
 11
41.49311650785358
 21
-150.8479031999395
 31
0.0
  0
LINE
  5
1452
330
242
100
AcDbEntity
  8
0
  6
Continuous
 62
     7
100
AcDbLine
 10
41.55192401025425
 20
-150.8217206030794
 30
0.0
 11
41.46693391099444
 21
-150.8217206030794
 31
0.0
  0
LINE
  5
1453
330
242
100
AcDbEntity
  8
0
  6
Continuous
 62
     7
100
AcDbLine
 10
80.15692400863491
 20
-143.0675299341996
 30
0.0
 11
80.15692400863491
 21
-143.0919670227394
 31
0.0
  0
LINE
  5
1454
330
242
100
AcDbEntity
  8
0
  6
Continuous
 62
     7
100
AcDbLine
 10
80.15692400863491
 20
-186.5759112738796
 30
0.0
 11
80.15692400863491
 21
-186.5514741827996
 31
0.0
  0
LINE
  5
1455
330
242
100
AcDbEntity
  8
0
  6
Continuous
 62
     7
100
AcDbLine
 10
80.28573214319322
 20
-187.2037125608198
 30
0.0
 11
80.28573214319322
 21
-187.7035412233398
 31
0.0
  0
LINE
  5
1456
330
242
100
AcDbEntity
  8
0
  6
Continuous
 62
     7
100
AcDbLine
 10
80.28573214319322
 20
-142.4397286472598
 30
0.0
 11
80.28573214319322
 21
-141.9398999847394
 31
0.0
  0
LINE
  5
1457
330
242
100
AcDbEntity
  8
0
  6
Continuous
 62
     7
100
AcDbLine
 10
41.55192401025425
 20
-148.3217206043595
 30
0.0
 11
41.46693391099444
 21
-148.3217206043595
 31
0.0
  0
LINE
  5
1458
330
242
100
AcDbEntity
  8
0
  6
Continuous
 62
     7
100
AcDbLine
 10
84.9561146794743
 20
-147.8667206024997
 30
0.0
 11
84.93167758839474
 21
-147.8667206024997
 31
0.0
  0
LINE
  5
1459
330
242
100
AcDbEntity
  8
0
  6
Continuous
 62
     7
100
AcDbLine
 10
41.47217043087431
 20
-147.8667206024997
 30
0.0
 11
41.44773333979475
 21
-147.8667206024997
 31
0.0
  0
LINE
  5
145A
330
242
100
AcDbEntity
  8
0
  6
Continuous
 62
     7
100
AcDbLine
 10
40.81993205285499
 20
-147.7379124679395
 30
0.0
 11
40.3201033903336
 21
-147.7379124679395
 31
0.0
  0
LINE
  5
145B
330
242
100
AcDbEntity
  8
0
  6
Continuous
 62
     7
100
AcDbLine
 10
85.58391596641405
 20
-147.7379124679395
 30
0.0
 11
86.08374462893364
 21
-147.7379124679395
 31
0.0
  0
LINE
  5
145C
330
242
100
AcDbEntity
  8
0
  6
Continuous
 62
     7
100
AcDbLine
 10
82.69711900951397
 20
-153.0757347539197
 30
0.0
 11
82.69711900951397
 21
-176.5680806037798
 31
0.0
  0
LINE
  5
145D
330
242
100
AcDbEntity
  8
0
  6
Continuous
 62
     7
100
AcDbLine
 10
51.45555900863411
 20
-145.3265206028995
 30
0.0
 11
74.94867900985383
 21
-145.3265206028995
 31
0.0
  0
LWPOLYLINE
  5
145E
330
242
100
AcDbEntity
  8
0
  6
Continuous
 62
     7
100
AcDbPolyline
 90
       50
 70
     0
 43
0.0
 10
75.85192400295392
 20
-141.0818735092798
 10
75.81070242423476
 20
-140.9600982003798
 10
75.73533222445468
 20
-140.8996392661797
 10
75.68755022197393
 20
-140.8839925461397
 10
75.66279194535429
 20
-140.8799979084596
 10
75.64070284551445
 20
-140.8777392617198
 10
75.61523531961421
 20
-140.8758656891395
 10
75.58456476373368
 20
-140.8741237495195
 10
75.54751092877478
 20
-140.8724256248996
 10
75.50268275325317
 20
-140.8707220697596
 10
75.44861687967415
 20
-140.8689886772394
 10
75.38396028813378
 20
-140.8672201361996
 10
75.30830552453455
 20
-140.8654413056196
 10
75.22181594135355
 20
-140.8636824978597
 10
75.12481465961383
 20
-140.8619676244797
 10
75.01719589339455
 20
-140.8603093168999
 10
74.89883712579405
 20
-140.8587200160399
 10
74.76975430039357
 20
-140.8572125514396
 10
74.63004882669458
 20
-140.8558007305395
 10
74.47988795353404
 20
-140.8544996891996
 10
74.31957761883433
 20
-140.8533246674196
 10
74.14958462125316
 20
-140.8522907451797
 10
73.97048082909378
 20
-140.85141413276
 10
73.7830992988541
 20
-140.8507116779796
 10
73.5888422172141
 20
-140.8501992329797
 10
73.38934602997352
 20
-140.8498910217594
 10
73.18639383491365
 20
-140.8497978799595
 10
72.98188864321429
 20
-140.8499265690593
 10
72.77779895995383
 20
-140.8502808812799
 10
72.57610665823387
 20
-140.8508598793595
 10
72.37877645345299
 20
-140.8516593545195
 10
72.18769597963393
 20
-140.8526707596597
 10
72.00467552525362
 20
-140.8538820450198
 10
71.83134758133502
 20
-140.8552773533797
 10
71.66914362075414
 20
-140.8568380436799
 10
71.51924146183347
 20
-140.8585427926199
 10
71.38255237021377
 20
-140.8603684709596
 10
71.25970073123454
 20
-140.8622907404196
 10
71.15100816731348
 20
-140.8642847978994
 10
71.05643220457324
 20
-140.8663278926196
 10
70.97554521369449
 20
-140.8684025773195
 10
70.9077118466933
 20
-140.8704961164398
 10
70.85209343621347
 20
-140.8726041437198
 10
70.8075810385738
 20
-140.8747417365993
 10
70.77276636347352
 20
-140.8769666673797
 10
70.74470543661419
 20
-140.8795618133198
 10
70.71460055143444
 20
-140.8843488497195
 10
70.6593182439131
 20
-140.9042017691199
 10
70.58926061415451
 20
-140.9653556879597
 10
70.55192401623418
 20
-141.0818723637393
  0
LINE
  5
145F
102
{ACAD_REACTORS
330
1D39
102
}
330
242
100
AcDbEntity
  8
0
  6
Continuous
 62
     7
100
AcDbLine
 10
84.8519240090148
 20
-181.7767206030398
 30
0.0
 11
84.8519240090148
 21
-147.8667206024997
 31
0.0
  0
LINE
  5
1460
330
242
100
AcDbEntity
  8
0
  6
Continuous
 62
     7
100
AcDbLine
 10
84.93167758839474
 20
-181.7767206030398
 30
0.0
 11
84.93167758839474
 21
-147.8667206024997
 31
0.0
  0
LINE
  5
1461
330
242
100
AcDbEntity
  8
0
  6
Continuous
 62
     7
100
AcDbLine
 10
84.9561146794743
 20
-181.7767206030398
 30
0.0
 11
84.9561146794743
 21
-147.8667206024997
 31
0.0
  0
LINE
  5
1462
330
242
100
AcDbEntity
  8
0
  6
Continuous
 62
     7
100
AcDbLine
 10
85.58391596641405
 20
-181.9055287375999
 30
0.0
 11
85.58391596641405
 21
-147.7379124679395
 31
0.0
  0
LINE
  5
1463
330
242
100
AcDbEntity
  8
0
  6
Continuous
 62
     7
100
AcDbLine
 10
86.08374462893364
 20
-181.9055287375999
 30
0.0
 11
86.08374462893364
 21
-147.7379124679395
 31
0.0
  0
LINE
  5
1464
330
242
100
AcDbEntity
  8
0
  6
Continuous
 62
     7
100
AcDbLine
 10
86.20192400903425
 20
-182.0237081176996
 30
0.0
 11
86.20192400903425
 21
-147.6197330878394
 31
0.0
  0
LINE
  5
1465
102
{ACAD_REACTORS
330
1D1F
330
1DBD
102
}
330
242
100
AcDbEntity
  8
0
  6
Continuous
 62
     7
100
AcDbLine
 10
80.15692400863491
 20
-143.1717206021198
 30
0.0
 11
46.24692401063413
 21
-143.1717206021198
 31
0.0
  0
LINE
  5
1466
330
242
100
AcDbEntity
  8
0
  6
Continuous
 62
     7
100
AcDbLine
 10
80.15692400863491
 20
-143.0919670227394
 30
0.0
 11
46.24692401063413
 21
-143.0919670227394
 31
0.0
  0
LINE
  5
1467
330
242
100
AcDbEntity
  8
0
  6
Continuous
 62
     7
100
AcDbLine
 10
80.15692400863491
 20
-143.0675299341996
 30
0.0
 11
46.24692401063413
 21
-143.0675299341996
 31
0.0
  0
LINE
  5
1468
330
242
100
AcDbEntity
  8
0
  6
Continuous
 62
     7
100
AcDbLine
 10
80.28573214319322
 20
-142.4397286472598
 30
0.0
 11
46.118115876074
 21
-142.4397286472598
 31
0.0
  0
LINE
  5
1469
330
242
100
AcDbEntity
  8
0
  6
Continuous
 62
     7
100
AcDbLine
 10
80.28573214319322
 20
-141.9398999847394
 30
0.0
 11
46.118115876074
 21
-141.9398999847394
 31
0.0
  0
LINE
  5
146A
330
242
100
AcDbEntity
  8
0
  6
Continuous
 62
     7
100
AcDbLine
 10
80.40391152583408
 20
-141.8217206020999
 30
0.0
 11
45.99993649343406
 21
-141.8217206020999
 31
0.0
  0
LINE
  5
146B
330
242
100
AcDbEntity
  8
0
  6
Continuous
 62
     7
100
AcDbLine
 10
19.27374448491474
 20
-187.7035412233398
 30
0.0
 11
14.7606560104744
 21
-187.8217206034396
 31
0.0
  0
LINE
  5
146C
330
242
100
AcDbEntity
  8
0
  6
Continuous
 62
     7
100
AcDbLine
 10
-1.999161186106618
 20
-187.6023225789399
 30
0.0
 11
14.7606560104744
 21
-187.8217206034396
 31
0.0
  0
LINE
  5
146D
330
242
100
AcDbEntity
  8
0
  6
Continuous
 62
     7
100
AcDbLine
 10
19.27374448491474
 20
-181.9055287375999
 30
0.0
 11
14.7606560104744
 21
-182.0237081176996
 31
0.0
  0
LINE
  5
146E
330
242
100
AcDbEntity
  8
0
  6
Continuous
 62
     7
100
AcDbLine
 10
19.7606560104544
 20
-181.9055287375999
 30
0.0
 11
19.27374448491474
 21
-181.9055287375999
 31
0.0
  0
LINE
  5
146F
330
242
100
AcDbEntity
  8
0
  6
Continuous
 62
     7
100
AcDbLine
 10
-2.739343988185908
 20
-181.8028194789598
 30
0.0
 11
-1.999161186106618
 21
-181.8028194789598
 31
0.0
  0
LINE
  5
1470
330
242
100
AcDbEntity
  8
0
  6
Continuous
 62
     7
100
AcDbLine
 10
-1.999161186106618
 20
-181.8028194789598
 30
0.0
 11
14.7606560104744
 21
-182.0222175034595
 31
0.0
  0
LINE
  5
1471
330
242
100
AcDbEntity
  8
0
  6
Continuous
 62
     7
100
AcDbLine
 10
-2.739343988185908
 20
-186.8523868321799
 30
0.0
 11
-2.739343988185908
 21
-142.7910543733596
 31
0.0
  0
LINE
  5
1472
330
242
100
AcDbEntity
  8
0
  6
Continuous
 62
     7
100
AcDbLine
 10
-1.999161186106618
 20
-181.8028194789598
 30
0.0
 11
-1.999161186106618
 21
-147.8406217291198
 31
0.0
  0
LINE
  5
1473
330
242
100
AcDbEntity
  8
0
  6
Continuous
 62
     7
100
AcDbLine
 10
11.08065780787302
 20
-159.4586898442198
 30
0.0
 11
11.1106578088341
 21
-159.4494836853395
 31
0.0
  0
LINE
  5
1474
330
242
100
AcDbEntity
  8
0
  6
Continuous
 62
     7
100
AcDbLine
 10
12.01065780969503
 20
-158.6956494983196
 30
0.0
 11
12.21065780847431
 21
-158.4956147497996
 31
0.0
  0
LINE
  5
1479
330
242
100
AcDbEntity
  8
0
  6
Continuous
 62
     7
100
AcDbLine
 10
11.95678020091355
 20
-170.8678190909394
 30
0.0
 11
10.9567802019331
 21
-170.8678190909394
 31
0.0
  0
LINE
  5
147A
330
242
100
AcDbEntity
  8
0
  6
Continuous
 62
     7
100
AcDbLine
 10
11.96065600977482
 20
-170.5717206026197
 30
0.0
 11
10.96065601079436
 21
-170.5717206026197
 31
0.0
  0
LINE
  5
147B
330
242
100
AcDbEntity
  8
0
  6
Continuous
 62
     7
100
AcDbLine
 10
11.26065780855452
 20
-170.5256755156396
 30
0.0
 11
12.15691461649413
 21
-170.5256755156396
 31
0.0
  0
LINE
  5
147C
330
242
100
AcDbEntity
  8
0
  6
Continuous
 62
     7
100
AcDbLine
 10
12.21719959117337
 20
-170.4956781232594
 30
0.0
 11
11.26065780855452
 21
-170.4956781232594
 31
0.0
  0
LINE
  5
147D
330
242
100
AcDbEntity
  8
0
  6
Continuous
 62
     7
100
AcDbLine
 10
11.31065780761429
 20
-170.4756755165799
 30
0.0
 11
12.25405553981392
 21
-170.4756755165799
 31
0.0
  0
LINE
  5
1482
330
242
100
AcDbEntity
  8
0
  6
Continuous
 62
     7
100
AcDbLine
 10
10.16068171285343
 20
-170.0717206044
 30
0.0
 11
10.46065601003312
 21
-170.0717206044
 31
0.0
  0
LINE
  5
1489
330
242
100
AcDbEntity
  8
0
  6
Continuous
 62
     7
100
AcDbLine
 10
11.1106578088341
 20
-170.0456755180598
 30
0.0
 11
12.21065780847431
 21
-170.0456755180598
 31
0.0
  0
LINE
  5
1495
330
242
100
AcDbEntity
  8
0
  6
Continuous
 62
     7
100
AcDbLine
 10
11.1106578088341
 20
-169.8457102664796
 30
0.0
 11
12.01065780969503
 21
-169.8457102664796
 31
0.0
  0
LINE
  5
1498
330
242
100
AcDbEntity
  8
0
  6
Continuous
 62
     7
100
AcDbLine
 10
10.46065601003312
 20
-169.7217206033596
 30
0.0
 11
10.96065780911459
 21
-169.7217206033596
 31
0.0
  0
LINE
  5
14A6
330
242
100
AcDbEntity
  8
0
  6
Continuous
 62
     7
100
AcDbLine
 10
11.41065780827404
 20
-169.0468048614997
 30
0.0
 11
12.01065780969503
 21
-169.0468048614997
 31
0.0
  0
LINE
  5
14A7
330
242
100
AcDbEntity
  8
0
  6
Continuous
 62
     7
100
AcDbLine
 10
11.08065780787302
 20
-170.3456755174997
 30
0.0
 11
11.1106578088341
 21
-170.3456781235394
 31
0.0
  0
LINE
  5
14B2
330
242
100
AcDbEntity
  8
0
  6
Continuous
 62
     7
100
AcDbLine
 10
12.01065780969503
 20
-166.3832942626995
 30
0.0
 11
11.96357333439329
 21
-166.3963755827398
 31
0.0
  0
LINE
  5
14B3
330
242
100
AcDbEntity
  8
0
  6
Continuous
 62
     7
100
AcDbLine
 10
11.65065780833475
 20
-168.8964486877398
 30
0.0
 11
12.01065780969503
 21
-168.8963967345798
 31
0.0
  0
LINE
  5
14B4
330
242
100
AcDbEntity
  8
0
  6
Continuous
 62
     7
100
AcDbLine
 10
11.61065780959353
 20
-168.8164486851796
 30
0.0
 11
12.01065780969503
 21
-168.8163913141997
 31
0.0
  0
LINE
  5
14B5
330
242
100
AcDbEntity
  8
0
  6
Continuous
 62
     7
100
AcDbLine
 10
11.61065780959353
 20
-168.6764486857796
 30
0.0
 11
12.01065780969503
 21
-168.6763913147997
 31
0.0
  0
LINE
  5
14B6
330
242
100
AcDbEntity
  8
0
  6
Continuous
 62
     7
100
AcDbLine
 10
12.01065780969503
 20
-168.5963967376796
 30
0.0
 11
11.65065780833475
 21
-168.5964486857596
 31
0.0
  0
LINE
  5
14B7
330
242
100
AcDbEntity
  8
0
  6
Continuous
 62
     7
100
AcDbLine
 10
11.41065780827404
 20
-168.4968743611597
 30
0.0
 11
11.81065780837372
 21
-168.4968743611597
 31
0.0
  0
LINE
  5
14B8
330
242
100
AcDbEntity
  8
0
  6
Continuous
 62
     7
100
AcDbLine
 10
11.41065780827404
 20
-168.4468048651596
 30
0.0
 11
12.01065780969503
 21
-168.4468048651596
 31
0.0
  0
LINE
  5
14B9
330
242
100
AcDbEntity
  8
0
  6
Continuous
 62
     7
100
AcDbLine
 10
10.46065601003312
 20
-168.2217206036197
 30
0.0
 11
10.96065780911459
 21
-168.2217206036197
 31
0.0
  0
LINE
  5
14BA
330
242
100
AcDbEntity
  8
0
  6
Continuous
 62
     7
100
AcDbLine
 10
12.01065780969503
 20
-167.9468048669395
 30
0.0
 11
11.41065780827404
 21
-167.9468048669395
 31
0.0
  0
LINE
  5
14BB
330
242
100
AcDbEntity
  8
0
  6
Continuous
 62
     7
100
AcDbLine
 10
11.65065780833475
 20
-167.7964486931796
 30
0.0
 11
12.01065780969503
 21
-167.7963967400196
 31
0.0
  0
LINE
  5
14BC
330
242
100
AcDbEntity
  8
0
  6
Continuous
 62
     7
100
AcDbLine
 10
11.61065780959353
 20
-167.7164486906199
 30
0.0
 11
12.01065780969503
 21
-167.7163913170997
 31
0.0
  0
LINE
  5
14BD
330
242
100
AcDbEntity
  8
0
  6
Continuous
 62
     7
100
AcDbLine
 10
11.61065780959353
 20
-167.5764486886796
 30
0.0
 11
12.01065780969503
 21
-167.5763913176997
 31
0.0
  0
LINE
  5
14BE
330
242
100
AcDbEntity
  8
0
  6
Continuous
 62
     7
100
AcDbLine
 10
12.01065780969503
 20
-167.4963967405796
 30
0.0
 11
11.65065780833475
 21
-167.4964486886596
 31
0.0
  0
LINE
  5
14BF
330
242
100
AcDbEntity
  8
0
  6
Continuous
 62
     7
100
AcDbLine
 10
11.41065780827404
 20
-167.3468048680597
 30
0.0
 11
12.01065780969503
 21
-167.3468048680597
 31
0.0
  0
LINE
  5
14C0
330
242
100
AcDbEntity
  8
0
  6
Continuous
 62
     7
100
AcDbLine
 10
11.11070062307436
 20
-168.69620141234
 30
0.0
 11
11.11547883805389
 21
-168.6962187808598
 31
0.0
  0
LINE
  5
14C1
330
242
100
AcDbEntity
  8
0
  6
Continuous
 62
     7
100
AcDbLine
 10
11.11547883805389
 20
-167.8962187831998
 30
0.0
 11
11.11070062307436
 21
-167.8962014146795
 31
0.0
  0
LINE
  5
14C2
330
242
100
AcDbEntity
  8
0
  6
Continuous
 62
     7
100
AcDbLine
 10
11.86925904753417
 20
-170.4956781232594
 30
0.0
 11
11.81065780837372
 21
-170.4757537003196
 31
0.0
  0
LINE
  5
14C3
330
242
100
AcDbEntity
  8
0
  6
Continuous
 62
     7
100
AcDbLine
 10
7.510656009614024
 20
-141.9166283015397
 30
0.0
 11
7.510656009614024
 21
-141.1139414537796
 31
0.0
  0
LINE
  5
14C4
330
242
100
AcDbEntity
  8
0
  6
Continuous
 62
     7
100
AcDbLine
 10
11.61065780959353
 20
-160.9764487162396
 30
0.0
 11
11.65065780833475
 21
-160.8964487162197
 31
0.0
  0
LINE
  5
14C5
330
242
100
AcDbEntity
  8
0
  6
Continuous
 62
     7
100
AcDbLine
 10
11.65065780833475
 20
-161.9964747711796
 30
0.0
 11
11.61065780959353
 21
-162.0764747711995
 31
0.0
  0
LINE
  5
14C6
330
242
100
AcDbEntity
  8
0
  6
Continuous
 62
     7
100
AcDbLine
 10
11.11547883805389
 20
-161.6962188083197
 30
0.0
 11
11.15157587025379
 21
-161.6423548571196
 31
0.0
  0
LINE
  5
14C7
330
242
100
AcDbEntity
  8
0
  6
Continuous
 62
     7
100
AcDbLine
 10
12.01065780969503
 20
-164.1832942710397
 30
0.0
 11
11.96357333439329
 21
-164.1963755910796
 31
0.0
  0
LINE
  5
14C8
330
242
100
AcDbEntity
  8
0
  6
Continuous
 62
     7
100
AcDbLine
 10
11.41065780827404
 20
-166.84680486984
 30
0.0
 11
12.01065780969503
 21
-166.84680486984
 31
0.0
  0
LINE
  5
14C9
330
242
100
AcDbEntity
  8
0
  6
Continuous
 62
     7
100
AcDbLine
 10
11.65065780833475
 20
-166.6964226356794
 30
0.0
 11
12.01065780969503
 21
-166.6963706825194
 31
0.0
  0
LINE
  5
14CA
330
242
100
AcDbEntity
  8
0
  6
Continuous
 62
     7
100
AcDbLine
 10
11.61065780959353
 20
-166.6164226331197
 30
0.0
 11
12.01065780969503
 21
-166.6163652595996
 31
0.0
  0
LINE
  5
14CB
330
242
100
AcDbEntity
  8
0
  6
Continuous
 62
     7
100
AcDbLine
 10
12.01065780969503
 20
-166.4763652602
 30
0.0
 11
11.61065780959353
 21
-166.4764226311799
 31
0.0
  0
LINE
  5
14CC
330
242
100
AcDbEntity
  8
0
  6
Continuous
 62
     7
100
AcDbLine
 10
12.01065780969503
 20
-166.3963706830795
 30
0.0
 11
11.65065780833475
 21
-166.3964226311595
 31
0.0
  0
LINE
  5
14CD
330
242
100
AcDbEntity
  8
0
  6
Continuous
 62
     7
100
AcDbLine
 10
11.41065780827404
 20
-166.2468048734999
 30
0.0
 11
12.01065780969503
 21
-166.2468048734999
 31
0.0
  0
LINE
  5
14CE
330
242
100
AcDbEntity
  8
0
  6
Continuous
 62
     7
100
AcDbLine
 10
11.41065780827404
 20
-165.7468048752798
 30
0.0
 11
12.01065780969503
 21
-165.7468048752798
 31
0.0
  0
LINE
  5
14CF
330
242
100
AcDbEntity
  8
0
  6
Continuous
 62
     7
100
AcDbLine
 10
11.65065780833475
 20
-165.5964487015193
 30
0.0
 11
12.01065780969503
 21
-165.5963967483598
 31
0.0
  0
LINE
  5
14D0
330
242
100
AcDbEntity
  8
0
  6
Continuous
 62
     7
100
AcDbLine
 10
11.61065780959353
 20
-165.5164486989596
 30
0.0
 11
12.01065780969503
 21
-165.5163913254395
 31
0.0
  0
LINE
  5
14D1
330
242
100
AcDbEntity
  8
0
  6
Continuous
 62
     7
100
AcDbLine
 10
12.01065780969503
 20
-165.3763913260399
 30
0.0
 11
11.61065780959353
 21
-165.3764486970198
 31
0.0
  0
LINE
  5
14D2
330
242
100
AcDbEntity
  8
0
  6
Continuous
 62
     7
100
AcDbLine
 10
12.01065780969503
 20
-165.2963967489194
 30
0.0
 11
11.65065780833475
 21
-165.2964486969999
 31
0.0
  0
LINE
  5
14D3
330
242
100
AcDbEntity
  8
0
  6
Continuous
 62
     7
100
AcDbLine
 10
11.41065780827404
 20
-165.1468048763995
 30
0.0
 11
12.01065780969503
 21
-165.1468048763995
 31
0.0
  0
LINE
  5
14D4
330
242
100
AcDbEntity
  8
0
  6
Continuous
 62
     7
100
AcDbLine
 10
11.96296345499405
 20
-166.6965450230395
 30
0.0
 11
12.01065780969503
 21
-166.7098411559595
 31
0.0
  0
LINE
  5
14D5
330
242
100
AcDbEntity
  8
0
  6
Continuous
 62
     7
100
AcDbLine
 10
11.31065780761429
 20
-170.4756755165799
 30
0.0
 11
11.1106578088341
 21
-170.2756755177997
 31
0.0
  0
LINE
  5
14D7
330
242
100
AcDbEntity
  8
0
  6
Continuous
 62
     7
100
AcDbLine
 10
10.16068171285343
 20
-170.0717206044
 30
0.0
 11
10.16068171285343
 21
-158.5717206021599
 31
0.0
  0
LINE
  5
14D8
330
242
100
AcDbEntity
  8
0
  6
Continuous
 62
     7
100
AcDbLine
 10
10.46065601003312
 20
-170.0717206044
 30
0.0
 11
10.46065601003312
 21
-158.5717206021599
 31
0.0
  0
LINE
  5
14D9
330
242
100
AcDbEntity
  8
0
  6
Continuous
 62
     7
100
AcDbLine
 10
10.7106560104142
 20
-168.2217206036197
 30
0.0
 11
10.7106560104142
 21
-169.7217206033596
 31
0.0
  0
LINE
  5
14DA
330
242
100
AcDbEntity
  8
0
  6
Continuous
 62
     7
100
AcDbLine
 10
11.72682543095317
 20
-160.9764208803798
 30
0.0
 11
11.75753202181323
 21
-160.8964231079398
 31
0.0
  0
LINE
  5
14DB
330
242
100
AcDbEntity
  8
0
  6
Continuous
 62
     7
100
AcDbLine
 10
11.72682542841386
 20
-162.0764469378795
 30
0.0
 11
11.75753201673461
 21
-161.99644916544
 31
0.0
  0
LINE
  5
14DC
330
242
100
AcDbEntity
  8
0
  6
Continuous
 62
     7
100
AcDbLine
 10
11.72682543095317
 20
-163.1764208720396
 30
0.0
 11
11.75753202181323
 21
-163.0964230995996
 31
0.0
  0
LINE
  5
14DD
330
242
100
AcDbEntity
  8
0
  6
Continuous
 62
     7
100
AcDbLine
 10
11.72682542841386
 20
-164.2763948061997
 30
0.0
 11
11.75753201927392
 21
-164.1963970337596
 31
0.0
  0
LINE
  5
14DE
330
242
100
AcDbEntity
  8
0
  6
Continuous
 62
     7
100
AcDbLine
 10
11.72682543095317
 20
-165.3764208636998
 30
0.0
 11
11.75753202181323
 21
-165.2964230912598
 31
0.0
  0
LINE
  5
14DF
330
242
100
AcDbEntity
  8
0
  6
Continuous
 62
     7
100
AcDbLine
 10
11.65065780833475
 20
-163.0964487053397
 30
0.0
 11
11.61065780959353
 21
-163.1764487053596
 31
0.0
  0
LINE
  5
14E0
330
242
100
AcDbEntity
  8
0
  6
Continuous
 62
     7
100
AcDbLine
 10
11.65065780833475
 20
-164.1964226394997
 30
0.0
 11
11.61065780959353
 21
-164.2764226395197
 31
0.0
  0
LINE
  5
14E1
330
242
100
AcDbEntity
  8
0
  6
Continuous
 62
     7
100
AcDbLine
 10
11.65065780833475
 20
-165.2964486969999
 30
0.0
 11
11.61065780959353
 21
-165.3764486970198
 31
0.0
  0
LINE
  5
14E2
330
242
100
AcDbEntity
  8
0
  6
Continuous
 62
     7
100
AcDbLine
 10
11.65065780833475
 20
-166.3964226311595
 30
0.0
 11
11.61065780959353
 21
-166.4764226311799
 31
0.0
  0
LINE
  5
14E4
330
242
100
AcDbEntity
  8
0
  6
Continuous
 62
     7
100
AcDbLine
 10
11.41065780827404
 20
-164.6468048781793
 30
0.0
 11
12.01065780969503
 21
-164.6468048781793
 31
0.0
  0
LINE
  5
14E5
330
242
100
AcDbEntity
  8
0
  6
Continuous
 62
     7
100
AcDbLine
 10
11.65065780833475
 20
-164.4964226440196
 30
0.0
 11
12.01065780969503
 21
-164.4963706908597
 31
0.0
  0
LINE
  5
14E6
330
242
100
AcDbEntity
  8
0
  6
Continuous
 62
     7
100
AcDbLine
 10
11.61065780959353
 20
-164.4164226414599
 30
0.0
 11
12.01065780969503
 21
-164.4163652679398
 31
0.0
  0
LINE
  5
14E7
330
242
100
AcDbEntity
  8
0
  6
Continuous
 62
     7
100
AcDbLine
 10
11.61065780959353
 20
-164.2764226420599
 30
0.0
 11
12.01065780969503
 21
-164.2763652685398
 31
0.0
  0
LINE
  5
14E8
330
242
100
AcDbEntity
  8
0
  6
Continuous
 62
     7
100
AcDbLine
 10
12.01065780969503
 20
-164.1963706914197
 30
0.0
 11
11.65065780833475
 21
-164.1964226394997
 31
0.0
  0
LINE
  5
14E9
330
242
100
AcDbEntity
  8
0
  6
Continuous
 62
     7
100
AcDbLine
 10
11.41065780827404
 20
-164.0468048818397
 30
0.0
 11
12.01065780969503
 21
-164.0468048818397
 31
0.0
  0
LINE
  5
14EA
330
242
100
AcDbEntity
  8
0
  6
Continuous
 62
     7
100
AcDbLine
 10
11.41065780827404
 20
-163.5468048836196
 30
0.0
 11
12.01065780969503
 21
-163.5468048836196
 31
0.0
  0
LINE
  5
14EB
330
242
100
AcDbEntity
  8
0
  6
Continuous
 62
     7
100
AcDbLine
 10
11.65065780833475
 20
-163.3964487073194
 30
0.0
 11
12.01065780969503
 21
-163.3963967566996
 31
0.0
  0
LINE
  5
14EC
330
242
100
AcDbEntity
  8
0
  6
Continuous
 62
     7
100
AcDbLine
 10
12.46065601053425
 20
-163.3456755424194
 30
0.0
 11
12.01065780969503
 21
-163.3457102921597
 31
0.0
  0
LINE
  5
14ED
330
242
100
AcDbEntity
  8
0
  6
Continuous
 62
     7
100
AcDbLine
 10
11.61065780959353
 20
-163.3164487072994
 30
0.0
 11
12.01065780969503
 21
-163.3163913337798
 31
0.0
  0
LINE
  5
14EE
330
242
100
AcDbEntity
  8
0
  6
Continuous
 62
     7
100
AcDbLine
 10
11.61065780959353
 20
-163.1764487053596
 30
0.0
 11
12.01065780969503
 21
-163.1763913343797
 31
0.0
  0
LINE
  5
14EF
330
242
100
AcDbEntity
  8
0
  6
Continuous
 62
     7
100
AcDbLine
 10
12.01065780969503
 20
-163.0963967572597
 30
0.0
 11
11.65065780833475
 21
-163.0964487053397
 31
0.0
  0
LINE
  5
14F0
330
242
100
AcDbEntity
  8
0
  6
Continuous
 62
     7
100
AcDbLine
 10
11.41065780827404
 20
-162.9468048847397
 30
0.0
 11
12.01065780969503
 21
-162.9468048847397
 31
0.0
  0
LINE
  5
14F1
330
242
100
AcDbEntity
  8
0
  6
Continuous
 62
     7
100
AcDbLine
 10
11.1106578088341
 20
-163.2956781493998
 30
0.0
 11
10.96065780911459
 21
-163.2956755433596
 31
0.0
  0
LINE
  5
14F2
330
242
100
AcDbEntity
  8
0
  6
Continuous
 62
     7
100
AcDbLine
 10
12.01065780969503
 20
-164.5098411642997
 30
0.0
 11
11.96296345499405
 21
-164.4965450313797
 31
0.0
  0
LINE
  5
14F3
330
242
100
AcDbEntity
  8
0
  6
Continuous
 62
     7
100
AcDbLine
 10
11.15157587025379
 20
-167.9503107247996
 30
0.0
 11
11.11547883805389
 21
-167.8962187831998
 31
0.0
  0
LINE
  5
14F6
330
242
100
AcDbEntity
  8
0
  6
Continuous
 62
     7
100
AcDbLine
 10
11.65065780833475
 20
-168.8964486877398
 30
0.0
 11
11.61065780959353
 21
-168.8164486877198
 31
0.0
  0
LINE
  5
14F7
330
242
100
AcDbEntity
  8
0
  6
Continuous
 62
     7
100
AcDbLine
 10
11.65065780833475
 20
-167.7964486906398
 30
0.0
 11
11.61065780959353
 21
-167.7164486931596
 31
0.0
  0
LINE
  5
14F8
330
242
100
AcDbEntity
  8
0
  6
Continuous
 62
     7
100
AcDbLine
 10
11.75753202181323
 20
-168.8964230769197
 30
0.0
 11
11.72682543095317
 21
-168.8164208493194
 31
0.0
  0
LINE
  5
14F9
330
242
100
AcDbEntity
  8
0
  6
Continuous
 62
     7
100
AcDbLine
 10
11.75760100313374
 20
-170.4756755165799
 30
0.0
 11
11.76065780931395
 21
-170.4862844260196
 31
0.0
  0
LINE
  5
14FA
330
242
100
AcDbEntity
  8
0
  6
Continuous
 62
     7
100
AcDbLine
 10
10.9567802019331
 20
-157.7756221156195
 30
0.0
 11
10.96065601079436
 21
-158.0717206039398
 31
0.0
  0
LINE
  5
14FB
330
242
100
AcDbEntity
  8
0
  6
Continuous
 62
     7
100
AcDbLine
 10
11.95678020091355
 20
-157.7756221156195
 30
0.0
 11
11.96065600977482
 21
-158.0717206039398
 31
0.0
  0
LINE
  5
14FC
330
242
100
AcDbEntity
  8
0
  6
Continuous
 62
     7
100
AcDbLine
 10
10.96065780911459
 20
-158.0717206039398
 30
0.0
 11
10.96065780911459
 21
-170.3456755174997
 31
0.0
  0
LINE
  5
14FD
330
242
100
AcDbEntity
  8
0
  6
Continuous
 62
     7
100
AcDbLine
 10
11.08065780787302
 20
-170.3456755174997
 30
0.0
 11
11.08065780787302
 21
-158.0717206039398
 31
0.0
  0
LINE
  5
14FE
330
242
100
AcDbEntity
  8
0
  6
Continuous
 62
     7
100
AcDbLine
 10
11.1106578088341
 20
-170.3456781235394
 30
0.0
 11
11.1106578088341
 21
-158.0717206039398
 31
0.0
  0
LINE
  5
14FF
330
242
100
AcDbEntity
  8
0
  6
Continuous
 62
     7
100
AcDbLine
 10
11.15157587025379
 20
-168.6423892771399
 30
0.0
 11
11.15157587025379
 21
-167.9503107247996
 31
0.0
  0
LINE
  5
1500
330
242
100
AcDbEntity
  8
0
  6
Continuous
 62
     7
100
AcDbLine
 10
11.15157587025379
 20
-161.6423548571196
 30
0.0
 11
11.15157587025379
 21
-160.9503451971995
 31
0.0
  0
LINE
  5
1501
330
242
100
AcDbEntity
  8
0
  6
Continuous
 62
     7
100
AcDbLine
 10
11.16065780789478
 20
-158.6959709276997
 30
0.0
 11
11.16065780789478
 21
-159.9959969839796
 31
0.0
  0
LINE
  5
1502
330
242
100
AcDbEntity
  8
0
  6
Continuous
 62
     7
100
AcDbLine
 10
11.17335800601387
 20
-160.9530259741599
 30
0.0
 11
11.17335800601387
 21
-161.6396869960594
 31
0.0
  0
LINE
  5
1503
330
242
100
AcDbEntity
  8
0
  6
Continuous
 62
     7
100
AcDbLine
 10
11.17335800601387
 20
-167.9529897948795
 30
0.0
 11
11.17335800601387
 21
-168.6397231229597
 31
0.0
  0
LINE
  5
1504
330
242
100
AcDbEntity
  8
0
  6
Continuous
 62
     7
100
AcDbLine
 10
11.26065780855452
 20
-170.4956781232594
 30
0.0
 11
11.26065780855452
 21
-170.5256755156396
 31
0.0
  0
LINE
  5
1505
330
242
100
AcDbEntity
  8
0
  6
Continuous
 62
     7
100
AcDbLine
 10
11.26065780855452
 20
-168.6285477960595
 30
0.0
 11
11.26065780855452
 21
-167.9642192694995
 31
0.0
  0
LINE
  5
1506
330
242
100
AcDbEntity
  8
0
  6
Continuous
 62
     7
100
AcDbLine
 10
11.26065780855452
 20
-161.6285045190597
 30
0.0
 11
11.26065780855452
 21
-160.9642626014201
 31
0.0
  0
LINE
  5
1507
330
242
100
AcDbEntity
  8
0
  6
Continuous
 62
     7
100
AcDbLine
 10
11.36065780921427
 20
-170.4862844260196
 30
0.0
 11
11.36065780921427
 21
-170.4954415501997
 31
0.0
  0
LINE
  5
1508
330
242
100
AcDbEntity
  8
0
  6
Continuous
 62
     7
100
AcDbLine
 10
11.41065780827404
 20
-160.7468048930795
 30
0.0
 11
11.41065780827404
 21
-161.3468048919598
 31
0.0
  0
LINE
  5
1509
330
242
100
AcDbEntity
  8
0
  6
Continuous
 62
     7
100
AcDbLine
 10
11.41065780827404
 20
-161.8468048901799
 30
0.0
 11
11.41065780827404
 21
-162.4468048865196
 31
0.0
  0
LINE
  5
150A
330
242
100
AcDbEntity
  8
0
  6
Continuous
 62
     7
100
AcDbLine
 10
11.41065780827404
 20
-162.9468048847397
 30
0.0
 11
11.41065780827404
 21
-163.5468048836196
 31
0.0
  0
LINE
  5
150B
330
242
100
AcDbEntity
  8
0
  6
Continuous
 62
     7
100
AcDbLine
 10
11.41065780827404
 20
-164.0468048818397
 30
0.0
 11
11.41065780827404
 21
-164.6468048781793
 31
0.0
  0
LINE
  5
150C
330
242
100
AcDbEntity
  8
0
  6
Continuous
 62
     7
100
AcDbLine
 10
11.41065780827404
 20
-165.1468048763995
 30
0.0
 11
11.41065780827404
 21
-165.7468048752798
 31
0.0
  0
LINE
  5
150D
330
242
100
AcDbEntity
  8
0
  6
Continuous
 62
     7
100
AcDbLine
 10
11.41065780827404
 20
-166.2468048734999
 30
0.0
 11
11.41065780827404
 21
-166.84680486984
 31
0.0
  0
LINE
  5
150E
330
242
100
AcDbEntity
  8
0
  6
Continuous
 62
     7
100
AcDbLine
 10
11.41065780827404
 20
-167.3468048680597
 30
0.0
 11
11.41065780827404
 21
-167.9468048669395
 31
0.0
  0
LINE
  5
150F
330
242
100
AcDbEntity
  8
0
  6
Continuous
 62
     7
100
AcDbLine
 10
11.41065780827404
 20
-168.4468048651596
 30
0.0
 11
11.41065780827404
 21
-169.0468048614997
 31
0.0
  0
LINE
  5
1512
330
242
100
AcDbEntity
  8
0
  6
Continuous
 62
     7
100
AcDbLine
 10
11.53065601125337
 20
-168.4968743611597
 30
0.0
 11
11.53065601125337
 21
-169.0468048614997
 31
0.0
  0
LINE
  5
1515
330
242
100
AcDbEntity
  8
0
  6
Continuous
 62
     7
100
AcDbLine
 10
11.61065780959353
 20
-160.9764487162396
 30
0.0
 11
11.61065780959353
 21
-161.1164487156397
 31
0.0
  0
LINE
  5
1516
330
242
100
AcDbEntity
  8
0
  6
Continuous
 62
     7
100
AcDbLine
 10
11.61065780959353
 20
-162.0764747737398
 30
0.0
 11
11.61065780959353
 21
-162.2164747731394
 31
0.0
  0
LINE
  5
1517
330
242
100
AcDbEntity
  8
0
  6
Continuous
 62
     7
100
AcDbLine
 10
11.61065780959353
 20
-163.1764487078998
 30
0.0
 11
11.61065780959353
 21
-163.3164487072994
 31
0.0
  0
LINE
  5
1518
330
242
100
AcDbEntity
  8
0
  6
Continuous
 62
     7
100
AcDbLine
 10
11.61065780959353
 20
-164.2764226420599
 30
0.0
 11
11.61065780959353
 21
-164.4164226414599
 31
0.0
  0
LINE
  5
1519
330
242
100
AcDbEntity
  8
0
  6
Continuous
 62
     7
100
AcDbLine
 10
11.61065780959353
 20
-165.3764486995596
 30
0.0
 11
11.61065780959353
 21
-165.5164486989596
 31
0.0
  0
LINE
  5
151A
330
242
100
AcDbEntity
  8
0
  6
Continuous
 62
     7
100
AcDbLine
 10
11.61065780959353
 20
-166.4764226337196
 30
0.0
 11
11.61065780959353
 21
-166.6164226331197
 31
0.0
  0
LINE
  5
151B
330
242
100
AcDbEntity
  8
0
  6
Continuous
 62
     7
100
AcDbLine
 10
11.61065780959353
 20
-167.5764486912198
 30
0.0
 11
11.61065780959353
 21
-167.7164486906199
 31
0.0
  0
LINE
  5
151C
330
242
100
AcDbEntity
  8
0
  6
Continuous
 62
     7
100
AcDbLine
 10
11.61065780959353
 20
-168.6764486857796
 30
0.0
 11
11.61065780959353
 21
-168.8164486851796
 31
0.0
  0
LINE
  5
151E
330
242
100
AcDbEntity
  8
0
  6
Continuous
 62
     7
100
AcDbLine
 10
11.66066914467438
 20
-159.1957363670798
 30
0.0
 11
11.66066914467438
 21
-158.7957363695195
 31
0.0
  0
LINE
  5
1521
330
242
100
AcDbEntity
  8
0
  6
Continuous
 62
     7
100
AcDbLine
 10
11.72682543095317
 20
-168.8164208493194
 30
0.0
 11
11.72682543095317
 21
-168.6764208499198
 31
0.0
  0
LINE
  5
1522
330
242
100
AcDbEntity
  8
0
  6
Continuous
 62
     7
100
AcDbLine
 10
11.72682543095317
 20
-167.7164208547596
 30
0.0
 11
11.72682543095317
 21
-167.5764208553595
 31
0.0
  0
LINE
  5
1523
330
242
100
AcDbEntity
  8
0
  6
Continuous
 62
     7
100
AcDbLine
 10
11.72682543095317
 20
-166.6163947972599
 30
0.0
 11
11.72682543095317
 21
-166.4763947978594
 31
0.0
  0
LINE
  5
1524
330
242
100
AcDbEntity
  8
0
  6
Continuous
 62
     7
100
AcDbLine
 10
11.72682543095317
 20
-165.5164208630998
 30
0.0
 11
11.72682543095317
 21
-165.3764208636998
 31
0.0
  0
LINE
  5
1525
330
242
100
AcDbEntity
  8
0
  6
Continuous
 62
     7
100
AcDbLine
 10
11.72682543095317
 20
-164.4163948055997
 30
0.0
 11
11.72682542841386
 21
-164.2763948061997
 31
0.0
  0
LINE
  5
1526
330
242
100
AcDbEntity
  8
0
  6
Continuous
 62
     7
100
AcDbLine
 10
11.72682543095317
 20
-163.3164208714396
 30
0.0
 11
11.72682543095317
 21
-163.1764208720396
 31
0.0
  0
LINE
  5
1527
330
242
100
AcDbEntity
  8
0
  6
Continuous
 62
     7
100
AcDbLine
 10
11.72682543095317
 20
-162.2164469372796
 30
0.0
 11
11.72682542841386
 21
-162.0764469378795
 31
0.0
  0
LINE
  5
1528
330
242
100
AcDbEntity
  8
0
  6
Continuous
 62
     7
100
AcDbLine
 10
11.72682543095317
 20
-161.1164208797799
 30
0.0
 11
11.72682543095317
 21
-160.9764208803798
 31
0.0
  0
LINE
  5
152A
330
242
100
AcDbEntity
  8
0
  6
Continuous
 62
     7
100
AcDbLine
 10
11.76065780931395
 20
-170.4954415501997
 30
0.0
 11
11.76065780931395
 21
-170.4862844260196
 31
0.0
  0
LINE
  5
152B
330
242
100
AcDbEntity
  8
0
  6
Continuous
 62
     7
100
AcDbLine
 10
11.81065780837372
 20
-170.4956781232594
 30
0.0
 11
11.81065780837372
 21
-170.4762540853993
 31
0.0
  0
LINE
  5
152C
330
242
100
AcDbEntity
  8
0
  6
Continuous
 62
     7
100
AcDbLine
 10
11.83065672697404
 20
-151.2844925528197
 30
0.0
 11
11.83065668125374
 21
-152.3589486411396
 31
0.0
  0
LINE
  5
152D
330
242
100
AcDbEntity
  8
0
  6
Continuous
 62
     7
100
AcDbLine
 10
11.91065667111462
 20
-168.4568351117995
 30
0.0
 11
11.91065667111462
 21
-168.5964766486199
 31
0.0
  0
LINE
  5
152E
330
242
100
AcDbEntity
  8
0
  6
Continuous
 62
     7
100
AcDbLine
 10
11.91065667111462
 20
-168.8964071409595
 30
0.0
 11
11.91065667111462
 21
-169.0468048614997
 31
0.0
  0
LINE
  5
1531
330
242
100
AcDbEntity
  8
0
  6
Continuous
 62
     7
100
AcDbLine
 10
11.96065780809323
 20
-159.1957971797596
 30
0.0
 11
11.96065780809323
 21
-159.4958840522799
 31
0.0
  0
LINE
  5
1532
330
242
100
AcDbEntity
  8
0
  6
Continuous
 62
     7
100
AcDbLine
 10
11.96065780809323
 20
-160.7468743900194
 30
0.0
 11
11.96065780809323
 21
-160.8964937021596
 31
0.0
  0
LINE
  5
1533
330
242
100
AcDbEntity
  8
0
  6
Continuous
 62
     7
100
AcDbLine
 10
11.96065780809323
 20
-161.1964019669598
 30
0.0
 11
11.96065780809323
 21
-161.3468743888997
 31
0.0
  0
LINE
  5
1534
330
242
100
AcDbEntity
  8
0
  6
Continuous
 62
     7
100
AcDbLine
 10
11.96065780809323
 20
-161.8468743871198
 30
0.0
 11
11.96065780809323
 21
-161.9965095717197
 31
0.0
  0
LINE
  5
1535
330
242
100
AcDbEntity
  8
0
  6
Continuous
 62
     7
100
AcDbLine
 10
11.96065780809323
 20
-162.29642802446
 30
0.0
 11
11.96065780809323
 21
-162.4468743834595
 31
0.0
  0
LINE
  5
1536
330
242
100
AcDbEntity
  8
0
  6
Continuous
 62
     7
100
AcDbLine
 10
11.96065780809323
 20
-162.9468743816796
 30
0.0
 11
11.96065780809323
 21
-163.0964936938198
 31
0.0
  0
LINE
  5
1537
330
242
100
AcDbEntity
  8
0
  6
Continuous
 62
     7
100
AcDbLine
 10
11.96065780809323
 20
-163.3964019586196
 30
0.0
 11
11.96065780809323
 21
-163.5468743805599
 31
0.0
  0
LINE
  5
1538
330
242
100
AcDbEntity
  8
0
  6
Continuous
 62
     7
100
AcDbLine
 10
11.96065780809323
 20
-164.0468743787796
 30
0.0
 11
11.96065780809323
 21
-164.1965450319398
 31
0.0
  0
LINE
  5
1539
330
242
100
AcDbEntity
  8
0
  6
Continuous
 62
     7
100
AcDbLine
 10
11.96065780809323
 20
-164.4963758927796
 30
0.0
 11
11.96065780809323
 21
-164.6468743751197
 31
0.0
  0
LINE
  5
153A
330
242
100
AcDbEntity
  8
0
  6
Continuous
 62
     7
100
AcDbLine
 10
11.96065780809323
 20
-165.1468743733393
 30
0.0
 11
11.96065780809323
 21
-165.29649368548
 31
0.0
  0
LINE
  5
153B
330
242
100
AcDbEntity
  8
0
  6
Continuous
 62
     7
100
AcDbLine
 10
11.96065780809323
 20
-165.5964019502798
 30
0.0
 11
11.96065780809323
 21
-165.7468743722197
 31
0.0
  0
LINE
  5
153C
330
242
100
AcDbEntity
  8
0
  6
Continuous
 62
     7
100
AcDbLine
 10
11.96065780809323
 20
-166.2468743704398
 30
0.0
 11
11.96065780809323
 21
-166.3963758875397
 31
0.0
  0
LINE
  5
153D
330
242
100
AcDbEntity
  8
0
  6
Continuous
 62
     7
100
AcDbLine
 10
11.96065780809323
 20
-166.6964713960596
 30
0.0
 11
11.96065780809323
 21
-166.8468743667794
 31
0.0
  0
LINE
  5
153E
330
242
100
AcDbEntity
  8
0
  6
Continuous
 62
     7
100
AcDbLine
 10
11.96065780809323
 20
-167.3468743649995
 30
0.0
 11
11.96065780809323
 21
-167.4964936771397
 31
0.0
  0
LINE
  5
153F
330
242
100
AcDbEntity
  8
0
  6
Continuous
 62
     7
100
AcDbLine
 10
11.96065780809323
 20
-167.7964019419395
 30
0.0
 11
11.96065780809323
 21
-167.9468743638799
 31
0.0
  0
LINE
  5
1540
330
242
100
AcDbEntity
  8
0
  6
Continuous
 62
     7
100
AcDbLine
 10
11.99065669145449
 20
-152.1280491461197
 30
0.0
 11
11.99065671685485
 21
-151.5153919944995
 31
0.0
  0
LINE
  5
1542
330
242
100
AcDbEntity
  8
0
  6
Continuous
 62
     7
100
AcDbLine
 10
12.01065780969503
 20
-169.8457102664796
 30
0.0
 11
12.01065780969503
 21
-158.6956494983196
 31
0.0
  0
LINE
  5
1546
330
242
100
AcDbEntity
  8
0
  6
Continuous
 62
     7
100
AcDbLine
 10
12.21065780847431
 20
-170.0456755180598
 30
0.0
 11
12.21065780847431
 21
-158.4956147497996
 31
0.0
  0
LINE
  5
154F
330
242
100
AcDbEntity
  8
0
  6
Continuous
 62
     7
100
AcDbLine
 10
12.46065601053425
 20
-158.5717206021599
 30
0.0
 11
12.46065601053425
 21
-170.0717206044
 31
0.0
  0
LINE
  5
1560
330
242
100
AcDbEntity
  8
0
  6
Continuous
 62
     7
100
AcDbLine
 10
12.75287868999413
 20
-158.5717206021599
 30
0.0
 11
12.75287868999413
 21
-170.0717206044
 31
0.0
  0
LINE
  5
1561
330
242
100
AcDbEntity
  8
0
  6
Continuous
 62
     7
100
AcDbLine
 10
12.81065601157326
 20
-141.8472475004995
 30
0.0
 11
12.81065601157326
 21
-141.0497972615198
 31
0.0
  0
LINE
  5
1564
330
242
100
AcDbEntity
  8
0
  6
Continuous
 62
     7
100
AcDbLine
 10
10.9567802019331
 20
-170.8678190909394
 30
0.0
 11
10.96065601079436
 21
-170.5717206026197
 31
0.0
  0
LINE
  5
1565
330
242
100
AcDbEntity
  8
0
  6
Continuous
 62
     7
100
AcDbLine
 10
11.95678020091355
 20
-170.8678190909394
 30
0.0
 11
11.96065600977482
 21
-170.5717206026197
 31
0.0
  0
LINE
  5
1566
330
242
100
AcDbEntity
  8
0
  6
Continuous
 62
     7
100
AcDbLine
 10
11.36371461285426
 20
-170.4756755165799
 30
0.0
 11
11.36065780921427
 21
-170.4862844260196
 31
0.0
  0
LINE
  5
1567
330
242
100
AcDbEntity
  8
0
  6
Continuous
 62
     7
100
AcDbLine
 10
11.72682543095317
 20
-166.4763947978594
 30
0.0
 11
11.75753202181323
 21
-166.3963970254198
 31
0.0
  0
LINE
  5
1568
330
242
100
AcDbEntity
  8
0
  6
Continuous
 62
     7
100
AcDbLine
 10
11.72682543095317
 20
-167.5764208553595
 30
0.0
 11
11.75753202181323
 21
-167.4964230829195
 31
0.0
  0
LINE
  5
1569
330
242
100
AcDbEntity
  8
0
  6
Continuous
 62
     7
100
AcDbLine
 10
11.72682543095317
 20
-168.6764208499198
 30
0.0
 11
11.75753202181323
 21
-168.5964230774797
 31
0.0
  0
LINE
  5
156A
330
242
100
AcDbEntity
  8
0
  6
Continuous
 62
     7
100
AcDbLine
 10
11.65065780833475
 20
-167.4964486886596
 30
0.0
 11
11.61065780959353
 21
-167.5764486886796
 31
0.0
  0
LINE
  5
156B
330
242
100
AcDbEntity
  8
0
  6
Continuous
 62
     7
100
AcDbLine
 10
11.65065780833475
 20
-168.5964486857596
 30
0.0
 11
11.61065780959353
 21
-168.6764486857796
 31
0.0
  0
LINE
  5
156E
330
242
100
AcDbEntity
  8
0
  6
Continuous
 62
     7
100
AcDbLine
 10
11.11547883805389
 20
-168.6962187808598
 30
0.0
 11
11.15157587025379
 21
-168.6423892771399
 31
0.0
  0
LINE
  5
156F
330
242
100
AcDbEntity
  8
0
  6
Continuous
 62
     7
100
AcDbLine
 10
10.96065780911459
 20
-170.0815781183395
 30
0.0
 11
10.67989559695462
 21
-170.4825481469797
 31
0.0
  0
LINE
  5
1570
330
242
100
AcDbEntity
  8
0
  6
Continuous
 62
     7
100
AcDbLine
 10
10.96065780911459
 20
-170.1687504535197
 30
0.0
 11
10.72480916981414
 21
-170.5055772474797
 31
0.0
  0
LINE
  5
1571
330
242
100
AcDbEntity
  8
0
  6
Continuous
 62
     7
100
AcDbLine
 10
11.41065780827404
 20
-162.4468048865196
 30
0.0
 11
12.01065780969503
 21
-162.4468048865196
 31
0.0
  0
LINE
  5
1572
330
242
100
AcDbEntity
  8
0
  6
Continuous
 62
     7
100
AcDbLine
 10
11.65065780833475
 20
-162.2964747756995
 30
0.0
 11
12.01065780969503
 21
-162.2964228225395
 31
0.0
  0
LINE
  5
1573
330
242
100
AcDbEntity
  8
0
  6
Continuous
 62
     7
100
AcDbLine
 10
11.61065780959353
 20
-162.2164747731394
 30
0.0
 11
12.01065780969503
 21
-162.2164173996197
 31
0.0
  0
LINE
  5
1574
330
242
100
AcDbEntity
  8
0
  6
Continuous
 62
     7
100
AcDbLine
 10
12.01065780969503
 20
-162.0764174002196
 30
0.0
 11
11.61065780959353
 21
-162.0764747711995
 31
0.0
  0
LINE
  5
1575
330
242
100
AcDbEntity
  8
0
  6
Continuous
 62
     7
100
AcDbLine
 10
12.01065780969503
 20
-161.9964228230996
 30
0.0
 11
11.65065780833475
 21
-161.9964747711796
 31
0.0
  0
LINE
  5
1576
330
242
100
AcDbEntity
  8
0
  6
Continuous
 62
     7
100
AcDbLine
 10
11.41065780827404
 20
-161.8468048901799
 30
0.0
 11
12.01065780969503
 21
-161.8468048901799
 31
0.0
  0
LINE
  5
1577
330
242
100
AcDbEntity
  8
0
  6
Continuous
 62
     7
100
AcDbLine
 10
11.41065780827404
 20
-161.3468048919598
 30
0.0
 11
12.01065780969503
 21
-161.3468048919598
 31
0.0
  0
LINE
  5
1578
330
242
100
AcDbEntity
  8
0
  6
Continuous
 62
     7
100
AcDbLine
 10
11.65065780833475
 20
-161.1964487156596
 30
0.0
 11
12.01065780969503
 21
-161.1963967650398
 31
0.0
  0
LINE
  5
1579
330
242
100
AcDbEntity
  8
0
  6
Continuous
 62
     7
100
AcDbLine
 10
11.61065780959353
 20
-161.1164487156397
 30
0.0
 11
12.01065780969503
 21
-161.1163913421196
 31
0.0
  0
LINE
  5
157A
330
242
100
AcDbEntity
  8
0
  6
Continuous
 62
     7
100
AcDbLine
 10
12.01065780969503
 20
-160.9763913427195
 30
0.0
 11
11.61065780959353
 21
-160.9764487162396
 31
0.0
  0
LINE
  5
157B
330
242
100
AcDbEntity
  8
0
  6
Continuous
 62
     7
100
AcDbLine
 10
12.01065780969503
 20
-160.8963967655995
 30
0.0
 11
11.65065780833475
 21
-160.8964487162197
 31
0.0
  0
LINE
  5
157C
330
242
100
AcDbEntity
  8
0
  6
Continuous
 62
     7
100
AcDbLine
 10
11.41065780827404
 20
-160.7468048930795
 30
0.0
 11
12.01065780969503
 21
-160.7468048930795
 31
0.0
  0
LINE
  5
157D
330
242
100
AcDbEntity
  8
0
  6
Continuous
 62
     7
100
AcDbLine
 10
11.11070062307436
 20
-161.6962014372597
 30
0.0
 11
11.11547883805389
 21
-161.6962188083197
 31
0.0
  0
LINE
  5
157E
330
242
100
AcDbEntity
  8
0
  6
Continuous
 62
     7
100
AcDbLine
 10
11.11547883805389
 20
-160.8962188106597
 30
0.0
 11
11.11070062307436
 21
-160.8962014421394
 31
0.0
  0
LINE
  5
157F
330
242
100
AcDbEntity
  8
0
  6
Continuous
 62
     7
100
AcDbLine
 10
11.65065780833475
 20
-166.6964226331396
 30
0.0
 11
11.61065780959353
 21
-166.6164226356595
 31
0.0
  0
LINE
  5
1580
330
242
100
AcDbEntity
  8
0
  6
Continuous
 62
     7
100
AcDbLine
 10
11.65065780833475
 20
-165.59644869898
 30
0.0
 11
11.61065780959353
 21
-165.5164487014994
 31
0.0
  0
LINE
  5
1581
330
242
100
AcDbEntity
  8
0
  6
Continuous
 62
     7
100
AcDbLine
 10
11.65065780833475
 20
-164.4964226414799
 30
0.0
 11
11.61065780959353
 21
-164.4164226439997
 31
0.0
  0
LINE
  5
1582
330
242
100
AcDbEntity
  8
0
  6
Continuous
 62
     7
100
AcDbLine
 10
11.65065780833475
 20
-163.3964487073194
 30
0.0
 11
11.61065780959353
 21
-163.3164487098397
 31
0.0
  0
LINE
  5
1583
330
242
100
AcDbEntity
  8
0
  6
Continuous
 62
     7
100
AcDbLine
 10
11.75753202181323
 20
-167.7964230798197
 30
0.0
 11
11.72682543095317
 21
-167.7164208547596
 31
0.0
  0
LINE
  5
1584
330
242
100
AcDbEntity
  8
0
  6
Continuous
 62
     7
100
AcDbLine
 10
11.75753202181323
 20
-166.6963970223195
 30
0.0
 11
11.72682543095317
 21
-166.6163947972599
 31
0.0
  0
LINE
  5
1585
330
242
100
AcDbEntity
  8
0
  6
Continuous
 62
     7
100
AcDbLine
 10
11.75753201927392
 20
-165.5964230881599
 30
0.0
 11
11.72682543095317
 21
-165.5164208630998
 31
0.0
  0
LINE
  5
1586
330
242
100
AcDbEntity
  8
0
  6
Continuous
 62
     7
100
AcDbLine
 10
11.75753202181323
 20
-164.4963970306598
 30
0.0
 11
11.72682543095317
 21
-164.4163948055997
 31
0.0
  0
LINE
  5
1587
330
242
100
AcDbEntity
  8
0
  6
Continuous
 62
     7
100
AcDbLine
 10
11.75753201927392
 20
-163.3964230964997
 30
0.0
 11
11.72682543095317
 21
-163.3164208714396
 31
0.0
  0
LINE
  5
1588
330
242
100
AcDbEntity
  8
0
  6
Continuous
 62
     7
100
AcDbLine
 10
14.7606560104744
 20
-141.8217206020999
 30
0.0
 11
14.7606560104744
 21
-187.8217206034396
 31
0.0
  0
LINE
  5
1589
330
242
100
AcDbEntity
  8
0
  6
Continuous
 62
     7
100
AcDbLine
 10
11.1106578088341
 20
-159.9966832741997
 30
0.0
 11
11.16065780789478
 21
-159.9966832741997
 31
0.0
  0
LINE
  5
158A
330
242
100
AcDbEntity
  8
0
  6
Continuous
 62
     7
100
AcDbLine
 10
12.01065780969503
 20
-159.9959969839796
 30
0.0
 11
11.16065780789478
 21
-159.9959969839796
 31
0.0
  0
LINE
  5
158B
330
242
100
AcDbEntity
  8
0
  6
Continuous
 62
     7
100
AcDbLine
 10
11.1106578088341
 20
-159.7966832754195
 30
0.0
 11
11.16065780789478
 21
-159.7966832754195
 31
0.0
  0
LINE
  5
158C
330
242
100
AcDbEntity
  8
0
  6
Continuous
 62
     7
100
AcDbLine
 10
11.1106578088341
 20
-159.6967006508998
 30
0.0
 11
11.16065780789478
 21
-159.6967006508998
 31
0.0
  0
LINE
  5
158D
330
242
100
AcDbEntity
  8
0
  6
Continuous
 62
     7
100
AcDbLine
 10
11.16065780789478
 20
-159.6959709215998
 30
0.0
 11
12.01065780969503
 21
-159.6959709215998
 31
0.0
  0
LINE
  5
158E
330
242
100
AcDbEntity
  8
0
  6
Continuous
 62
     7
100
AcDbLine
 10
12.21065780847431
 20
-159.5086898432795
 30
0.0
 11
12.46065601053425
 21
-159.5086898432795
 31
0.0
  0
LINE
  5
158F
330
242
100
AcDbEntity
  8
0
  6
Continuous
 62
     7
100
AcDbLine
 10
12.01065780969503
 20
-159.4958840522799
 30
0.0
 11
11.96065780809323
 21
-159.4958840522799
 31
0.0
  0
LINE
  5
1590
330
242
100
AcDbEntity
  8
0
  6
Continuous
 62
     7
100
AcDbLine
 10
10.96065780911459
 20
-159.4586898442198
 30
0.0
 11
11.08065780787302
 21
-159.4586898442198
 31
0.0
  0
LINE
  5
1591
330
242
100
AcDbEntity
  8
0
  6
Continuous
 62
     7
100
AcDbLine
 10
11.66066914467438
 20
-159.1957363670798
 30
0.0
 11
12.01065780969503
 21
-159.1956958286795
 31
0.0
  0
LINE
  5
1592
330
242
100
AcDbEntity
  8
0
  6
Continuous
 62
     7
100
AcDbLine
 10
12.46065601053425
 20
-158.8947721328399
 30
0.0
 11
12.01065780969503
 21
-158.8948068825797
 31
0.0
  0
LINE
  5
1593
330
242
100
AcDbEntity
  8
0
  6
Continuous
 62
     7
100
AcDbLine
 10
12.01065780969503
 20
-158.7956958311196
 30
0.0
 11
11.66066914467438
 21
-158.7957363695195
 31
0.0
  0
LINE
  5
1594
330
242
100
AcDbEntity
  8
0
  6
Continuous
 62
     7
100
AcDbLine
 10
11.1106578088341
 20
-158.6956494983196
 30
0.0
 11
12.01065780969503
 21
-158.6956494983196
 31
0.0
  0
LINE
  5
1595
330
242
100
AcDbEntity
  8
0
  6
Continuous
 62
     7
100
AcDbLine
 10
12.75287868999413
 20
-158.5717206021599
 30
0.0
 11
12.46065601053425
 21
-158.5717206021599
 31
0.0
  0
LINE
  5
1596
330
242
100
AcDbEntity
  8
0
  6
Continuous
 62
     7
100
AcDbLine
 10
10.16068171285343
 20
-158.5717206021599
 30
0.0
 11
10.46065601003312
 21
-158.5717206021599
 31
0.0
  0
LINE
  5
1597
330
242
100
AcDbEntity
  8
0
  6
Continuous
 62
     7
100
AcDbLine
 10
11.1106578088341
 20
-158.8447747398199
 30
0.0
 11
10.96065780911459
 21
-158.8447721312399
 31
0.0
  0
LINE
  5
1598
330
242
100
AcDbEntity
  8
0
  6
Continuous
 62
     7
100
AcDbLine
 10
11.15157587025379
 20
-160.9503451971995
 30
0.0
 11
11.11547883805389
 21
-160.8962188106597
 31
0.0
  0
LINE
  5
1599
330
242
100
AcDbEntity
  8
0
  6
Continuous
 62
     7
100
AcDbLine
 10
11.65065780833475
 20
-162.2964747731593
 30
0.0
 11
11.61065780959353
 21
-162.2164747756796
 31
0.0
  0
LINE
  5
159A
330
242
100
AcDbEntity
  8
0
  6
Continuous
 62
     7
100
AcDbLine
 10
11.65065780833475
 20
-161.1964487156596
 30
0.0
 11
11.61065780959353
 21
-161.1164487181794
 31
0.0
  0
LINE
  5
159B
330
242
100
AcDbEntity
  8
0
  6
Continuous
 62
     7
100
AcDbLine
 10
11.75753202181323
 20
-162.2964491623397
 30
0.0
 11
11.72682543095317
 21
-162.2164469372796
 31
0.0
  0
LINE
  5
159C
330
242
100
AcDbEntity
  8
0
  6
Continuous
 62
     7
100
AcDbLine
 10
11.75753202181323
 20
-161.19642310484
 30
0.0
 11
11.72682543095317
 21
-161.1164208797799
 31
0.0
  0
LINE
  5
159D
330
242
100
AcDbEntity
  8
0
  6
Continuous
 62
     7
100
AcDbLine
 10
10.46022798955374
 20
-158.5226743883399
 30
0.0
 11
10.96065780911459
 21
-158.5183072037793
 31
0.0
  0
LINE
  5
159F
330
242
100
AcDbEntity
  8
0
  6
Continuous
 62
     7
100
AcDbLine
 10
11.1106578088341
 20
-158.4956147497996
 30
0.0
 11
12.21065780847431
 21
-158.4956147497996
 31
0.0
  0
LINE
  5
15A0
330
242
100
AcDbEntity
  8
0
  6
Continuous
 62
     7
100
AcDbLine
 10
10.96065601079436
 20
-158.0717206039398
 30
0.0
 11
11.96065600977482
 21
-158.0717206039398
 31
0.0
  0
LINE
  5
15A1
330
242
100
AcDbEntity
  8
0
  6
Continuous
 62
     7
100
AcDbLine
 10
10.9567802019331
 20
-157.7756221156195
 30
0.0
 11
11.95678020091355
 21
-157.7756221156195
 31
0.0
  0
LINE
  5
15A7
330
242
100
AcDbEntity
  8
0
  6
Continuous
 62
     7
100
AcDbLine
 10
12.01065780969503
 20
-159.3859410514396
 30
0.0
 11
12.21065780847431
 21
-159.5086898432795
 31
0.0
  0
LINE
  5
15A8
330
242
100
AcDbEntity
  8
0
  6
Continuous
 62
     7
100
AcDbLine
 10
19.27374448491474
 20
-147.7379124679395
 30
0.0
 11
19.27374448491474
 21
-181.9055287375999
 31
0.0
  0
LINE
  5
15A9
330
242
100
AcDbEntity
  8
0
  6
Continuous
 62
     7
100
AcDbLine
 10
19.7606560104544
 20
-142.4397286472598
 30
0.0
 11
19.7606560104544
 21
-187.2037125608198
 31
0.0
  0
LINE
  5
15AA
330
242
100
AcDbEntity
  8
0
  6
Continuous
 62
     7
100
AcDbLine
 10
-1.999161186106618
 20
-147.8406217291198
 30
0.0
 11
14.7606560104744
 21
-147.6212237020799
 31
0.0
  0
LINE
  5
15AB
330
242
100
AcDbEntity
  8
0
  6
Continuous
 62
     7
100
AcDbLine
 10
-2.739343988185908
 20
-147.8406217291198
 30
0.0
 11
-1.999161186106618
 21
-147.8406217291198
 31
0.0
  0
LINE
  5
15AC
330
242
100
AcDbEntity
  8
0
  6
Continuous
 62
     7
100
AcDbLine
 10
19.7606560104544
 20
-147.7379124679395
 30
0.0
 11
19.27374448491474
 21
-147.7379124679395
 31
0.0
  0
LINE
  5
15AD
330
242
100
AcDbEntity
  8
0
  6
Continuous
 62
     7
100
AcDbLine
 10
19.27374448491474
 20
-147.7379124679395
 30
0.0
 11
14.7606560104744
 21
-147.6197330878394
 31
0.0
  0
LINE
  5
15AE
330
242
100
AcDbEntity
  8
0
  6
Continuous
 62
     7
100
AcDbLine
 10
-1.999161186106618
 20
-142.0411186291398
 30
0.0
 11
14.7606560104744
 21
-141.8217206020999
 31
0.0
  0
LINE
  5
15AF
330
242
100
AcDbEntity
  8
0
  6
Continuous
 62
     7
100
AcDbLine
 10
12.60802750903377
 20
-140.8498143747196
 30
0.0
 11
7.708048672994948
 21
-140.91395861016
 31
0.0
  0
LINE
  5
15B0
330
242
100
AcDbEntity
  8
0
  6
Continuous
 62
     7
100
AcDbLine
 10
12.81064457903477
 20
-141.0497972386596
 30
0.0
 11
7.510667442154328
 21
-141.1139414766398
 31
0.0
  0
LINE
  5
15B1
330
242
100
AcDbEntity
  8
0
  6
Continuous
 62
     7
100
AcDbLine
 10
19.27374448491474
 20
-141.9398999847394
 30
0.0
 11
14.7606560104744
 21
-141.8217206020999
 31
0.0
  0
LINE
  5
15B2
330
242
100
AcDbEntity
  8
0
  6
Continuous
 62
     7
100
AcDbLine
 10
40.3201033903336
 20
-117.3174095692042
 30
0.0
 11
40.20192401023479
 21
-112.8043210947639
 31
0.0
  0
LINE
  5
15B3
330
242
100
AcDbEntity
  8
0
  6
Continuous
 62
     7
100
AcDbLine
 10
40.42132203473403
 20
-96.04450389818428
 30
0.0
 11
40.20192401023479
 21
-112.8043210947639
 31
0.0
  0
LINE
  5
15B5
330
242
100
AcDbEntity
  8
0
  6
Continuous
 62
     7
100
AcDbLine
 10
46.118115876074
 20
-117.3174095692042
 30
0.0
 11
45.99993649343406
 21
-112.8043210947639
 31
0.0
  0
LINE
  5
15B7
330
242
100
AcDbEntity
  8
0
  6
Continuous
 62
     7
100
AcDbLine
 10
46.118115876074
 20
-117.8043210947439
 30
0.0
 11
46.118115876074
 21
-117.3174095692042
 31
0.0
  0
LINE
  5
15B8
330
242
100
AcDbEntity
  8
0
  6
Continuous
 62
     7
100
AcDbLine
 10
46.22082513471406
 20
-95.30432109610407
 30
0.0
 11
46.22082513471406
 21
-96.04450389818428
 31
0.0
  0
LINE
  5
15B9
330
242
100
AcDbEntity
  8
0
  6
Continuous
 62
     7
100
AcDbLine
 10
46.22082513471406
 20
-96.04450389818428
 30
0.0
 11
46.00142711021482
 21
-112.8043210947639
 31
0.0
  0
LINE
  5
15BC
330
242
100
AcDbEntity
  8
0
  6
Continuous
 62
     7
100
AcDbLine
 10
85.58391596641405
 20
-117.8043210947439
 30
0.0
 11
40.81993205285499
 21
-117.8043210947439
 31
0.0
  0
LINE
  5
15BD
330
242
100
AcDbEntity
  8
0
  6
Continuous
 62
     7
100
AcDbLine
 10
80.28573214319322
 20
-117.3174095692042
 30
0.0
 11
46.118115876074
 21
-117.3174095692042
 31
0.0
  0
LINE
  5
15C4
330
242
100
AcDbEntity
  8
0
  6
Continuous
 62
     7
100
AcDbLine
 10
86.20192400903425
 20
-112.8043210947639
 30
0.0
 11
40.20192401023479
 21
-112.8043210947639
 31
0.0
  0
LINE
  5
15FC
330
242
100
AcDbEntity
  8
0
  6
Continuous
 62
     7
100
AcDbLine
 10
46.22082513471406
 20
-96.04450389818428
 30
0.0
 11
80.18302288455499
 21
-96.04450389818428
 31
0.0
  0
LINE
  5
15FD
330
242
100
AcDbEntity
  8
0
  6
Continuous
 62
     7
100
AcDbLine
 10
41.17125778149357
 20
-95.30432109610407
 30
0.0
 11
85.23259023777455
 21
-95.30432109610407
 31
0.0
  0
LINE
  5
15FE
330
242
100
AcDbEntity
  8
0
  6
Continuous
 62
     7
100
AcDbLine
 10
80.18302288455499
 20
-96.04450389818428
 30
0.0
 11
80.40242090905422
 21
-112.8043210947639
 31
0.0
  0
LINE
  5
15FF
330
242
100
AcDbEntity
  8
0
  6
Continuous
 62
     7
100
AcDbLine
 10
80.18302288455499
 20
-95.30432109610407
 30
0.0
 11
80.18302288455499
 21
-96.04450389818428
 31
0.0
  0
LINE
  5
1600
330
242
100
AcDbEntity
  8
0
  6
Continuous
 62
     7
100
AcDbLine
 10
80.28573214319322
 20
-117.8043210947439
 30
0.0
 11
80.28573214319322
 21
-117.3174095692042
 31
0.0
  0
LINE
  5
1601
330
242
100
AcDbEntity
  8
0
  6
Continuous
 62
     7
100
AcDbLine
 10
80.28573214319322
 20
-117.3174095692042
 30
0.0
 11
80.40391152583408
 21
-112.8043210947639
 31
0.0
  0
LINE
  5
1602
330
242
100
AcDbEntity
  8
0
  6
Continuous
 62
     7
100
AcDbLine
 10
85.98252598453502
 20
-96.04450389818428
 30
0.0
 11
86.20192400903425
 21
-112.8043210947639
 31
0.0
  0
LINE
  5
1603
330
242
100
AcDbEntity
  8
0
  6
Continuous
 62
     7
100
AcDbLine
 10
86.08374462893364
 20
-117.3174095692042
 30
0.0
 11
86.20192400903425
 21
-112.8043210947639
 31
0.0
  0
LINE
  5
1604
330
242
100
AcDbEntity
  8
0
  6
Continuous
 62
     7
100
AcDbLine
 10
127.6525430939148
 20
-187.6220723768796
 30
0.0
 11
126.4295699416937
 21
-187.6380819714799
 31
0.0
  0
LINE
  5
1605
330
242
100
AcDbEntity
  8
0
  6
Continuous
 62
     7
100
AcDbLine
 10
112.4014131949137
 20
-187.8217206034396
 30
0.0
 11
126.052450528294
 21
-187.6430187357995
 31
0.0
  0
LINE
  5
1606
330
242
100
AcDbEntity
  8
0
  6
Continuous
 62
     7
100
AcDbLine
 10
128.0521467320935
 20
-187.6168412773599
 30
0.0
 11
129.1612303914938
 21
-187.6023225789399
 31
0.0
  0
LINE
  5
1607
330
242
100
AcDbEntity
  8
0
  6
Continuous
 62
     7
100
AcDbLine
 10
107.8883247204742
 20
-187.7035412233398
 30
0.0
 11
112.4014131949137
 21
-187.8217206034396
 31
0.0
  0
LINE
  5
1608
330
242
100
AcDbEntity
  8
0
  6
Continuous
 62
     7
100
AcDbLine
 10
112.4014131949137
 20
-182.0222175034595
 30
0.0
 11
126.3551966969938
 21
-181.83955247128
 31
0.0
  0
LINE
  5
1609
330
242
100
AcDbEntity
  8
0
  6
Continuous
 62
     7
100
AcDbLine
 10
127.7661817617339
 20
-181.8210816649397
 30
0.0
 11
129.1612303914938
 21
-181.8028194789598
 31
0.0
  0
LINE
  5
160A
330
242
100
AcDbEntity
  8
0
  6
Continuous
 62
     7
100
AcDbLine
 10
107.4014131949337
 20
-181.9055287375999
 30
0.0
 11
107.8883247204742
 21
-181.9055287375999
 31
0.0
  0
LINE
  5
160B
330
242
100
AcDbEntity
  8
0
  6
Continuous
 62
     7
100
AcDbLine
 10
129.901413193574
 20
-181.8028194789598
 30
0.0
 11
129.1612303914938
 21
-181.8028194789598
 31
0.0
  0
LINE
  5
160C
330
242
100
AcDbEntity
  8
0
  6
Continuous
 62
     7
100
AcDbLine
 10
107.8883247204742
 20
-181.9055287375999
 30
0.0
 11
112.4014131949137
 21
-182.0237081176996
 31
0.0
  0
LINE
  5
160D
330
242
100
AcDbEntity
  8
0
  6
Continuous
 62
     7
100
AcDbLine
 10
107.4014131949337
 20
-187.2037125608198
 30
0.0
 11
107.4014131949337
 21
-142.4397286472598
 31
0.0
  0
LINE
  5
160E
330
242
100
AcDbEntity
  8
0
  6
Continuous
 62
     7
100
AcDbLine
 10
107.8883247204742
 20
-181.9055287375999
 30
0.0
 11
107.8883247204742
 21
-147.7379124679395
 31
0.0
  0
LINE
  5
160F
330
242
100
AcDbEntity
  8
0
  6
Continuous
 62
     7
100
AcDbLine
 10
112.4014131949137
 20
-187.8217206034396
 30
0.0
 11
112.4014131949137
 21
-141.8217206020999
 31
0.0
  0
LINE
  5
1612
330
242
100
AcDbEntity
  8
0
  6
Continuous
 62
     7
100
AcDbLine
 10
114.3514131938148
 20
-141.8472475004995
 30
0.0
 11
114.3514131938148
 21
-141.0497972615198
 31
0.0
  0
LINE
  5
162F
330
242
100
AcDbEntity
  8
0
  6
Continuous
 62
     7
100
AcDbLine
 10
115.1714124859939
 20
-151.5153921011796
 30
0.0
 11
115.1714125139345
 21
-152.1280492527998
 31
0.0
  0
LINE
  5
1631
330
242
100
AcDbEntity
  8
0
  6
Continuous
 62
     7
100
AcDbLine
 10
115.3314125241343
 20
-152.3589486868599
 30
0.0
 11
115.3314124758738
 21
-151.2844925959998
 31
0.0
  0
LINE
  5
163F
330
242
100
AcDbEntity
  8
0
  6
Continuous
 62
     7
100
AcDbLine
 10
122.5514131945941
 20
-170.3217206022399
 30
0.0
 11
123.5514131935745
 21
-170.3217206022399
 31
0.0
  0
LINE
  5
1667
330
242
100
AcDbEntity
  8
0
  6
Continuous
 62
     7
100
AcDbLine
 10
123.5514131935745
 20
-169.3217206032599
 30
0.0
 11
122.5514131945941
 21
-169.3217206032599
 31
0.0
  0
LINE
  5
166D
330
242
100
AcDbEntity
  8
0
  6
Continuous
 62
     7
100
AcDbLine
 10
119.6514131932347
 20
-141.9166283015397
 30
0.0
 11
119.6514131932347
 21
-141.1139414537796
 31
0.0
  0
LINE
  5
166E
330
242
100
AcDbEntity
  8
0
  6
Continuous
 62
     7
100
AcDbLine
 10
120.801413194474
 20
-168.3217206042795
 30
0.0
 11
125.3014131936937
 21
-168.3217206042795
 31
0.0
  0
LINE
  5
166F
330
242
100
AcDbEntity
  8
0
  6
Continuous
 62
     7
100
AcDbLine
 10
125.3014131936937
 20
-167.3217206027597
 30
0.0
 11
120.801413194474
 21
-167.3217206027597
 31
0.0
  0
LINE
  5
1670
330
242
100
AcDbEntity
  8
0
  6
Continuous
 62
     7
100
AcDbLine
 10
121.8014131934545
 20
-166.3217206037797
 30
0.0
 11
124.301413194715
 21
-166.3217206037797
 31
0.0
  0
LINE
  5
1671
330
242
100
AcDbEntity
  8
0
  6
Continuous
 62
     7
100
AcDbLine
 10
124.301413194715
 20
-165.32172060226
 30
0.0
 11
121.8014131934545
 21
-165.32172060226
 31
0.0
  0
LINE
  5
1672
330
242
100
AcDbEntity
  8
0
  6
Continuous
 62
     7
100
AcDbLine
 10
119.8014131929542
 20
-164.3217206032795
 30
0.0
 11
126.3014131926741
 21
-164.3217206032795
 31
0.0
  0
LINE
  5
1673
330
242
100
AcDbEntity
  8
0
  6
Continuous
 62
     7
100
AcDbLine
 10
126.3014131926741
 20
-163.3217206042995
 30
0.0
 11
119.8014131929542
 21
-163.3217206042995
 31
0.0
  0
LINE
  5
1674
330
242
100
AcDbEntity
  8
0
  6
Continuous
 62
     7
100
AcDbLine
 10
121.0514131948542
 20
-162.3217206027797
 30
0.0
 11
125.0514131933135
 21
-162.3217206027797
 31
0.0
  0
LINE
  5
1675
330
242
100
AcDbEntity
  8
0
  6
Continuous
 62
     7
100
AcDbLine
 10
125.0514131933135
 20
-161.3217206037997
 30
0.0
 11
121.0514131948542
 21
-161.3217206037997
 31
0.0
  0
LINE
  5
1676
330
242
100
AcDbEntity
  8
0
  6
Continuous
 62
     7
100
AcDbLine
 10
129.1612303914938
 20
-147.8406217291198
 30
0.0
 11
129.1612303914938
 21
-181.8028194789598
 31
0.0
  0
LINE
  5
1677
330
242
100
AcDbEntity
  8
0
  6
Continuous
 62
     7
100
AcDbLine
 10
122.5514131945941
 20
-160.3217206022795
 30
0.0
 11
123.5514131935745
 21
-160.3217206022795
 31
0.0
  0
LINE
  5
1678
330
242
100
AcDbEntity
  8
0
  6
Continuous
 62
     7
100
AcDbLine
 10
123.5514131935745
 20
-159.3217206032995
 30
0.0
 11
122.5514131945941
 21
-159.3217206032995
 31
0.0
  0
LINE
  5
1679
330
242
100
AcDbEntity
  8
0
  6
Continuous
 62
     7
100
AcDbLine
 10
129.901413193574
 20
-142.7910543733596
 30
0.0
 11
129.901413193574
 21
-186.8523868321799
 31
0.0
  0
LINE
  5
1680
330
242
100
AcDbEntity
  8
0
  6
Continuous
 62
     7
100
AcDbLine
 10
107.8883247204742
 20
-147.7379124679395
 30
0.0
 11
112.4014131949137
 21
-147.6197330878394
 31
0.0
  0
LINE
  5
1681
330
242
100
AcDbEntity
  8
0
  6
Continuous
 62
     7
100
AcDbLine
 10
129.901413193574
 20
-147.8406217291198
 30
0.0
 11
129.1612303914938
 21
-147.8406217291198
 31
0.0
  0
LINE
  5
1682
330
242
100
AcDbEntity
  8
0
  6
Continuous
 62
     7
100
AcDbLine
 10
107.4014131949337
 20
-147.7379124679395
 30
0.0
 11
107.8883247204742
 21
-147.7379124679395
 31
0.0
  0
LINE
  5
1683
330
242
100
AcDbEntity
  8
0
  6
Continuous
 62
     7
100
AcDbLine
 10
129.1612303914938
 20
-147.8406217291198
 30
0.0
 11
112.4014131949137
 21
-147.6212237020799
 31
0.0
  0
LINE
  5
1684
330
242
100
AcDbEntity
  8
0
  6
Continuous
 62
     7
100
AcDbLine
 10
107.8883247204742
 20
-141.9398999847394
 30
0.0
 11
112.4014131949137
 21
-141.8217206020999
 31
0.0
  0
LINE
  5
1685
330
242
100
AcDbEntity
  8
0
  6
Continuous
 62
     7
100
AcDbLine
 10
119.6514017632337
 20
-141.1139414766398
 30
0.0
 11
114.3514246238131
 21
-141.0497972386596
 31
0.0
  0
LINE
  5
1686
330
242
100
AcDbEntity
  8
0
  6
Continuous
 62
     7
100
AcDbLine
 10
129.1612303914938
 20
-142.0411186291398
 30
0.0
 11
112.4014131949137
 21
-141.8217206020999
 31
0.0
  0
LINE
  5
1687
330
242
100
AcDbEntity
  8
0
  6
Continuous
 62
     7
100
AcDbLine
 10
119.4540205298538
 20
-140.91395861016
 30
0.0
 11
114.5540416963534
 21
-140.8498143747196
 31
0.0
  0
LINE
  5
1688
330
242
100
AcDbEntity
  8
0
  6
Continuous
 62
     7
100
AcDbLine
 10
40.42132203473403
 20
-224.0246917152599
 30
0.0
 11
40.20192401023479
 21
-207.2648745161395
 31
0.0
  0
LINE
  5
1689
330
242
100
AcDbEntity
  8
0
  6
Continuous
 62
     7
100
AcDbLine
 10
40.3201033903336
 20
-202.7517860442394
 30
0.0
 11
40.20192401023479
 21
-207.2648745161395
 31
0.0
  0
LINE
  5
168B
330
242
100
AcDbEntity
  8
0
  6
Continuous
 62
     7
100
AcDbLine
 10
46.22082513471406
 20
-224.0246917152599
 30
0.0
 11
46.00142711021482
 21
-207.2648745161395
 31
0.0
  0
LINE
  5
168D
330
242
100
AcDbEntity
  8
0
  6
Continuous
 62
     7
100
AcDbLine
 10
46.118115876074
 20
-202.2648745161595
 30
0.0
 11
46.118115876074
 21
-202.7517860442394
 31
0.0
  0
LINE
  5
168E
330
242
100
AcDbEntity
  8
0
  6
Continuous
 62
     7
100
AcDbLine
 10
46.22082513471406
 20
-224.7648745173396
 30
0.0
 11
46.22082513471406
 21
-224.0246917152599
 31
0.0
  0
LINE
  5
168F
330
242
100
AcDbEntity
  8
0
  6
Continuous
 62
     7
100
AcDbLine
 10
46.118115876074
 20
-202.7517860442394
 30
0.0
 11
45.99993649343406
 21
-207.2648745161395
 31
0.0
  0
LINE
  5
1698
330
242
100
AcDbEntity
  8
0
  6
Continuous
 62
     7
100
AcDbLine
 10
85.23259023777455
 20
-224.7648745173396
 30
0.0
 11
41.17125778149357
 21
-224.7648745173396
 31
0.0
  0
LINE
  5
1699
330
242
100
AcDbEntity
  8
0
  6
Continuous
 62
     7
100
AcDbLine
 10
80.18302288455499
 20
-224.0246917152599
 30
0.0
 11
46.22082513471406
 21
-224.0246917152599
 31
0.0
  0
LINE
  5
16B1
330
242
100
AcDbEntity
  8
0
  6
Continuous
 62
     7
100
AcDbLine
 10
58.1858255201335
 20
-211.1887503259795
 30
0.0
 11
58.1858255201335
 21
-210.5887503270996
 31
0.0
  0
LINE
  5
16B2
330
242
100
AcDbEntity
  8
0
  6
Continuous
 62
     7
100
AcDbLine
 10
58.48192400845374
 20
-211.1848745171196
 30
0.0
 11
58.48192400845374
 21
-210.5848745182393
 31
0.0
  0
LINE
  5
16B3
330
242
100
AcDbEntity
  8
0
  6
Continuous
 62
     7
100
AcDbLine
 10
58.56198848891409
 20
-210.1013346623599
 30
0.0
 11
58.56198848891409
 21
-210.7043954475998
 31
0.0
  0
LINE
  5
16B4
330
242
100
AcDbEntity
  8
0
  6
Continuous
 62
     7
100
AcDbLine
 10
63.77896023173462
 20
-209.6043954479596
 30
0.0
 11
63.75039727133418
 21
-209.6243954485998
 31
0.0
  0
LINE
  5
16B5
330
242
100
AcDbEntity
  8
0
  6
Continuous
 62
     7
100
AcDbLine
 10
60.27756305623398
 20
-210.5690323070998
 30
0.0
 11
60.27755109283436
 21
-210.5343954472395
 31
0.0
  0
LINE
  5
16B6
330
242
100
AcDbEntity
  8
0
  6
Continuous
 62
     7
100
AcDbLine
 10
59.75183853491427
 20
-209.2543954469201
 30
0.0
 11
59.75182969063308
 21
-209.21487385718
 31
0.0
  0
LINE
  5
16B7
330
242
100
AcDbEntity
  8
0
  6
Continuous
 62
     7
100
AcDbLine
 10
60.00182968847304
 20
-209.21487385718
 30
0.0
 11
60.00183853275422
 21
-209.2543954469201
 31
0.0
  0
LINE
  5
16B8
330
242
100
AcDbEntity
  8
0
  6
Continuous
 62
     7
100
AcDbLine
 10
60.01683856117352
 20
-209.2543954469201
 30
0.0
 11
60.01682971943347
 21
-209.21487385718
 31
0.0
  0
LINE
  5
16B9
330
242
100
AcDbEntity
  8
0
  6
Continuous
 62
     7
100
AcDbLine
 10
58.71195358903361
 20
-210.9043954463795
 30
0.0
 11
58.71195358903361
 21
-209.8084432770992
 31
0.0
  0
LINE
  5
16BA
330
242
100
AcDbEntity
  8
0
  6
Continuous
 62
     7
100
AcDbLine
 10
58.73239913107437
 20
-209.76851183296
 30
0.0
 11
58.73239913107437
 21
-210.5843954462998
 31
0.0
  0
LINE
  5
16BB
330
242
100
AcDbEntity
  8
0
  6
Continuous
 62
     7
100
AcDbLine
 10
58.73265505385308
 20
-211.1843954477194
 30
0.0
 11
58.73265505385308
 21
-210.5843954462998
 31
0.0
  0
LINE
  5
16BC
330
242
100
AcDbEntity
  8
0
  6
Continuous
 62
     7
100
AcDbLine
 10
58.93265505263508
 20
-210.5843954462998
 30
0.0
 11
58.93265505263508
 21
-211.1843954477194
 31
0.0
  0
LINE
  5
16BD
330
242
100
AcDbEntity
  8
0
  6
Continuous
 62
     7
100
AcDbLine
 10
59.03239912797317
 20
-209.4284522057396
 30
0.0
 11
59.03239912797317
 21
-209.7613311538998
 31
0.0
  0
LINE
  5
16BE
330
242
100
AcDbEntity
  8
0
  6
Continuous
 62
     7
100
AcDbLine
 10
59.03264342009362
 20
-210.5843954462998
 30
0.0
 11
59.03264342009362
 21
-211.1843954477194
 31
0.0
  0
LINE
  5
16BF
330
242
100
AcDbEntity
  8
0
  6
Continuous
 62
     7
100
AcDbLine
 10
59.04646801525479
 20
-210.9593954481397
 30
0.0
 11
59.04646801525479
 21
-210.8093954484197
 31
0.0
  0
LINE
  5
16C0
330
242
100
AcDbEntity
  8
0
  6
Continuous
 62
     7
100
AcDbLine
 10
59.04697667565352
 20
-209.5398738650401
 30
0.0
 11
59.04697667565352
 21
-209.5151419612398
 31
0.0
  0
LINE
  5
16C1
330
242
100
AcDbEntity
  8
0
  6
Continuous
 62
     7
100
AcDbLine
 10
59.05197452951353
 20
-209.6943954482999
 30
0.0
 11
59.05197452951353
 21
-209.7417559733393
 31
0.0
  0
LINE
  5
16C2
330
242
100
AcDbEntity
  8
0
  6
Continuous
 62
     7
100
AcDbLine
 10
59.05197452951353
 20
-210.3926728528594
 30
0.0
 11
59.05197452951353
 21
-210.5843954539195
 31
0.0
  0
LINE
  5
16C3
330
242
100
AcDbEntity
  8
0
  6
Continuous
 62
     7
100
AcDbLine
 10
59.05208156257351
 20
-211.1843954477194
 30
0.0
 11
59.05208156257351
 21
-210.5843954462998
 31
0.0
  0
LINE
  5
16C4
330
242
100
AcDbEntity
  8
0
  6
Continuous
 62
     7
100
AcDbLine
 10
59.06277874971448
 20
-209.5196738622598
 30
0.0
 11
59.06277874717426
 21
-209.3983208054996
 31
0.0
  0
LINE
  5
16C5
330
242
100
AcDbEntity
  8
0
  6
Continuous
 62
     7
100
AcDbLine
 10
59.09325874717461
 20
-209.3680898448792
 30
0.0
 11
59.09325874971393
 21
-209.5196738622598
 31
0.0
  0
LINE
  5
16C6
330
242
100
AcDbEntity
  8
0
  6
Continuous
 62
     7
100
AcDbLine
 10
59.09697667471329
 20
-209.5398738650401
 30
0.0
 11
59.09697667471329
 21
-209.5196738520999
 31
0.0
  0
LINE
  5
16C7
330
242
100
AcDbEntity
  8
0
  6
Continuous
 62
     7
100
AcDbLine
 10
59.13301469509343
 20
-209.5398738574194
 30
0.0
 11
59.13301469509343
 21
-209.5498738577393
 31
0.0
  0
LINE
  5
16C8
330
242
100
AcDbEntity
  8
0
  6
Continuous
 62
     7
100
AcDbLine
 10
59.15618521009429
 20
-209.5196738571798
 30
0.0
 11
59.15618521009429
 21
-209.5222138571798
 31
0.0
  0
LINE
  5
16C9
330
242
100
AcDbEntity
  8
0
  6
Continuous
 62
     7
100
AcDbLine
 10
59.18316492753394
 20
-209.5398738599596
 30
0.0
 11
59.18316492753394
 21
-209.54987386028
 31
0.0
  0
LINE
  5
16CA
330
242
100
AcDbEntity
  8
0
  6
Continuous
 62
     7
100
AcDbLine
 10
59.19298243393433
 20
-209.5196738597196
 30
0.0
 11
59.19298243393433
 21
-209.5222138597196
 31
0.0
  0
LINE
  5
16CB
330
242
100
AcDbEntity
  8
0
  6
Continuous
 62
     7
100
AcDbLine
 10
59.20203946941484
 20
-211.7340161874394
 30
0.0
 11
59.20203946941484
 21
-211.6996623826398
 31
0.0
  0
LINE
  5
16CC
330
242
100
AcDbEntity
  8
0
  6
Continuous
 62
     7
100
AcDbLine
 10
59.20209899685443
 20
-211.1843954477194
 30
0.0
 11
59.20209899685443
 21
-210.5843954488395
 31
0.0
  0
LINE
  5
16CD
330
242
100
AcDbEntity
  8
0
  6
Continuous
 62
     7
100
AcDbLine
 10
59.23012379221319
 20
-209.5222138571798
 30
0.0
 11
59.23012379221319
 21
-209.5196738571798
 31
0.0
  0
LINE
  5
16CE
330
242
100
AcDbEntity
  8
0
  6
Continuous
 62
     7
100
AcDbLine
 10
59.2349377703934
 20
-209.5398738574194
 30
0.0
 11
59.2349377703934
 21
-209.5498738577393
 31
0.0
  0
LINE
  5
16CF
330
242
100
AcDbEntity
  8
0
  6
Continuous
 62
     7
100
AcDbLine
 10
59.24839931573416
 20
-209.5398738548797
 30
0.0
 11
59.24839931573416
 21
-209.5498738552
 31
0.0
  0
LINE
  5
16D0
330
242
100
AcDbEntity
  8
0
  6
Continuous
 62
     7
100
AcDbLine
 10
59.25372121517495
 20
-209.5196738571798
 30
0.0
 11
59.25372121517495
 21
-209.5222138571798
 31
0.0
  0
LINE
  5
16D1
330
242
100
AcDbEntity
  8
0
  6
Continuous
 62
     7
100
AcDbLine
 10
59.25416853711368
 20
-209.5398738599596
 30
0.0
 11
59.25416853711368
 21
-209.5498738577393
 31
0.0
  0
LINE
  5
16D2
330
242
100
AcDbEntity
  8
0
  6
Continuous
 62
     7
100
AcDbLine
 10
59.25686753349447
 20
-209.5222138597196
 30
0.0
 11
59.25686753349447
 21
-209.5196738597196
 31
0.0
  0
LINE
  5
16D3
330
242
100
AcDbEntity
  8
0
  6
Continuous
 62
     7
100
AcDbLine
 10
59.29413178713395
 20
-209.5222138597196
 30
0.0
 11
59.29413178713395
 21
-209.5196738597196
 31
0.0
  0
LINE
  5
16D4
330
242
100
AcDbEntity
  8
0
  6
Continuous
 62
     7
100
AcDbLine
 10
59.5809387497141
 20
-209.2148738622599
 30
0.0
 11
59.5809387471748
 21
-209.3800019013192
 31
0.0
  0
LINE
  5
16D5
330
242
100
AcDbEntity
  8
0
  6
Continuous
 62
     7
100
AcDbLine
 10
59.60197452171389
 20
-209.2543954469201
 30
0.0
 11
59.60197452171389
 21
-209.3743581838793
 31
0.0
  0
LINE
  5
16D6
330
242
100
AcDbEntity
  8
0
  6
Continuous
 62
     7
100
AcDbLine
 10
59.61141874717424
 20
-209.2453538648001
 30
0.0
 11
59.61141874717424
 21
-209.2543954469201
 31
0.0
  0
LINE
  5
16D7
330
242
100
AcDbEntity
  8
0
  6
Continuous
 62
     7
100
AcDbLine
 10
59.641898749713
 20
-209.2543954469201
 30
0.0
 11
59.641898749713
 21
-209.2453538622594
 31
0.0
  0
LINE
  5
16D8
330
242
100
AcDbEntity
  8
0
  6
Continuous
 62
     7
100
AcDbLine
 10
59.65197667469357
 20
-209.2398738655993
 30
0.0
 11
59.65197667469357
 21
-209.2543954469201
 31
0.0
  0
LINE
  5
16D9
330
242
100
AcDbEntity
  8
0
  6
Continuous
 62
     7
100
AcDbLine
 10
59.67697667549356
 20
-209.2148738647997
 30
0.0
 11
59.67697667549356
 21
-209.2543954469201
 31
0.0
  0
LINE
  5
16DA
330
242
100
AcDbEntity
  8
0
  6
Continuous
 62
     7
100
AcDbLine
 10
59.85725836471402
 20
-211.0343954479999
 30
0.0
 11
59.85725836471402
 21
-210.9593954481397
 31
0.0
  0
LINE
  5
16DB
330
242
100
AcDbEntity
  8
0
  6
Continuous
 62
     7
100
AcDbLine
 10
59.85725836471402
 20
-210.8093954484197
 30
0.0
 11
59.85725836471402
 21
-210.73439544856
 31
0.0
  0
LINE
  5
16DC
330
242
100
AcDbEntity
  8
0
  6
Continuous
 62
     7
100
AcDbLine
 10
59.85753068827335
 20
-210.8093954484197
 30
0.0
 11
59.85753068827335
 21
-210.9593954481397
 31
0.0
  0
LINE
  5
16DD
330
242
100
AcDbEntity
  8
0
  6
Continuous
 62
     7
100
AcDbLine
 10
59.86468733893463
 20
-210.9593954481397
 30
0.0
 11
59.86468733893463
 21
-210.8093954484197
 31
0.0
  0
LINE
  5
16DE
330
242
100
AcDbEntity
  8
0
  6
Continuous
 62
     7
100
AcDbLine
 10
59.907532229114
 20
-210.9593954481397
 30
0.0
 11
59.907532229114
 21
-211.1943954480397
 31
0.0
  0
LINE
  5
16DF
330
242
100
AcDbEntity
  8
0
  6
Continuous
 62
     7
100
AcDbLine
 10
59.907532229114
 20
-210.8093954484197
 30
0.0
 11
59.907532229114
 21
-210.5743954485201
 31
0.0
  0
LINE
  5
16E0
330
242
100
AcDbEntity
  8
0
  6
Continuous
 62
     7
100
AcDbLine
 10
60.01192400915289
 20
-208.7626518380798
 30
0.0
 11
60.01192400915289
 21
-209.0548745175392
 31
0.0
  0
LINE
  5
16E1
330
242
100
AcDbEntity
  8
0
  6
Continuous
 62
     7
100
AcDbLine
 10
60.01192400915289
 20
-213.0148488149993
 30
0.0
 11
60.01192400915289
 21
-212.7148745178196
 31
0.0
  0
LINE
  5
16E2
330
242
100
AcDbEntity
  8
0
  6
Continuous
 62
     7
100
AcDbLine
 10
60.01209899229372
 20
-209.7743954483194
 30
0.0
 11
60.01208154249463
 21
-209.6243954485998
 31
0.0
  0
LINE
  5
16E3
330
242
100
AcDbEntity
  8
0
  6
Continuous
 62
     7
100
AcDbLine
 10
60.01264341335474
 20
-212.1643954485993
 30
0.0
 11
60.01265504655413
 21
-212.2643954467198
 31
0.0
  0
LINE
  5
16E4
330
242
100
AcDbEntity
  8
0
  6
Continuous
 62
     7
100
AcDbLine
 10
60.0619221717937
 20
-209.2543954469201
 30
0.0
 11
60.0619221717937
 21
-209.21487385718
 31
0.0
  0
LINE
  5
16E5
330
242
100
AcDbEntity
  8
0
  6
Continuous
 62
     7
100
AcDbLine
 10
60.13246848993396
 20
-210.8093954484197
 30
0.0
 11
60.13246848993396
 21
-210.9593954481397
 31
0.0
  0
LINE
  5
16E6
330
242
100
AcDbEntity
  8
0
  6
Continuous
 62
     7
100
AcDbLine
 10
60.1979276452733
 20
-211.1093954478596
 30
0.0
 11
60.1979276452733
 21
-210.9593954481397
 31
0.0
  0
LINE
  5
16E7
330
242
100
AcDbEntity
  8
0
  6
Continuous
 62
     7
100
AcDbLine
 10
60.1979276452733
 20
-210.8093954484197
 30
0.0
 11
60.1979276452733
 21
-210.6593954487002
 31
0.0
  0
LINE
  5
16E8
330
242
100
AcDbEntity
  8
0
  6
Continuous
 62
     7
100
AcDbLine
 10
60.22532347059433
 20
-210.9593954481397
 30
0.0
 11
60.22532347059433
 21
-210.8093954484197
 31
0.0
  0
LINE
  5
16E9
330
242
100
AcDbEntity
  8
0
  6
Continuous
 62
     7
100
AcDbLine
 10
60.27728511673314
 20
-211.19975858946
 30
0.0
 11
60.27728511673314
 21
-211.1943954480397
 31
0.0
  0
LINE
  5
16EA
330
242
100
AcDbEntity
  8
0
  6
Continuous
 62
     7
100
AcDbLine
 10
60.30762017417356
 20
-210.8093954484197
 30
0.0
 11
60.30762017417356
 21
-210.9593954481397
 31
0.0
  0
LINE
  5
16EB
330
242
100
AcDbEntity
  8
0
  6
Continuous
 62
     7
100
AcDbLine
 10
60.30728511769422
 20
-210.5143954465993
 30
0.0
 11
60.30725836133417
 21
-210.2843954468598
 31
0.0
  0
LINE
  5
16EC
330
242
100
AcDbEntity
  8
0
  6
Continuous
 62
     7
100
AcDbLine
 10
60.55209898925415
 20
-209.7743954483194
 30
0.0
 11
60.55209898925415
 21
-210.2843954468598
 31
0.0
  0
LINE
  5
16ED
330
242
100
AcDbEntity
  8
0
  6
Continuous
 62
     7
100
AcDbLine
 10
60.55208153945324
 20
-209.6243954485998
 30
0.0
 11
60.55209898925415
 21
-209.7743954483194
 31
0.0
  0
LINE
  5
16EE
330
242
100
AcDbEntity
  8
0
  6
Continuous
 62
     7
100
AcDbLine
 10
60.56192216747359
 20
-209.2543954469201
 30
0.0
 11
60.56192216747359
 21
-209.21487385718
 31
0.0
  0
LINE
  5
16EF
330
242
100
AcDbEntity
  8
0
  6
Continuous
 62
     7
100
AcDbLine
 10
60.01208154249463
 20
-212.14439544796
 30
0.0
 11
60.01209899229372
 21
-211.9943954482396
 31
0.0
  0
LINE
  5
16F0
330
242
100
AcDbEntity
  8
0
  6
Continuous
 62
     7
100
AcDbLine
 10
60.01265504655413
 20
-209.5043954472998
 30
0.0
 11
60.01264341335474
 21
-209.6043954479596
 31
0.0
  0
LINE
  5
16F1
330
242
100
AcDbEntity
  8
0
  6
Continuous
 62
     7
100
AcDbLine
 10
60.30725836133417
 20
-211.4843954471598
 30
0.0
 11
60.30728511769422
 21
-211.2543954474199
 31
0.0
  0
LINE
  5
16F2
330
242
100
AcDbEntity
  8
0
  6
Continuous
 62
     7
100
AcDbLine
 10
60.55209898925415
 20
-211.4843954471598
 30
0.0
 11
60.55208153945324
 21
-212.14439544796
 31
0.0
  0
LINE
  5
16F3
330
242
100
AcDbEntity
  8
0
  6
Continuous
 62
     7
100
AcDbLine
 10
60.27755109283436
 20
-211.2343954467796
 30
0.0
 11
60.27756305623398
 21
-211.19975858946
 31
0.0
  0
LINE
  5
16F4
330
242
100
AcDbEntity
  8
0
  6
Continuous
 62
     7
100
AcDbLine
 10
60.16391775647417
 20
-211.1943954480397
 30
0.0
 11
60.1979276452733
 21
-211.1093954478596
 31
0.0
  0
LINE
  5
16F5
330
242
100
AcDbEntity
  8
0
  6
Continuous
 62
     7
100
AcDbLine
 10
61.44934297581341
 20
-209.6043954479596
 30
0.0
 11
61.38762247695495
 21
-209.7446693101601
 31
0.0
  0
LINE
  5
16F6
330
242
100
AcDbEntity
  8
0
  6
Continuous
 62
     7
100
AcDbLine
 10
60.74198098439438
 20
-211.9033000017793
 30
0.0
 11
60.65337848951395
 21
-212.1046693094799
 31
0.0
  0
LINE
  5
16F7
330
242
100
AcDbEntity
  8
0
  6
Continuous
 62
     7
100
AcDbLine
 10
61.66221698491455
 20
-209.8654908922398
 30
0.0
 11
61.75081947979316
 21
-209.6641215870799
 31
0.0
  0
LINE
  5
16F8
330
242
100
AcDbEntity
  8
0
  6
Continuous
 62
     7
100
AcDbLine
 10
60.95485499349371
 20
-212.1643954485993
 30
0.0
 11
61.01657548981467
 21
-212.0241215863998
 31
0.0
  0
LINE
  5
16F9
330
242
100
AcDbEntity
  8
0
  6
Continuous
 62
     7
100
AcDbLine
 10
64.30201171547406
 20
-209.6043954479596
 30
0.0
 11
64.27343851379493
 21
-209.6243954485998
 31
0.0
  0
LINE
  5
16FA
330
242
100
AcDbEntity
  8
0
  6
Continuous
 62
     7
100
AcDbLine
 10
60.62755111927373
 20
-210.5343954472395
 30
0.0
 11
60.62756361861403
 21
-210.5743954485201
 31
0.0
  0
LINE
  5
16FB
330
242
100
AcDbEntity
  8
0
  6
Continuous
 62
     7
100
AcDbLine
 10
62.32749962691406
 20
-210.5743954485201
 30
0.0
 11
62.32748712757376
 21
-210.5343954472395
 31
0.0
  0
LINE
  5
16FC
330
242
100
AcDbEntity
  8
0
  6
Continuous
 62
     7
100
AcDbLine
 10
62.57748712541371
 20
-210.5343954472395
 30
0.0
 11
62.57749962475401
 21
-210.5743954485201
 31
0.0
  0
LINE
  5
16FD
330
242
100
AcDbEntity
  8
0
  6
Continuous
 62
     7
100
AcDbLine
 10
60.79182968327342
 20
-209.21487385718
 30
0.0
 11
60.79183852755369
 21
-209.2543954469201
 31
0.0
  0
LINE
  5
16FE
330
242
100
AcDbEntity
  8
0
  6
Continuous
 62
     7
100
AcDbLine
 10
60.8118385713745
 20
-209.2543954469201
 30
0.0
 11
60.81182990489407
 21
-209.21487385718
 31
0.0
  0
LINE
  5
16FF
330
242
100
AcDbEntity
  8
0
  6
Continuous
 62
     7
100
AcDbLine
 10
61.05182990495388
 20
-209.21487385718
 30
0.0
 11
61.051838568895
 21
-209.2543954469201
 31
0.0
  0
LINE
  5
1700
330
242
100
AcDbEntity
  8
0
  6
Continuous
 62
     7
100
AcDbLine
 10
61.35183856833402
 20
-209.2543954469201
 30
0.0
 11
61.3518299018545
 21
-209.21487385718
 31
0.0
  0
LINE
  5
1701
330
242
100
AcDbEntity
  8
0
  6
Continuous
 62
     7
100
AcDbLine
 10
61.55182990063377
 20
-209.21487385718
 30
0.0
 11
61.5518385671142
 21
-209.2543954469201
 31
0.0
  0
LINE
  5
1702
330
242
100
AcDbEntity
  8
0
  6
Continuous
 62
     7
100
AcDbLine
 10
61.85183852083383
 20
-209.2543954469201
 30
0.0
 11
61.85182967655447
 21
-209.21487385718
 31
0.0
  0
LINE
  5
1703
330
242
100
AcDbEntity
  8
0
  6
Continuous
 62
     7
100
AcDbLine
 10
62.05182967533466
 20
-209.21487385718
 30
0.0
 11
62.05183851707471
 21
-209.2543954469201
 31
0.0
  0
LINE
  5
1704
330
242
100
AcDbEntity
  8
0
  6
Continuous
 62
     7
100
AcDbLine
 10
62.35183854699454
 20
-209.2543954469201
 30
0.0
 11
62.35182970271336
 21
-209.21487385718
 31
0.0
  0
LINE
  5
1705
330
242
100
AcDbEntity
  8
0
  6
Continuous
 62
     7
100
AcDbLine
 10
62.55182970149445
 20
-209.21487385718
 30
0.0
 11
62.55183854577473
 21
-209.2543954469201
 31
0.0
  0
LINE
  5
1706
330
242
100
AcDbEntity
  8
0
  6
Continuous
 62
     7
100
AcDbLine
 10
60.80163718207433
 20
-209.21487385718
 30
0.0
 11
60.80163718207433
 21
-209.2543954469201
 31
0.0
  0
LINE
  5
1707
330
242
100
AcDbEntity
  8
0
  6
Continuous
 62
     7
100
AcDbLine
 10
60.85197451345385
 20
-209.3043954485196
 30
0.0
 11
60.85197451345385
 21
-209.2543954469201
 31
0.0
  0
LINE
  5
1708
330
242
100
AcDbEntity
  8
0
  6
Continuous
 62
     7
100
AcDbLine
 10
61.05797519619438
 20
-209.2148738495602
 30
0.0
 11
61.05797519619438
 21
-209.2398738503598
 31
0.0
  0
LINE
  5
1709
330
242
100
AcDbEntity
  8
0
  6
Continuous
 62
     7
100
AcDbLine
 10
61.23193036771437
 20
-209.6243954485998
 30
0.0
 11
61.23193036771437
 21
-209.6043954479596
 31
0.0
  0
LINE
  5
170A
330
242
100
AcDbEntity
  8
0
  6
Continuous
 62
     7
100
AcDbLine
 10
61.23193036771437
 20
-209.3043954485196
 30
0.0
 11
61.23193036771437
 21
-209.2543954469201
 31
0.0
  0
LINE
  5
170B
330
242
100
AcDbEntity
  8
0
  6
Continuous
 62
     7
100
AcDbLine
 10
61.61297519617375
 20
-209.2398738503598
 30
0.0
 11
61.61297519617375
 21
-209.2543954469201
 31
0.0
  0
LINE
  5
170C
330
242
100
AcDbEntity
  8
0
  6
Continuous
 62
     7
100
AcDbLine
 10
61.63797519697374
 20
-209.2148738495602
 30
0.0
 11
61.63797519697374
 21
-209.2543954469201
 31
0.0
  0
LINE
  5
170D
330
242
100
AcDbEntity
  8
0
  6
Continuous
 62
     7
100
AcDbLine
 10
61.80163718105479
 20
-209.21487385718
 30
0.0
 11
61.80163718105479
 21
-209.2543954469201
 31
0.0
  0
LINE
  5
170E
330
242
100
AcDbEntity
  8
0
  6
Continuous
 62
     7
100
AcDbLine
 10
61.85209898005388
 20
-210.2843954468598
 30
0.0
 11
61.85209898005388
 21
-209.7743954483194
 31
0.0
  0
LINE
  5
170F
330
242
100
AcDbEntity
  8
0
  6
Continuous
 62
     7
100
AcDbLine
 10
61.85209898005388
 20
-209.7743954483194
 30
0.0
 11
61.85208153025479
 21
-209.6243954485998
 31
0.0
  0
LINE
  5
1710
330
242
100
AcDbEntity
  8
0
  6
Continuous
 62
     7
100
AcDbLine
 10
62.20163718115355
 20
-209.21487385718
 30
0.0
 11
62.20163718115355
 21
-209.2543954469201
 31
0.0
  0
LINE
  5
1711
330
242
100
AcDbEntity
  8
0
  6
Continuous
 62
     7
100
AcDbLine
 10
62.25199428135448
 20
-209.6043954479596
 30
0.0
 11
62.25199428135448
 21
-209.6243954485998
 31
0.0
  0
LINE
  5
1712
330
242
100
AcDbEntity
  8
0
  6
Continuous
 62
     7
100
AcDbLine
 10
61.77752268013347
 20
-210.5743954485201
 30
0.0
 11
61.77751037383342
 21
-210.5343954472395
 31
0.0
  0
LINE
  5
1713
330
242
100
AcDbEntity
  8
0
  6
Continuous
 62
     7
100
AcDbLine
 10
61.85208153025479
 20
-212.14439544796
 30
0.0
 11
61.85209898005388
 21
-211.4843954471598
 31
0.0
  0
LINE
  5
1714
330
242
100
AcDbEntity
  8
0
  6
Continuous
 62
     7
100
AcDbLine
 10
62.12751037233312
 20
-210.5343954472395
 30
0.0
 11
62.12752267609386
 21
-210.5743954485201
 31
0.0
  0
LINE
  5
1715
330
242
100
AcDbEntity
  8
0
  6
Continuous
 62
     7
100
AcDbLine
 10
60.62756361861403
 20
-211.1943954480397
 30
0.0
 11
60.62755111927373
 21
-211.2343954467796
 31
0.0
  0
LINE
  5
1716
330
242
100
AcDbEntity
  8
0
  6
Continuous
 62
     7
100
AcDbLine
 10
61.77751037383342
 20
-211.2343954467796
 30
0.0
 11
61.77752268013347
 21
-211.1943954480397
 31
0.0
  0
LINE
  5
1717
330
242
100
AcDbEntity
  8
0
  6
Continuous
 62
     7
100
AcDbLine
 10
62.12752264561396
 20
-211.1943954480397
 30
0.0
 11
62.12751034185413
 21
-211.2343954467796
 31
0.0
  0
LINE
  5
1718
330
242
100
AcDbEntity
  8
0
  6
Continuous
 62
     7
100
AcDbLine
 10
62.32748712757376
 20
-211.2343954467796
 30
0.0
 11
62.32749972343419
 21
-211.1943954480397
 31
0.0
  0
LINE
  5
1719
330
242
100
AcDbEntity
  8
0
  6
Continuous
 62
     7
100
AcDbLine
 10
62.57749972127413
 20
-211.1943954480397
 30
0.0
 11
62.57748712541371
 21
-211.2343954467796
 31
0.0
  0
LINE
  5
171A
330
242
100
AcDbEntity
  8
0
  6
Continuous
 62
     7
100
AcDbLine
 10
67.2918139349943
 20
-209.6043954479596
 30
0.0
 11
67.25734157823291
 21
-209.6457622791199
 31
0.0
  0
LINE
  5
171B
330
242
100
AcDbEntity
  8
0
  6
Continuous
 62
     7
100
AcDbLine
 10
60.1979276452733
 20
-210.6593954487002
 30
0.0
 11
60.16391775647417
 21
-210.5743954485201
 31
0.0
  0
LINE
  5
171C
330
242
100
AcDbEntity
  8
0
  6
Continuous
 62
     7
100
AcDbLine
 10
62.82749963021462
 20
-210.5743954485201
 30
0.0
 11
62.82748703435328
 21
-210.5343954472395
 31
0.0
  0
LINE
  5
171D
330
242
100
AcDbEntity
  8
0
  6
Continuous
 62
     7
100
AcDbLine
 10
63.07748703219323
 20
-210.5343954472395
 30
0.0
 11
63.07749962805366
 21
-210.5743954485201
 31
0.0
  0
LINE
  5
171E
330
242
100
AcDbEntity
  8
0
  6
Continuous
 62
     7
100
AcDbLine
 10
63.3274996385947
 20
-210.5743954485201
 30
0.0
 11
63.32748704273427
 21
-210.5343954472395
 31
0.0
  0
LINE
  5
171F
330
242
100
AcDbEntity
  8
0
  6
Continuous
 62
     7
100
AcDbLine
 10
63.57748704057513
 20
-210.5343954472395
 30
0.0
 11
63.57749963643465
 21
-210.5743954485201
 31
0.0
  0
LINE
  5
1720
330
242
100
AcDbEntity
  8
0
  6
Continuous
 62
     7
100
AcDbLine
 10
63.82749961649398
 20
-210.5743954485201
 30
0.0
 11
63.82748711715368
 21
-210.5343954472395
 31
0.0
  0
LINE
  5
1721
330
242
100
AcDbEntity
  8
0
  6
Continuous
 62
     7
100
AcDbLine
 10
64.07748711499363
 20
-210.5343954472395
 30
0.0
 11
64.07749961433393
 21
-210.5743954485201
 31
0.0
  0
LINE
  5
1722
330
242
100
AcDbEntity
  8
0
  6
Continuous
 62
     7
100
AcDbLine
 10
62.85183851219364
 20
-209.2543954469201
 30
0.0
 11
62.85182967045358
 21
-209.21487385718
 31
0.0
  0
LINE
  5
1723
330
242
100
AcDbEntity
  8
0
  6
Continuous
 62
     7
100
AcDbLine
 10
63.05182966923377
 20
-209.21487385718
 30
0.0
 11
63.05183851097382
 21
-209.2543954469201
 31
0.0
  0
LINE
  5
1724
330
242
100
AcDbEntity
  8
0
  6
Continuous
 62
     7
100
AcDbLine
 10
63.35183851041375
 20
-209.2543954469201
 30
0.0
 11
63.35182966613349
 21
-209.21487385718
 31
0.0
  0
LINE
  5
1725
330
242
100
AcDbEntity
  8
0
  6
Continuous
 62
     7
100
AcDbLine
 10
63.55182966491367
 20
-209.21487385718
 30
0.0
 11
63.55183850919394
 21
-209.2543954469201
 31
0.0
  0
LINE
  5
1726
330
242
100
AcDbEntity
  8
0
  6
Continuous
 62
     7
100
AcDbLine
 10
63.85183853657446
 20
-209.2543954469201
 30
0.0
 11
63.85182969229418
 21
-209.21487385718
 31
0.0
  0
LINE
  5
1727
330
242
100
AcDbEntity
  8
0
  6
Continuous
 62
     7
100
AcDbLine
 10
64.05182969107437
 20
-209.21487385718
 30
0.0
 11
64.05183853535374
 21
-209.2543954469201
 31
0.0
  0
LINE
  5
1728
330
242
100
AcDbEntity
  8
0
  6
Continuous
 62
     7
100
AcDbLine
 10
64.35183850177356
 20
-209.2543954469201
 30
0.0
 11
64.3518296600335
 21
-209.21487385718
 31
0.0
  0
LINE
  5
1729
330
242
100
AcDbEntity
  8
0
  6
Continuous
 62
     7
100
AcDbLine
 10
64.55182965881369
 20
-209.21487385718
 30
0.0
 11
64.55183850055374
 21
-209.2543954469201
 31
0.0
  0
LINE
  5
172A
330
242
100
AcDbEntity
  8
0
  6
Continuous
 62
     7
100
AcDbLine
 10
62.7754702600535
 20
-212.5148739678597
 30
0.0
 11
62.77549310735441
 21
-212.7148745178196
 31
0.0
  0
LINE
  5
172B
330
242
100
AcDbEntity
  8
0
  6
Continuous
 62
     7
100
AcDbLine
 10
62.80192400953393
 20
-212.5148739678597
 30
0.0
 11
62.80192400953393
 21
-212.7148745178196
 31
0.0
  0
LINE
  5
172C
330
242
100
AcDbEntity
  8
0
  6
Continuous
 62
     7
100
AcDbLine
 10
63.20163718267423
 20
-209.21487385718
 30
0.0
 11
63.20163718267423
 21
-209.2543954469201
 31
0.0
  0
LINE
  5
172D
330
242
100
AcDbEntity
  8
0
  6
Continuous
 62
     7
100
AcDbLine
 10
63.60163718277391
 20
-209.21487385718
 30
0.0
 11
63.60163718277391
 21
-209.2543954469201
 31
0.0
  0
LINE
  5
172E
330
242
100
AcDbEntity
  8
0
  6
Continuous
 62
     7
100
AcDbLine
 10
63.60192400973421
 20
-212.7148745178196
 30
0.0
 11
63.60192400973421
 21
-212.5148739678597
 31
0.0
  0
LINE
  5
172F
330
242
100
AcDbEntity
  8
0
  6
Continuous
 62
     7
100
AcDbLine
 10
63.80163718155319
 20
-209.21487385718
 30
0.0
 11
63.80163718155319
 21
-209.2543954469201
 31
0.0
  0
LINE
  5
1730
330
242
100
AcDbEntity
  8
0
  6
Continuous
 62
     7
100
AcDbLine
 10
64.08903966491499
 20
-209.21487385718
 30
0.0
 11
64.08903966491499
 21
-209.2543954469201
 31
0.0
  0
LINE
  5
1731
330
242
100
AcDbEntity
  8
0
  6
Continuous
 62
     7
100
AcDbLine
 10
64.15199426849387
 20
-209.6243954485998
 30
0.0
 11
64.15199426849387
 21
-209.6043954479596
 31
0.0
  0
LINE
  5
1732
330
242
100
AcDbEntity
  8
0
  6
Continuous
 62
     7
100
AcDbLine
 10
64.55209896231401
 20
-209.7743954483194
 30
0.0
 11
64.55209896231401
 21
-210.2843954468598
 31
0.0
  0
LINE
  5
1733
330
242
100
AcDbEntity
  8
0
  6
Continuous
 62
     7
100
AcDbLine
 10
64.55208151251401
 20
-209.6243954485998
 30
0.0
 11
64.55209896231401
 21
-209.7743954483194
 31
0.0
  0
LINE
  5
1734
330
242
100
AcDbEntity
  8
0
  6
Continuous
 62
     7
100
AcDbLine
 10
63.62837775921372
 20
-212.5148739678597
 30
0.0
 11
63.62835491191464
 21
-212.7148745178196
 31
0.0
  0
LINE
  5
1735
330
242
100
AcDbEntity
  8
0
  6
Continuous
 62
     7
100
AcDbLine
 10
63.70265501985369
 20
-209.3043954485196
 30
0.0
 11
63.7026433866543
 21
-209.6043954479596
 31
0.0
  0
LINE
  5
1736
330
242
100
AcDbEntity
  8
0
  6
Continuous
 62
     7
100
AcDbLine
 10
63.71264338697375
 20
-209.6043954479596
 30
0.0
 11
63.71265502017405
 21
-209.3043954485196
 31
0.0
  0
LINE
  5
1737
330
242
100
AcDbEntity
  8
0
  6
Continuous
 62
     7
100
AcDbLine
 10
64.27752266615363
 20
-210.5743954485201
 30
0.0
 11
64.2775103623938
 21
-210.5343954472395
 31
0.0
  0
LINE
  5
1738
330
242
100
AcDbEntity
  8
0
  6
Continuous
 62
     7
100
AcDbLine
 10
64.55209896231401
 20
-211.4843954471598
 30
0.0
 11
64.55208151251401
 21
-212.14439544796
 31
0.0
  0
LINE
  5
1739
330
242
100
AcDbEntity
  8
0
  6
Continuous
 62
     7
100
AcDbLine
 10
64.6275103608935
 20
-210.5343954472395
 30
0.0
 11
64.62752266465333
 21
-210.5743954485201
 31
0.0
  0
LINE
  5
173A
330
242
100
AcDbEntity
  8
0
  6
Continuous
 62
     7
100
AcDbLine
 10
62.82748703435328
 20
-211.2343954467796
 30
0.0
 11
62.82749953369358
 21
-211.1943954480397
 31
0.0
  0
LINE
  5
173B
330
242
100
AcDbEntity
  8
0
  6
Continuous
 62
     7
100
AcDbLine
 10
63.07749953153353
 20
-211.1943954480397
 30
0.0
 11
63.07748703219323
 21
-211.2343954467796
 31
0.0
  0
LINE
  5
173C
330
242
100
AcDbEntity
  8
0
  6
Continuous
 62
     7
100
AcDbLine
 10
63.32748704273427
 20
-211.2343954467796
 30
0.0
 11
63.32749954207367
 21
-211.1943954480397
 31
0.0
  0
LINE
  5
173D
330
242
100
AcDbEntity
  8
0
  6
Continuous
 62
     7
100
AcDbLine
 10
63.57749953991362
 20
-211.1943954480397
 30
0.0
 11
63.57748704057513
 21
-211.2343954467796
 31
0.0
  0
LINE
  5
173E
330
242
100
AcDbEntity
  8
0
  6
Continuous
 62
     7
100
AcDbLine
 10
63.82748711715368
 20
-211.2343954467796
 30
0.0
 11
63.82749971301319
 21
-211.1943954480397
 31
0.0
  0
LINE
  5
173F
330
242
100
AcDbEntity
  8
0
  6
Continuous
 62
     7
100
AcDbLine
 10
64.07749971085315
 20
-211.1943954480397
 30
0.0
 11
64.07748711499363
 21
-211.2343954467796
 31
0.0
  0
LINE
  5
1740
330
242
100
AcDbEntity
  8
0
  6
Continuous
 62
     7
100
AcDbLine
 10
64.2775103623938
 20
-211.2343954467796
 30
0.0
 11
64.27752266615363
 21
-211.1943954480397
 31
0.0
  0
LINE
  5
1741
330
242
100
AcDbEntity
  8
0
  6
Continuous
 62
     7
100
AcDbLine
 10
64.62752266465333
 20
-211.1943954480397
 30
0.0
 11
64.6275103608935
 21
-211.2343954467796
 31
0.0
  0
LINE
  5
1742
330
242
100
AcDbEntity
  8
0
  6
Continuous
 62
     7
100
AcDbLine
 10
66.20730562649379
 20
-210.6593954487002
 30
0.0
 11
66.24129573885449
 21
-210.5743954485201
 31
0.0
  0
LINE
  5
1743
330
242
100
AcDbEntity
  8
0
  6
Continuous
 62
     7
100
AcDbLine
 10
65.44934294887418
 20
-209.6043954479596
 30
0.0
 11
65.3876224500139
 21
-209.7446693101601
 31
0.0
  0
LINE
  5
1744
330
242
100
AcDbEntity
  8
0
  6
Continuous
 62
     7
100
AcDbLine
 10
64.74198095491312
 20
-211.9033000017793
 30
0.0
 11
64.65337846257381
 21
-212.1046693094799
 31
0.0
  0
LINE
  5
1745
330
242
100
AcDbEntity
  8
0
  6
Continuous
 62
     7
100
AcDbLine
 10
65.66221695797441
 20
-209.8654908922398
 30
0.0
 11
65.75081945285393
 21
-209.6641215870799
 31
0.0
  0
LINE
  5
1746
330
242
100
AcDbEntity
  8
0
  6
Continuous
 62
     7
100
AcDbLine
 10
64.95485496655357
 20
-212.1643954485993
 30
0.0
 11
65.01657546287453
 21
-212.0241215863998
 31
0.0
  0
LINE
  5
174C
330
242
100
AcDbEntity
  8
0
  6
Continuous
 62
     7
100
AcDbLine
 10
59.14781599391364
 20
-209.6475978507601
 30
0.0
 11
59.11181399073422
 21
-209.6043954479596
 31
0.0
  0
LINE
  5
174D
330
242
100
AcDbEntity
  8
0
  6
Continuous
 62
     7
100
AcDbLine
 10
61.38762247695495
 20
-212.0241215863998
 30
0.0
 11
61.44934297581341
 21
-212.1643954485993
 31
0.0
  0
LINE
  5
174E
330
242
100
AcDbEntity
  8
0
  6
Continuous
 62
     7
100
AcDbLine
 10
60.65337848951395
 20
-209.6641215870799
 30
0.0
 11
60.74198098439438
 21
-209.8654908922398
 31
0.0
  0
LINE
  5
174F
330
242
100
AcDbEntity
  8
0
  6
Continuous
 62
     7
100
AcDbLine
 10
61.75081947979316
 20
-212.1046693094799
 30
0.0
 11
61.66221698491455
 21
-211.9033000017793
 31
0.0
  0
LINE
  5
1750
330
242
100
AcDbEntity
  8
0
  6
Continuous
 62
     7
100
AcDbLine
 10
61.01657548981467
 20
-209.7446693101601
 30
0.0
 11
60.95485499349371
 21
-209.6043954479596
 31
0.0
  0
LINE
  5
1751
330
242
100
AcDbEntity
  8
0
  6
Continuous
 62
     7
100
AcDbLine
 10
65.77756355481352
 20
-210.5743954485201
 30
0.0
 11
65.77755105547414
 21
-210.5343954472395
 31
0.0
  0
LINE
  5
1752
330
242
100
AcDbEntity
  8
0
  6
Continuous
 62
     7
100
AcDbLine
 10
66.12755105397383
 20
-210.5343954472395
 30
0.0
 11
66.12756301737346
 21
-210.5690323070998
 31
0.0
  0
LINE
  5
1753
330
242
100
AcDbEntity
  8
0
  6
Continuous
 62
     7
100
AcDbLine
 10
64.85183854317376
 20
-209.2543954469201
 30
0.0
 11
64.85182987923446
 21
-209.21487385718
 31
0.0
  0
LINE
  5
1754
330
242
100
AcDbEntity
  8
0
  6
Continuous
 62
     7
100
AcDbLine
 10
65.05182987801465
 20
-209.21487385718
 30
0.0
 11
65.05183854195394
 21
-209.2543954469201
 31
0.0
  0
LINE
  5
1755
330
242
100
AcDbEntity
  8
0
  6
Continuous
 62
     7
100
AcDbLine
 10
65.35183854139479
 20
-209.2543954469201
 30
0.0
 11
65.35182987491436
 21
-209.21487385718
 31
0.0
  0
LINE
  5
1756
330
242
100
AcDbEntity
  8
0
  6
Continuous
 62
     7
100
AcDbLine
 10
65.59182987243395
 20
-209.21487385718
 30
0.0
 11
65.59183853891346
 21
-209.2543954469201
 31
0.0
  0
LINE
  5
1757
330
242
100
AcDbEntity
  8
0
  6
Continuous
 62
     7
100
AcDbLine
 10
65.61183838461449
 20
-209.2543954469201
 30
0.0
 11
65.61182954287443
 21
-209.21487385718
 31
0.0
  0
LINE
  5
1758
330
242
100
AcDbEntity
  8
0
  6
Continuous
 62
     7
100
AcDbLine
 10
66.39182967451444
 20
-209.21487385718
 30
0.0
 11
66.3918385187938
 21
-209.2543954469201
 31
0.0
  0
LINE
  5
1759
330
242
100
AcDbEntity
  8
0
  6
Continuous
 62
     7
100
AcDbLine
 10
66.41183848895372
 20
-209.2543954469201
 30
0.0
 11
66.41182964467436
 21
-209.21487385718
 31
0.0
  0
LINE
  5
175A
330
242
100
AcDbEntity
  8
0
  6
Continuous
 62
     7
100
AcDbLine
 10
66.65182964473416
 20
-209.21487385718
 30
0.0
 11
66.65183848647422
 21
-209.2543954469201
 31
0.0
  0
LINE
  5
175B
330
242
100
AcDbEntity
  8
0
  6
Continuous
 62
     7
100
AcDbLine
 10
65.17193028043431
 20
-209.2543954469201
 30
0.0
 11
65.17193028043431
 21
-209.3043954485196
 31
0.0
  0
LINE
  5
175C
330
242
100
AcDbEntity
  8
0
  6
Continuous
 62
     7
100
AcDbLine
 10
65.17193028043431
 20
-209.6043954479596
 30
0.0
 11
65.17193028043431
 21
-209.6243954485998
 31
0.0
  0
LINE
  5
175D
330
242
100
AcDbEntity
  8
0
  6
Continuous
 62
     7
100
AcDbLine
 10
65.55197448351492
 20
-209.3043954485196
 30
0.0
 11
65.55197448351492
 21
-209.2543954469201
 31
0.0
  0
LINE
  5
175E
330
242
100
AcDbEntity
  8
0
  6
Continuous
 62
     7
100
AcDbLine
 10
65.84192213323451
 20
-209.2543954469201
 30
0.0
 11
65.84192213323451
 21
-209.21487385718
 31
0.0
  0
LINE
  5
175F
330
242
100
AcDbEntity
  8
0
  6
Continuous
 62
     7
100
AcDbLine
 10
65.85209895311374
 20
-210.2843954468598
 30
0.0
 11
65.85209895311374
 21
-209.7743954483194
 31
0.0
  0
LINE
  5
1760
330
242
100
AcDbEntity
  8
0
  6
Continuous
 62
     7
100
AcDbLine
 10
65.85209895311374
 20
-209.7743954483194
 30
0.0
 11
65.85208150331374
 21
-209.6243954485998
 31
0.0
  0
LINE
  5
1761
330
242
100
AcDbEntity
  8
0
  6
Continuous
 62
     7
100
AcDbLine
 10
66.09762013593382
 20
-210.9593954481397
 30
0.0
 11
66.09762013593382
 21
-210.8093954484197
 31
0.0
  0
LINE
  5
1762
330
242
100
AcDbEntity
  8
0
  6
Continuous
 62
     7
100
AcDbLine
 10
66.09725832309442
 20
-210.2843954468598
 30
0.0
 11
66.09728507691335
 21
-210.5143954465993
 31
0.0
  0
LINE
  5
1763
330
242
100
AcDbEntity
  8
0
  6
Continuous
 62
     7
100
AcDbLine
 10
66.17991683951487
 20
-210.8093954484197
 30
0.0
 11
66.17991683951487
 21
-210.9593954481397
 31
0.0
  0
LINE
  5
1764
330
242
100
AcDbEntity
  8
0
  6
Continuous
 62
     7
100
AcDbLine
 10
66.20730562649379
 20
-210.6593954487002
 30
0.0
 11
66.20730562649379
 21
-210.8093954484197
 31
0.0
  0
LINE
  5
1765
330
242
100
AcDbEntity
  8
0
  6
Continuous
 62
     7
100
AcDbLine
 10
66.20730562649379
 20
-210.9593954481397
 30
0.0
 11
66.20730562649379
 21
-211.1093954478596
 31
0.0
  0
LINE
  5
1766
330
242
100
AcDbEntity
  8
0
  6
Continuous
 62
     7
100
AcDbLine
 10
66.27275719485471
 20
-210.9593954481397
 30
0.0
 11
66.27275719485471
 21
-210.8093954484197
 31
0.0
  0
LINE
  5
1767
330
242
100
AcDbEntity
  8
0
  6
Continuous
 62
     7
100
AcDbLine
 10
66.34192212891441
 20
-209.2543954469201
 30
0.0
 11
66.34192212891441
 21
-209.21487385718
 31
0.0
  0
LINE
  5
1768
330
242
100
AcDbEntity
  8
0
  6
Continuous
 62
     7
100
AcDbLine
 10
66.39192401011434
 20
-208.7626518380798
 30
0.0
 11
66.39192401011434
 21
-209.0548745175392
 31
0.0
  0
LINE
  5
1769
330
242
100
AcDbEntity
  8
0
  6
Continuous
 62
     7
100
AcDbLine
 10
66.39192401011434
 20
-213.0148488149993
 30
0.0
 11
66.39192401011434
 21
-212.7148745178196
 31
0.0
  0
LINE
  5
176A
330
242
100
AcDbEntity
  8
0
  6
Continuous
 62
     7
100
AcDbLine
 10
66.39208150027418
 20
-209.6243954485998
 30
0.0
 11
66.39209895007417
 21
-209.7743954483194
 31
0.0
  0
LINE
  5
176B
330
242
100
AcDbEntity
  8
0
  6
Continuous
 62
     7
100
AcDbLine
 10
66.39265500179345
 20
-212.2643954467198
 30
0.0
 11
66.39264336859406
 21
-212.1643954485993
 31
0.0
  0
LINE
  5
176C
330
242
100
AcDbEntity
  8
0
  6
Continuous
 62
     7
100
AcDbLine
 10
66.40663722173513
 20
-209.21487385718
 30
0.0
 11
66.40663722173513
 21
-209.2248738574999
 31
0.0
  0
LINE
  5
176D
330
242
100
AcDbEntity
  8
0
  6
Continuous
 62
     7
100
AcDbLine
 10
66.49753218345387
 20
-210.9593954481397
 30
0.0
 11
66.49753218345387
 21
-211.1943954480397
 31
0.0
  0
LINE
  5
176E
330
242
100
AcDbEntity
  8
0
  6
Continuous
 62
     7
100
AcDbLine
 10
66.49753218345387
 20
-210.8093954484197
 30
0.0
 11
66.49753218345387
 21
-210.5743954485201
 31
0.0
  0
LINE
  5
176F
330
242
100
AcDbEntity
  8
0
  6
Continuous
 62
     7
100
AcDbLine
 10
66.54038263115428
 20
-210.8093954484197
 30
0.0
 11
66.54038263115428
 21
-210.9593954481397
 31
0.0
  0
LINE
  5
1770
330
242
100
AcDbEntity
  8
0
  6
Continuous
 62
     7
100
AcDbLine
 10
66.54725831971456
 20
-211.0343954479999
 30
0.0
 11
66.54725831971456
 21
-210.9593954481397
 31
0.0
  0
LINE
  5
1771
330
242
100
AcDbEntity
  8
0
  6
Continuous
 62
     7
100
AcDbLine
 10
66.54725831971456
 20
-210.8093954484197
 30
0.0
 11
66.54725831971456
 21
-210.73439544856
 31
0.0
  0
LINE
  5
1772
330
242
100
AcDbEntity
  8
0
  6
Continuous
 62
     7
100
AcDbLine
 10
66.54753064073367
 20
-210.9593954481397
 30
0.0
 11
66.54753064073367
 21
-210.8093954484197
 31
0.0
  0
LINE
  5
1773
330
242
100
AcDbEntity
  8
0
  6
Continuous
 62
     7
100
AcDbLine
 10
65.85208150331374
 20
-212.14439544796
 30
0.0
 11
65.85209895311374
 21
-211.4843954471598
 31
0.0
  0
LINE
  5
1774
330
242
100
AcDbEntity
  8
0
  6
Continuous
 62
     7
100
AcDbLine
 10
66.09728507691335
 20
-211.2543954474199
 30
0.0
 11
66.09725832309442
 21
-211.4843954471598
 31
0.0
  0
LINE
  5
1775
330
242
100
AcDbEntity
  8
0
  6
Continuous
 62
     7
100
AcDbLine
 10
66.39209895007417
 20
-211.9943954482396
 30
0.0
 11
66.39208150027418
 21
-212.14439544796
 31
0.0
  0
LINE
  5
1776
330
242
100
AcDbEntity
  8
0
  6
Continuous
 62
     7
100
AcDbLine
 10
66.39264336859406
 20
-209.6043954479596
 30
0.0
 11
66.39265500179345
 21
-209.5043954472998
 31
0.0
  0
LINE
  5
1777
330
242
100
AcDbEntity
  8
0
  6
Continuous
 62
     7
100
AcDbLine
 10
65.77755105547414
 20
-211.2343954467796
 30
0.0
 11
65.77756355481352
 21
-211.1943954480397
 31
0.0
  0
LINE
  5
1778
330
242
100
AcDbEntity
  8
0
  6
Continuous
 62
     7
100
AcDbLine
 10
66.12756301737346
 20
-211.19975858946
 30
0.0
 11
66.12755105397383
 21
-211.2343954467796
 31
0.0
  0
LINE
  5
1779
330
242
100
AcDbEntity
  8
0
  6
Continuous
 62
     7
100
AcDbLine
 10
66.39192401011434
 20
-213.0148488149993
 30
0.0
 11
60.01192400915289
 21
-213.0148488149993
 31
0.0
  0
LINE
  5
177A
330
242
100
AcDbEntity
  8
0
  6
Continuous
 62
     7
100
AcDbLine
 10
66.39192401011434
 20
-212.7148745178196
 30
0.0
 11
60.01192400915289
 21
-212.7148745178196
 31
0.0
  0
LINE
  5
177B
330
242
100
AcDbEntity
  8
0
  6
Continuous
 62
     7
100
AcDbLine
 10
65.27684463245378
 20
-212.5148739678597
 30
0.0
 11
61.12684463173383
 21
-212.5148739678597
 31
0.0
  0
LINE
  5
177C
330
242
100
AcDbEntity
  8
0
  6
Continuous
 62
     7
100
AcDbLine
 10
60.01265504655413
 20
-212.4643954480397
 30
0.0
 11
66.39265500179345
 21
-212.4643954480397
 31
0.0
  0
LINE
  5
177D
330
242
100
AcDbEntity
  8
0
  6
Continuous
 62
     7
100
AcDbLine
 10
60.01265504655413
 20
-212.2643954467198
 30
0.0
 11
66.39265500179345
 21
-212.2643954467198
 31
0.0
  0
LINE
  5
177E
330
242
100
AcDbEntity
  8
0
  6
Continuous
 62
     7
100
AcDbLine
 10
60.01264341335474
 20
-212.1643954485993
 30
0.0
 11
66.39264336859406
 21
-212.1643954485993
 31
0.0
  0
LINE
  5
177F
330
242
100
AcDbEntity
  8
0
  6
Continuous
 62
     7
100
AcDbLine
 10
65.44054294869358
 20
-212.14439544796
 30
0.0
 11
64.96365496419485
 21
-212.14439544796
 31
0.0
  0
LINE
  5
1780
330
242
100
AcDbEntity
  8
0
  6
Continuous
 62
     7
100
AcDbLine
 10
64.620748791994
 20
-212.14439544796
 30
0.0
 11
61.78344914783366
 21
-212.14439544796
 31
0.0
  0
LINE
  5
1781
330
242
100
AcDbEntity
  8
0
  6
Continuous
 62
     7
100
AcDbLine
 10
61.44054297563463
 20
-212.14439544796
 30
0.0
 11
60.96365499113409
 21
-212.14439544796
 31
0.0
  0
LINE
  5
1782
330
242
100
AcDbEntity
  8
0
  6
Continuous
 62
     7
100
AcDbLine
 10
60.00708154233445
 20
-212.14439544796
 30
0.0
 11
60.62074881893415
 21
-212.14439544796
 31
0.0
  0
LINE
  5
1783
330
242
100
AcDbEntity
  8
0
  6
Continuous
 62
     7
100
AcDbLine
 10
65.78344912089352
 20
-212.14439544796
 30
0.0
 11
66.39708150043436
 21
-212.14439544796
 31
0.0
  0
LINE
  5
1784
330
242
100
AcDbEntity
  8
0
  6
Continuous
 62
     7
100
AcDbLine
 10
66.39209895007417
 20
-211.9943954482396
 30
0.0
 11
65.85209895311374
 21
-211.9943954482396
 31
0.0
  0
LINE
  5
1785
330
242
100
AcDbEntity
  8
0
  6
Continuous
 62
     7
100
AcDbLine
 10
64.55209896231401
 20
-211.9943954482396
 30
0.0
 11
61.85209898005388
 21
-211.9943954482396
 31
0.0
  0
LINE
  5
1786
330
242
100
AcDbEntity
  8
0
  6
Continuous
 62
     7
100
AcDbLine
 10
60.55209898925415
 20
-211.9943954482396
 30
0.0
 11
60.01209899229372
 21
-211.9943954482396
 31
0.0
  0
LINE
  5
1787
330
242
100
AcDbEntity
  8
0
  6
Continuous
 62
     7
100
AcDbLine
 10
65.29609094651397
 20
-211.9643954472798
 30
0.0
 11
65.10810696637446
 21
-211.9643954472798
 31
0.0
  0
LINE
  5
1788
330
242
100
AcDbEntity
  8
0
  6
Continuous
 62
     7
100
AcDbLine
 10
61.2960909734532
 20
-211.9643954472798
 30
0.0
 11
61.10810699331461
 21
-211.9643954472798
 31
0.0
  0
LINE
  5
1789
330
242
100
AcDbEntity
  8
0
  6
Continuous
 62
     7
100
AcDbLine
 10
67.10723168795476
 20
-211.8543954462997
 30
0.0
 11
67.07957038945398
 21
-211.8543954462997
 31
0.0
  0
LINE
  5
178A
330
242
100
AcDbEntity
  8
0
  6
Continuous
 62
     7
100
AcDbLine
 10
59.29684717667379
 20
-211.8543954462997
 30
0.0
 11
59.32450764967445
 21
-211.8543954462997
 31
0.0
  0
LINE
  5
178B
330
242
100
AcDbEntity
  8
0
  6
Continuous
 62
     7
100
AcDbLine
 10
61.10810699331461
 20
-211.6643954478395
 30
0.0
 11
61.2960909734532
 21
-211.6643954478395
 31
0.0
  0
LINE
  5
178C
330
242
100
AcDbEntity
  8
0
  6
Continuous
 62
     7
100
AcDbLine
 10
65.10810696637446
 20
-211.6643954478395
 30
0.0
 11
65.29609094651397
 21
-211.6643954478395
 31
0.0
  0
LINE
  5
178D
330
242
100
AcDbEntity
  8
0
  6
Continuous
 62
     7
100
AcDbLine
 10
60.30725836133417
 20
-211.4843954471598
 30
0.0
 11
66.09725832309442
 21
-211.4843954471598
 31
0.0
  0
LINE
  5
178E
330
242
100
AcDbEntity
  8
0
  6
Continuous
 62
     7
100
AcDbLine
 10
60.30728511769422
 20
-211.2543954474199
 30
0.0
 11
66.09728507691335
 21
-211.2543954474199
 31
0.0
  0
LINE
  5
1791
330
242
100
AcDbEntity
  8
0
  6
Continuous
 62
     7
100
AcDbLine
 10
65.3876224500139
 20
-212.0241215863998
 30
0.0
 11
65.44934294887418
 21
-212.1643954485993
 31
0.0
  0
LINE
  5
1792
330
242
100
AcDbEntity
  8
0
  6
Continuous
 62
     7
100
AcDbLine
 10
66.80163718103478
 20
-209.2248738574999
 30
0.0
 11
66.80163718103478
 21
-209.2543954469201
 31
0.0
  0
LINE
  5
1793
330
242
100
AcDbEntity
  8
0
  6
Continuous
 62
     7
100
AcDbLine
 10
66.80197447271467
 20
-209.3739937446798
 30
0.0
 11
66.80197447271467
 21
-209.2543954469201
 31
0.0
  0
LINE
  5
1794
330
242
100
AcDbEntity
  8
0
  6
Continuous
 62
     7
100
AcDbLine
 10
66.80663721675347
 20
-209.21487385718
 30
0.0
 11
66.80663721675347
 21
-209.3752447480196
 31
0.0
  0
LINE
  5
1795
330
242
100
AcDbEntity
  8
0
  6
Continuous
 62
     7
100
AcDbLine
 10
67.00440090809326
 20
-209.2453538648001
 30
0.0
 11
67.00440091571391
 21
-209.4627327645598
 31
0.0
  0
LINE
  5
1796
330
242
100
AcDbEntity
  8
0
  6
Continuous
 62
     7
100
AcDbLine
 10
67.03488091571336
 20
-209.4774048891395
 30
0.0
 11
67.03488090555339
 21
-209.2165630968797
 31
0.0
  0
LINE
  5
1797
330
242
100
AcDbEntity
  8
0
  6
Continuous
 62
     7
100
AcDbLine
 10
67.18826414717324
 20
-209.5196738571798
 30
0.0
 11
67.18826414717324
 21
-209.5222138571798
 31
0.0
  0
LINE
  5
1798
330
242
100
AcDbEntity
  8
0
  6
Continuous
 62
     7
100
AcDbLine
 10
67.19691653271485
 20
-209.5222138546396
 30
0.0
 11
67.19691653271485
 21
-209.5196738546392
 31
0.0
  0
LINE
  5
1799
330
242
100
AcDbEntity
  8
0
  6
Continuous
 62
     7
100
AcDbLine
 10
67.20203941553364
 20
-211.7360293685796
 30
0.0
 11
67.20203941553364
 21
-211.6996622810397
 31
0.0
  0
LINE
  5
179A
330
242
100
AcDbEntity
  8
0
  6
Continuous
 62
     7
100
AcDbLine
 10
67.20209894297323
 20
-210.5843954462998
 30
0.0
 11
67.20209894297323
 21
-211.1843954477194
 31
0.0
  0
LINE
  5
179B
330
242
100
AcDbEntity
  8
0
  6
Continuous
 62
     7
100
AcDbLine
 10
67.20556892079395
 20
-209.5222138546396
 30
0.0
 11
67.20556892079395
 21
-209.5196738546392
 31
0.0
  0
LINE
  5
179C
330
242
100
AcDbEntity
  8
0
  6
Continuous
 62
     7
100
AcDbLine
 10
67.20714208249439
 20
-209.5222138546396
 30
0.0
 11
67.20714208249439
 21
-209.5196738546392
 31
0.0
  0
LINE
  5
179D
330
242
100
AcDbEntity
  8
0
  6
Continuous
 62
     7
100
AcDbLine
 10
67.21191523525368
 20
-209.6014176992798
 30
0.0
 11
67.21191523525368
 21
-209.30719821406
 31
0.0
  0
LINE
  5
179E
330
242
100
AcDbEntity
  8
0
  6
Continuous
 62
     7
100
AcDbLine
 10
67.3519744776134
 20
-209.6943954482999
 30
0.0
 11
67.3519744776134
 21
-209.7403962452994
 31
0.0
  0
LINE
  5
179F
330
242
100
AcDbEntity
  8
0
  6
Continuous
 62
     7
100
AcDbLine
 10
67.3519744776134
 20
-210.3912232875595
 30
0.0
 11
67.3519744776134
 21
-210.5843954462998
 31
0.0
  0
LINE
  5
17A0
330
242
100
AcDbEntity
  8
0
  6
Continuous
 62
     7
100
AcDbLine
 10
67.35208150559476
 20
-210.5843954462998
 30
0.0
 11
67.35208150559476
 21
-211.1843954477194
 31
0.0
  0
LINE
  5
17A1
330
242
100
AcDbEntity
  8
0
  6
Continuous
 62
     7
100
AcDbLine
 10
67.35757875393421
 20
-210.8093954484197
 30
0.0
 11
67.35757875393421
 21
-210.9593954481397
 31
0.0
  0
LINE
  5
17A2
330
242
100
AcDbEntity
  8
0
  6
Continuous
 62
     7
100
AcDbLine
 10
67.37239907227404
 20
-209.7608210685593
 30
0.0
 11
67.37239907227404
 21
-209.4279623819797
 31
0.0
  0
LINE
  5
17A3
330
242
100
AcDbEntity
  8
0
  6
Continuous
 62
     7
100
AcDbLine
 10
67.37264336185427
 20
-211.1843954477194
 30
0.0
 11
67.37264336185427
 21
-210.5843954462998
 31
0.0
  0
LINE
  5
17A4
330
242
100
AcDbEntity
  8
0
  6
Continuous
 62
     7
100
AcDbLine
 10
67.47265499571432
 20
-211.1843954477194
 30
0.0
 11
67.47265499571432
 21
-210.5843954488395
 31
0.0
  0
LINE
  5
17A5
330
242
100
AcDbEntity
  8
0
  6
Continuous
 62
     7
100
AcDbLine
 10
67.67239906917467
 20
-210.5814749923997
 30
0.0
 11
67.67239906917467
 21
-209.7677818572797
 31
0.0
  0
LINE
  5
17A6
330
242
100
AcDbEntity
  8
0
  6
Continuous
 62
     7
100
AcDbLine
 10
67.6726549944945
 20
-211.1843954477194
 30
0.0
 11
67.6726549944945
 21
-210.5843954462998
 31
0.0
  0
LINE
  5
17A7
330
242
100
AcDbEntity
  8
0
  6
Continuous
 62
     7
100
AcDbLine
 10
67.69195352841354
 20
-209.8068034988195
 30
0.0
 11
67.69195352841354
 21
-210.9043954463795
 31
0.0
  0
LINE
  5
17A8
330
242
100
AcDbEntity
  8
0
  6
Continuous
 62
     7
100
AcDbLine
 10
67.84198842519464
 20
-210.7043954475998
 30
0.0
 11
67.84198842519464
 21
-210.1062036493199
 31
0.0
  0
LINE
  5
17A9
330
242
100
AcDbEntity
  8
0
  6
Continuous
 62
     7
100
AcDbLine
 10
67.92192401081348
 20
-210.5848745182393
 30
0.0
 11
67.92192401081348
 21
-211.1848745171196
 31
0.0
  0
LINE
  5
17AA
330
242
100
AcDbEntity
  8
0
  6
Continuous
 62
     7
100
AcDbLine
 10
68.21802249913372
 20
-210.5887503270996
 30
0.0
 11
68.21802249913372
 21
-211.1887503259795
 31
0.0
  0
LINE
  5
17AC
330
242
100
AcDbEntity
  8
0
  6
Continuous
 62
     7
100
AcDbLine
 10
58.1858255201335
 20
-211.1887503259795
 30
0.0
 11
58.48192400845374
 21
-211.1848745171196
 31
0.0
  0
LINE
  5
17AD
330
242
100
AcDbEntity
  8
0
  6
Continuous
 62
     7
100
AcDbLine
 10
58.1858255201335
 20
-210.5887503270996
 30
0.0
 11
58.48192400845374
 21
-210.5848745182393
 31
0.0
  0
LINE
  5
17AE
330
242
100
AcDbEntity
  8
0
  6
Continuous
 62
     7
100
AcDbLine
 10
60.27755109283436
 20
-211.2343954467796
 30
0.0
 11
60.62755109133405
 21
-211.2343954467796
 31
0.0
  0
LINE
  5
17AF
330
242
100
AcDbEntity
  8
0
  6
Continuous
 62
     7
100
AcDbLine
 10
61.77751034589374
 20
-211.2343954467796
 30
0.0
 11
62.12751034185413
 21
-211.2343954467796
 31
0.0
  0
LINE
  5
17B0
330
242
100
AcDbEntity
  8
0
  6
Continuous
 62
     7
100
AcDbLine
 10
62.32748703867338
 20
-211.2343954467796
 30
0.0
 11
62.57748703651333
 21
-211.2343954467796
 31
0.0
  0
LINE
  5
17B1
330
242
100
AcDbEntity
  8
0
  6
Continuous
 62
     7
100
AcDbLine
 10
62.82748703435328
 20
-211.2343954467796
 30
0.0
 11
63.07748703219323
 21
-211.2343954467796
 31
0.0
  0
LINE
  5
17B2
330
242
100
AcDbEntity
  8
0
  6
Continuous
 62
     7
100
AcDbLine
 10
63.32748704273427
 20
-211.2343954467796
 30
0.0
 11
63.57748704057513
 21
-211.2343954467796
 31
0.0
  0
LINE
  5
17B3
330
242
100
AcDbEntity
  8
0
  6
Continuous
 62
     7
100
AcDbLine
 10
63.82748702571308
 20
-211.2343954467796
 30
0.0
 11
64.07748702355303
 21
-211.2343954467796
 31
0.0
  0
LINE
  5
17B4
330
242
100
AcDbEntity
  8
0
  6
Continuous
 62
     7
100
AcDbLine
 10
64.27751033191481
 20
-211.2343954467796
 30
0.0
 11
64.62751033041451
 21
-211.2343954467796
 31
0.0
  0
LINE
  5
17B5
330
242
100
AcDbEntity
  8
0
  6
Continuous
 62
     7
100
AcDbLine
 10
65.77755105547414
 20
-211.2343954467796
 30
0.0
 11
66.12755105397383
 21
-211.2343954467796
 31
0.0
  0
LINE
  5
17B6
330
242
100
AcDbEntity
  8
0
  6
Continuous
 62
     7
100
AcDbLine
 10
59.907532229114
 20
-211.1943954480397
 30
0.0
 11
66.49753218345387
 21
-211.1943954480397
 31
0.0
  0
LINE
  5
17B7
330
242
100
AcDbEntity
  8
0
  6
Continuous
 62
     7
100
AcDbLine
 10
67.35208149543388
 20
-211.1843954477194
 30
0.0
 11
67.20209894297323
 21
-211.1843954477194
 31
0.0
  0
LINE
  5
17B8
330
242
100
AcDbEntity
  8
0
  6
Continuous
 62
     7
100
AcDbLine
 10
59.20209899685443
 20
-211.1843954477194
 30
0.0
 11
59.05208154987423
 21
-211.1843954477194
 31
0.0
  0
LINE
  5
17B9
330
242
100
AcDbEntity
  8
0
  6
Continuous
 62
     7
100
AcDbLine
 10
58.93265505263508
 20
-211.1843954477194
 30
0.0
 11
59.03264342009362
 21
-211.1843954477194
 31
0.0
  0
LINE
  5
17BA
330
242
100
AcDbEntity
  8
0
  6
Continuous
 62
     7
100
AcDbLine
 10
67.37264336185427
 20
-211.1843954477194
 30
0.0
 11
67.47265499571432
 21
-211.1843954477194
 31
0.0
  0
LINE
  5
17BB
330
242
100
AcDbEntity
  8
0
  6
Continuous
 62
     7
100
AcDbLine
 10
60.1979276452733
 20
-211.1093954478596
 30
0.0
 11
66.20730562649379
 21
-211.1093954478596
 31
0.0
  0
LINE
  5
17BC
330
242
100
AcDbEntity
  8
0
  6
Continuous
 62
     7
100
AcDbLine
 10
66.54725831971456
 20
-211.0343954479999
 30
0.0
 11
66.49753218345387
 21
-211.0343954479999
 31
0.0
  0
LINE
  5
17BD
330
242
100
AcDbEntity
  8
0
  6
Continuous
 62
     7
100
AcDbLine
 10
59.9075004232348
 20
-211.0343954479999
 30
0.0
 11
59.85725836471402
 21
-211.0343954479999
 31
0.0
  0
LINE
  5
17BE
330
242
100
AcDbEntity
  8
0
  6
Continuous
 62
     7
100
AcDbLine
 10
67.37201734329329
 20
-210.9593954481397
 30
0.0
 11
67.35208150559476
 21
-210.9593954481397
 31
0.0
  0
LINE
  5
17BF
330
242
100
AcDbEntity
  8
0
  6
Continuous
 62
     7
100
AcDbLine
 10
66.54753064073367
 20
-210.9593954481397
 30
0.0
 11
66.09762012577386
 21
-210.9593954481397
 31
0.0
  0
LINE
  5
17C0
330
242
100
AcDbEntity
  8
0
  6
Continuous
 62
     7
100
AcDbLine
 10
60.30762017417356
 20
-210.9593954481397
 30
0.0
 11
59.85753068827335
 21
-210.9593954481397
 31
0.0
  0
LINE
  5
17C1
330
242
100
AcDbEntity
  8
0
  6
Continuous
 62
     7
100
AcDbLine
 10
59.05202811335431
 20
-210.9593954481397
 30
0.0
 11
59.03264342009362
 21
-210.9593954481397
 31
0.0
  0
LINE
  5
17C2
330
242
100
AcDbEntity
  8
0
  6
Continuous
 62
     7
100
AcDbLine
 10
67.69183138235468
 20
-210.9043954463795
 30
0.0
 11
67.6726549944945
 21
-210.9043954463795
 31
0.0
  0
LINE
  5
17C3
330
242
100
AcDbEntity
  8
0
  6
Continuous
 62
     7
100
AcDbLine
 10
58.48192400845374
 20
-210.9043954463795
 30
0.0
 11
58.73182273903359
 21
-210.9043954463795
 31
0.0
  0
LINE
  5
17C4
330
242
100
AcDbEntity
  8
0
  6
Continuous
 62
     7
100
AcDbLine
 10
67.69195352841354
 20
-210.9043954463795
 30
0.0
 11
67.92192401081348
 21
-210.9043954463795
 31
0.0
  0
LINE
  5
17C5
330
242
100
AcDbEntity
  8
0
  6
Continuous
 62
     7
100
AcDbLine
 10
59.03264342009362
 20
-210.8093954484197
 30
0.0
 11
59.05202811335431
 21
-210.8093954484197
 31
0.0
  0
LINE
  5
17C6
330
242
100
AcDbEntity
  8
0
  6
Continuous
 62
     7
100
AcDbLine
 10
59.85753068827335
 20
-210.8093954484197
 30
0.0
 11
60.30762017417356
 21
-210.8093954484197
 31
0.0
  0
LINE
  5
17C7
330
242
100
AcDbEntity
  8
0
  6
Continuous
 62
     7
100
AcDbLine
 10
66.09762013593382
 20
-210.8093954484197
 30
0.0
 11
66.54753064073367
 21
-210.8093954484197
 31
0.0
  0
LINE
  5
17C8
330
242
100
AcDbEntity
  8
0
  6
Continuous
 62
     7
100
AcDbLine
 10
67.35208150559476
 20
-210.8093954484197
 30
0.0
 11
67.37201734329329
 21
-210.8093954484197
 31
0.0
  0
LINE
  5
17C9
330
242
100
AcDbEntity
  8
0
  6
Continuous
 62
     7
100
AcDbLine
 10
59.85725836471402
 20
-210.73439544856
 30
0.0
 11
59.9075004232348
 21
-210.73439544856
 31
0.0
  0
LINE
  5
17CA
330
242
100
AcDbEntity
  8
0
  6
Continuous
 62
     7
100
AcDbLine
 10
66.49750037757377
 20
-210.73439544856
 30
0.0
 11
66.54725831971456
 21
-210.73439544856
 31
0.0
  0
LINE
  5
17CB
330
242
100
AcDbEntity
  8
0
  6
Continuous
 62
     7
100
AcDbLine
 10
67.92192401081348
 20
-210.7043954475998
 30
0.0
 11
67.84198842519464
 21
-210.7043954475998
 31
0.0
  0
LINE
  5
17CC
330
242
100
AcDbEntity
  8
0
  6
Continuous
 62
     7
100
AcDbLine
 10
58.56198848891409
 20
-210.7043954475998
 30
0.0
 11
58.48192400845374
 21
-210.7043954475998
 31
0.0
  0
LINE
  5
17CD
330
242
100
AcDbEntity
  8
0
  6
Continuous
 62
     7
100
AcDbLine
 10
60.1979276452733
 20
-210.6593954487002
 30
0.0
 11
66.20730562649379
 21
-210.6593954487002
 31
0.0
  0
LINE
  5
17CF
330
242
100
AcDbEntity
  8
0
  6
Continuous
 62
     7
100
AcDbLine
 10
67.47265499571432
 20
-210.5843954488395
 30
0.0
 11
67.37264336185427
 21
-210.5843954488395
 31
0.0
  0
LINE
  5
17D0
330
242
100
AcDbEntity
  8
0
  6
Continuous
 62
     7
100
AcDbLine
 10
59.03264342009362
 20
-210.5843954462998
 30
0.0
 11
58.93265505263508
 21
-210.5843954462998
 31
0.0
  0
LINE
  5
17D1
330
242
100
AcDbEntity
  8
0
  6
Continuous
 62
     7
100
AcDbLine
 10
59.05208154987423
 20
-210.5843954488395
 30
0.0
 11
59.20209899685443
 21
-210.5843954488395
 31
0.0
  0
LINE
  5
17D2
330
242
100
AcDbEntity
  8
0
  6
Continuous
 62
     7
100
AcDbLine
 10
67.20209894297323
 20
-210.5843954462998
 30
0.0
 11
67.35208149543388
 21
-210.5843954462998
 31
0.0
  0
LINE
  5
17D3
330
242
100
AcDbEntity
  8
0
  6
Continuous
 62
     7
100
AcDbLine
 10
66.49753218345387
 20
-210.5743954485201
 30
0.0
 11
59.907532229114
 21
-210.5743954485201
 31
0.0
  0
LINE
  5
17D4
330
242
100
AcDbEntity
  8
0
  6
Continuous
 62
     7
100
AcDbLine
 10
62.12728508195443
 20
-210.5693954483594
 30
0.0
 11
62.32728504517428
 21
-210.5693954483594
 31
0.0
  0
LINE
  5
17D5
330
242
100
AcDbEntity
  8
0
  6
Continuous
 62
     7
100
AcDbLine
 10
62.57728504301423
 20
-210.5693954483594
 30
0.0
 11
62.82728503831487
 21
-210.5693954483594
 31
0.0
  0
LINE
  5
17D6
330
242
100
AcDbEntity
  8
0
  6
Continuous
 62
     7
100
AcDbLine
 10
63.07728503869412
 20
-210.5693954483594
 30
0.0
 11
63.32728504669404
 21
-210.5693954483594
 31
0.0
  0
LINE
  5
17D7
330
242
100
AcDbEntity
  8
0
  6
Continuous
 62
     7
100
AcDbLine
 10
63.57728504453399
 20
-210.5693954483594
 30
0.0
 11
63.82728503221398
 21
-210.5693954483594
 31
0.0
  0
LINE
  5
17D8
330
242
100
AcDbEntity
  8
0
  6
Continuous
 62
     7
100
AcDbLine
 10
64.07728503005393
 20
-210.5693954483594
 30
0.0
 11
64.27728507201419
 21
-210.5693954483594
 31
0.0
  0
LINE
  5
17D9
330
242
100
AcDbEntity
  8
0
  6
Continuous
 62
     7
100
AcDbLine
 10
66.12755105397383
 20
-210.5343954472395
 30
0.0
 11
65.77755105547414
 21
-210.5343954472395
 31
0.0
  0
LINE
  5
17DA
330
242
100
AcDbEntity
  8
0
  6
Continuous
 62
     7
100
AcDbLine
 10
65.77728562801468
 20
-210.5343954472395
 30
0.0
 11
64.2775103623938
 21
-210.5343954472395
 31
0.0
  0
LINE
  5
17DB
330
242
100
AcDbEntity
  8
0
  6
Continuous
 62
     7
100
AcDbLine
 10
64.07748705403384
 20
-210.5343954472395
 30
0.0
 11
63.82748705619389
 21
-210.5343954472395
 31
0.0
  0
LINE
  5
17DC
330
242
100
AcDbEntity
  8
0
  6
Continuous
 62
     7
100
AcDbLine
 10
63.57748707105412
 20
-210.5343954472395
 30
0.0
 11
63.32748707321417
 21
-210.5343954472395
 31
0.0
  0
LINE
  5
17DD
330
242
100
AcDbEntity
  8
0
  6
Continuous
 62
     7
100
AcDbLine
 10
63.07748706267403
 20
-210.5343954472395
 30
0.0
 11
62.82748706483409
 21
-210.5343954472395
 31
0.0
  0
LINE
  5
17DE
330
242
100
AcDbEntity
  8
0
  6
Continuous
 62
     7
100
AcDbLine
 10
62.57748706699413
 20
-210.5343954472395
 30
0.0
 11
62.32748706915419
 21
-210.5343954472395
 31
0.0
  0
LINE
  5
17DF
330
242
100
AcDbEntity
  8
0
  6
Continuous
 62
     7
100
AcDbLine
 10
62.12751037233312
 20
-210.5343954472395
 30
0.0
 11
61.77751037383342
 21
-210.5343954472395
 31
0.0
  0
LINE
  5
17E0
330
242
100
AcDbEntity
  8
0
  6
Continuous
 62
     7
100
AcDbLine
 10
61.77728566257457
 20
-210.5343954472395
 30
0.0
 11
60.27755109283436
 21
-210.5343954472395
 31
0.0
  0
LINE
  5
17E1
330
242
100
AcDbEntity
  8
0
  6
Continuous
 62
     7
100
AcDbLine
 10
60.30728511769422
 20
-210.5143954465993
 30
0.0
 11
66.09728507691335
 21
-210.5143954465993
 31
0.0
  0
LINE
  5
17E2
330
242
100
AcDbEntity
  8
0
  6
Continuous
 62
     7
100
AcDbLine
 10
58.71195358903361
 20
-210.5043954462794
 30
0.0
 11
58.73192101671458
 21
-210.5043954462794
 31
0.0
  0
LINE
  5
17E3
330
242
100
AcDbEntity
  8
0
  6
Continuous
 62
     7
100
AcDbLine
 10
67.67192095735328
 20
-210.5043954462794
 30
0.0
 11
67.69195352841354
 21
-210.5043954462794
 31
0.0
  0
LINE
  5
17E5
330
242
100
AcDbEntity
  8
0
  6
Continuous
 62
     7
100
AcDbLine
 10
67.69195352841354
 20
-210.3543954465594
 30
0.0
 11
67.67193840461397
 21
-210.3543954465594
 31
0.0
  0
LINE
  5
17E6
330
242
100
AcDbEntity
  8
0
  6
Continuous
 62
     7
100
AcDbLine
 10
58.73193846651457
 20
-210.3543954465594
 30
0.0
 11
58.71195358903361
 21
-210.3543954465594
 31
0.0
  0
LINE
  5
17E9
330
242
100
AcDbEntity
  8
0
  6
Continuous
 62
     7
100
AcDbLine
 10
60.30725836133417
 20
-210.2843954468598
 30
0.0
 11
66.09725832309442
 21
-210.2843954468598
 31
0.0
  0
LINE
  5
17EA
330
242
100
AcDbEntity
  8
0
  6
Continuous
 62
     7
100
AcDbLine
 10
58.71195358903361
 20
-210.1543954477797
 30
0.0
 11
58.73193846651457
 21
-210.1543954477797
 31
0.0
  0
LINE
  5
17EB
330
242
100
AcDbEntity
  8
0
  6
Continuous
 62
     7
100
AcDbLine
 10
67.67193840461397
 20
-210.1543954477797
 30
0.0
 11
67.69195352841354
 21
-210.1543954477797
 31
0.0
  0
LINE
  5
17EE
330
242
100
AcDbEntity
  8
0
  6
Continuous
 62
     7
100
AcDbLine
 10
65.29609094651397
 20
-210.1043954487195
 30
0.0
 11
65.10810696637446
 21
-210.1043954487195
 31
0.0
  0
LINE
  5
17EF
330
242
100
AcDbEntity
  8
0
  6
Continuous
 62
     7
100
AcDbLine
 10
61.2960909734532
 20
-210.1043954487195
 30
0.0
 11
61.10810699331461
 21
-210.1043954487195
 31
0.0
  0
LINE
  5
17F1
330
242
100
AcDbEntity
  8
0
  6
Continuous
 62
     7
100
AcDbLine
 10
67.69195352841354
 20
-210.0043954480597
 30
0.0
 11
67.67192095735328
 21
-210.0043954480597
 31
0.0
  0
LINE
  5
17F2
330
242
100
AcDbEntity
  8
0
  6
Continuous
 62
     7
100
AcDbLine
 10
58.73192101671458
 20
-210.0043954480597
 30
0.0
 11
58.71195358903361
 21
-210.0043954480597
 31
0.0
  0
LINE
  5
17F6
330
242
100
AcDbEntity
  8
0
  6
Continuous
 62
     7
100
AcDbLine
 10
61.10810699331461
 20
-209.8043954467393
 30
0.0
 11
61.2960909734532
 21
-209.8043954467393
 31
0.0
  0
LINE
  5
17F7
330
242
100
AcDbEntity
  8
0
  6
Continuous
 62
     7
100
AcDbLine
 10
65.10810696637446
 20
-209.8043954467393
 30
0.0
 11
65.29609094651397
 21
-209.8043954467393
 31
0.0
  0
LINE
  5
17F8
330
242
100
AcDbEntity
  8
0
  6
Continuous
 62
     7
100
AcDbLine
 10
64.55209896231401
 20
-209.7743954483194
 30
0.0
 11
61.85209898005388
 21
-209.7743954483194
 31
0.0
  0
LINE
  5
17F9
330
242
100
AcDbEntity
  8
0
  6
Continuous
 62
     7
100
AcDbLine
 10
60.01209899229372
 20
-209.7743954483194
 30
0.0
 11
60.55209898925415
 21
-209.7743954483194
 31
0.0
  0
LINE
  5
17FA
330
242
100
AcDbEntity
  8
0
  6
Continuous
 62
     7
100
AcDbLine
 10
65.85209895311374
 20
-209.7743954483194
 30
0.0
 11
66.39209895007417
 21
-209.7743954483194
 31
0.0
  0
LINE
  5
17FC
330
242
100
AcDbEntity
  8
0
  6
Continuous
 62
     7
100
AcDbLine
 10
67.3519744776134
 20
-209.6943954482999
 30
0.0
 11
67.30967450379404
 21
-209.6943954482999
 31
0.0
  0
LINE
  5
17FD
330
242
100
AcDbEntity
  8
0
  6
Continuous
 62
     7
100
AcDbLine
 10
59.09473036729315
 20
-209.6943954482999
 30
0.0
 11
59.05197452951353
 21
-209.6943954482999
 31
0.0
  0
LINE
  5
17FF
330
242
100
AcDbEntity
  8
0
  6
Continuous
 62
     7
100
AcDbLine
 10
60.00708154233445
 20
-209.6243954485998
 30
0.0
 11
60.62074881893415
 21
-209.6243954485998
 31
0.0
  0
LINE
  5
1800
330
242
100
AcDbEntity
  8
0
  6
Continuous
 62
     7
100
AcDbLine
 10
60.96365499113409
 20
-209.6243954485998
 30
0.0
 11
61.44054297563463
 21
-209.6243954485998
 31
0.0
  0
LINE
  5
1801
330
242
100
AcDbEntity
  8
0
  6
Continuous
 62
     7
100
AcDbLine
 10
61.78344914783366
 20
-209.6243954485998
 30
0.0
 11
64.620748791994
 21
-209.6243954485998
 31
0.0
  0
LINE
  5
1802
330
242
100
AcDbEntity
  8
0
  6
Continuous
 62
     7
100
AcDbLine
 10
64.96365496419485
 20
-209.6243954485998
 30
0.0
 11
65.44054294869358
 21
-209.6243954485998
 31
0.0
  0
LINE
  5
1803
330
242
100
AcDbEntity
  8
0
  6
Continuous
 62
     7
100
AcDbLine
 10
65.78344912089352
 20
-209.6243954485998
 30
0.0
 11
66.39708150043436
 21
-209.6243954485998
 31
0.0
  0
LINE
  5
1805
330
242
100
AcDbEntity
  8
0
  6
Continuous
 62
     7
100
AcDbLine
 10
66.39264336859406
 20
-209.6043954479596
 30
0.0
 11
63.71264338697375
 21
-209.6043954479596
 31
0.0
  0
LINE
  5
1806
330
242
100
AcDbEntity
  8
0
  6
Continuous
 62
     7
100
AcDbLine
 10
63.71252813701477
 20
-209.6043954479596
 30
0.0
 11
60.01264341335474
 21
-209.6043954479596
 31
0.0
  0
LINE
  5
1807
330
242
100
AcDbEntity
  8
0
  6
Continuous
 62
     7
100
AcDbLine
 10
59.03195940317465
 20
-209.6043954479596
 30
0.0
 11
59.11181399073422
 21
-209.6043954479596
 31
0.0
  0
LINE
  5
1808
330
242
100
AcDbEntity
  8
0
  6
Continuous
 62
     7
100
AcDbLine
 10
67.2918139349943
 20
-209.6043954479596
 30
0.0
 11
67.3719593474737
 21
-209.6043954479596
 31
0.0
  0
LINE
  5
1809
330
242
100
AcDbEntity
  8
0
  6
Continuous
 62
     7
100
AcDbLine
 10
59.25867081919415
 20
-209.54987386028
 30
0.0
 11
59.24839931573416
 21
-209.5498738552
 31
0.0
  0
LINE
  5
180A
330
242
100
AcDbEntity
  8
0
  6
Continuous
 62
     7
100
AcDbLine
 10
59.2349377703934
 20
-209.5498738577393
 30
0.0
 11
59.13301469509343
 21
-209.5498738577393
 31
0.0
  0
LINE
  5
180B
330
242
100
AcDbEntity
  8
0
  6
Continuous
 62
     7
100
AcDbLine
 10
59.03239912797317
 20
-209.5398738650401
 30
0.0
 11
59.27503340775394
 21
-209.5398738650401
 31
0.0
  0
LINE
  5
180C
330
242
100
AcDbEntity
  8
0
  6
Continuous
 62
     7
100
AcDbLine
 10
67.20714208249439
 20
-209.5222138546396
 30
0.0
 11
67.10016711483359
 21
-209.5222138597196
 31
0.0
  0
LINE
  5
180D
330
242
100
AcDbEntity
  8
0
  6
Continuous
 62
     7
100
AcDbLine
 10
59.29413178713395
 20
-209.5222138597196
 30
0.0
 11
59.25372121517495
 21
-209.5222138571798
 31
0.0
  0
LINE
  5
180E
330
242
100
AcDbEntity
  8
0
  6
Continuous
 62
     7
100
AcDbLine
 10
59.23012379221319
 20
-209.5222138571798
 30
0.0
 11
59.15618521009429
 21
-209.5222138571798
 31
0.0
  0
LINE
  5
180F
330
242
100
AcDbEntity
  8
0
  6
Continuous
 62
     7
100
AcDbLine
 10
59.06277874971448
 20
-209.5196738622598
 30
0.0
 11
59.3091808604143
 21
-209.5196738622598
 31
0.0
  0
LINE
  5
1810
330
242
100
AcDbEntity
  8
0
  6
Continuous
 62
     7
100
AcDbLine
 10
67.09522193041386
 20
-209.5196738597196
 30
0.0
 11
67.21191523525368
 21
-209.5196738546392
 31
0.0
  0
LINE
  5
1811
330
242
100
AcDbEntity
  8
0
  6
Continuous
 62
     7
100
AcDbLine
 10
59.046475104394
 20
-209.5148738642401
 30
0.0
 11
59.03239912797317
 21
-209.5148738642401
 31
0.0
  0
LINE
  5
1815
330
242
100
AcDbEntity
  8
0
  6
Continuous
 62
     7
100
AcDbLine
 10
66.39265500179345
 20
-209.5043954472998
 30
0.0
 11
63.71265502017405
 21
-209.5043954472998
 31
0.0
  0
LINE
  5
1816
330
242
100
AcDbEntity
  8
0
  6
Continuous
 62
     7
100
AcDbLine
 10
63.70265501985369
 20
-209.5043954472998
 30
0.0
 11
60.01265504655413
 21
-209.5043954472998
 31
0.0
  0
LINE
  5
1817
330
242
100
AcDbEntity
  8
0
  6
Continuous
 62
     7
100
AcDbLine
 10
67.21191523525368
 20
-209.4891938546397
 30
0.0
 11
67.05171024959355
 21
-209.4891938622595
 31
0.0
  0
LINE
  5
1818
330
242
100
AcDbEntity
  8
0
  6
Continuous
 62
     7
100
AcDbLine
 10
59.35360133545356
 20
-209.4891938648002
 30
0.0
 11
59.03239912797317
 21
-209.4891938622595
 31
0.0
  0
LINE
  5
181C
330
242
100
AcDbEntity
  8
0
  6
Continuous
 62
     7
100
AcDbLine
 10
63.70265501985369
 20
-209.3343954469396
 30
0.0
 11
63.71252813701477
 21
-209.3343954469396
 31
0.0
  0
LINE
  5
1821
330
242
100
AcDbEntity
  8
0
  6
Continuous
 62
     7
100
AcDbLine
 10
60.01265504655413
 20
-209.3043954485196
 30
0.0
 11
66.39265500179345
 21
-209.3043954485196
 31
0.0
  0
LINE
  5
1822
330
242
100
AcDbEntity
  8
0
  6
Continuous
 62
     7
100
AcDbLine
 10
66.80663721675347
 20
-209.2948738571994
 30
0.0
 11
67.00440091063348
 21
-209.2948738571994
 31
0.0
  0
LINE
  5
1823
330
242
100
AcDbEntity
  8
0
  6
Continuous
 62
     7
100
AcDbLine
 10
59.60197452171389
 20
-209.2543954469201
 30
0.0
 11
66.80197447271467
 21
-209.2543954469201
 31
0.0
  0
LINE
  5
1824
330
242
100
AcDbEntity
  8
0
  6
Continuous
 62
     7
100
AcDbLine
 10
67.00440090809326
 20
-209.2453538648001
 30
0.0
 11
67.0911168738533
 21
-209.2453538597196
 31
0.0
  0
LINE
  5
1825
330
242
100
AcDbEntity
  8
0
  6
Continuous
 62
     7
100
AcDbLine
 10
59.31265157737408
 20
-209.2453538648001
 30
0.0
 11
59.641898749713
 21
-209.2453538622594
 31
0.0
  0
LINE
  5
1826
330
242
100
AcDbEntity
  8
0
  6
Continuous
 62
     7
100
AcDbLine
 10
62.55183700653407
 20
-209.2453538648001
 30
0.0
 11
62.85183697549411
 21
-209.2453538648001
 31
0.0
  0
LINE
  5
1827
330
242
100
AcDbEntity
  8
0
  6
Continuous
 62
     7
100
AcDbLine
 10
61.61297519617375
 20
-209.2398738503598
 30
0.0
 11
61.5518361541138
 21
-209.2398738503598
 31
0.0
  0
LINE
  5
1828
330
242
100
AcDbEntity
  8
0
  6
Continuous
 62
     7
100
AcDbLine
 10
61.35183615533361
 20
-209.2398738503598
 30
0.0
 11
61.0518361584339
 21
-209.2398738503598
 31
0.0
  0
LINE
  5
1829
330
242
100
AcDbEntity
  8
0
  6
Continuous
 62
     7
100
AcDbLine
 10
59.64135903781363
 20
-209.2398738655993
 30
0.0
 11
59.65197667469357
 21
-209.2398738655993
 31
0.0
  0
LINE
  5
182A
330
242
100
AcDbEntity
  8
0
  6
Continuous
 62
     7
100
AcDbLine
 10
60.00183300317468
 20
-209.2248738574999
 30
0.0
 11
60.01683303159399
 21
-209.2248738574999
 31
0.0
  0
LINE
  5
182B
330
242
100
AcDbEntity
  8
0
  6
Continuous
 62
     7
100
AcDbLine
 10
60.80163718207433
 20
-209.2248738574999
 30
0.0
 11
60.81175838357495
 21
-209.2248738574999
 31
0.0
  0
LINE
  5
182C
330
242
100
AcDbEntity
  8
0
  6
Continuous
 62
     7
100
AcDbLine
 10
61.63797519697374
 20
-209.2248738574999
 30
0.0
 11
61.80163718105479
 21
-209.2248738574999
 31
0.0
  0
LINE
  5
182D
330
242
100
AcDbEntity
  8
0
  6
Continuous
 62
     7
100
AcDbLine
 10
62.05183298749426
 20
-209.2248738574999
 30
0.0
 11
62.20163718115355
 21
-209.2248738574999
 31
0.0
  0
LINE
  5
182E
330
242
100
AcDbEntity
  8
0
  6
Continuous
 62
     7
100
AcDbLine
 10
63.20163718267423
 20
-209.2248738574999
 30
0.0
 11
63.351832978294
 21
-209.2248738574999
 31
0.0
  0
LINE
  5
182F
330
242
100
AcDbEntity
  8
0
  6
Continuous
 62
     7
100
AcDbLine
 10
63.60163718277391
 20
-209.2248738574999
 30
0.0
 11
63.80163718155319
 21
-209.2248738574999
 31
0.0
  0
LINE
  5
1830
330
242
100
AcDbEntity
  8
0
  6
Continuous
 62
     7
100
AcDbLine
 10
66.39183298921427
 20
-209.2248738574999
 30
0.0
 11
66.41183295937327
 21
-209.2248738574999
 31
0.0
  0
LINE
  5
1831
330
242
100
AcDbEntity
  8
0
  6
Continuous
 62
     7
100
AcDbLine
 10
66.65183295689377
 20
-209.2248738574999
 30
0.0
 11
66.80163718103478
 21
-209.2248738574999
 31
0.0
  0
LINE
  5
1832
330
242
100
AcDbEntity
  8
0
  6
Continuous
 62
     7
100
AcDbLine
 10
68.21802249913372
 20
-211.1887503259795
 30
0.0
 11
67.92192401081348
 21
-211.1848745171196
 31
0.0
  0
LINE
  5
1833
330
242
100
AcDbEntity
  8
0
  6
Continuous
 62
     7
100
AcDbLine
 10
68.21802249913372
 20
-210.5887503270996
 30
0.0
 11
67.92192401081348
 21
-210.5848745182393
 31
0.0
  0
LINE
  5
1834
330
242
100
AcDbEntity
  8
0
  6
Continuous
 62
     7
100
AcDbLine
 10
62.65359127597395
 20
-209.6243954485998
 30
0.0
 11
62.6250283155735
 21
-209.6043954479596
 31
0.0
  0
LINE
  5
1835
330
242
100
AcDbEntity
  8
0
  6
Continuous
 62
     7
100
AcDbLine
 10
62.1305644480147
 20
-209.6243954485998
 30
0.0
 11
62.10201173143497
 21
-209.6043954479596
 31
0.0
  0
LINE
  5
1836
330
242
100
AcDbEntity
  8
0
  6
Continuous
 62
     7
100
AcDbLine
 10
64.65337846257381
 20
-209.6641215870799
 30
0.0
 11
64.74198095491312
 21
-209.8654908922398
 31
0.0
  0
LINE
  5
1837
330
242
100
AcDbEntity
  8
0
  6
Continuous
 62
     7
100
AcDbLine
 10
65.75081945285393
 20
-212.1046693094799
 30
0.0
 11
65.66221695797441
 21
-211.9033000017793
 31
0.0
  0
LINE
  5
1838
330
242
100
AcDbEntity
  8
0
  6
Continuous
 62
     7
100
AcDbLine
 10
65.01657546287453
 20
-209.7446693101601
 30
0.0
 11
64.95485496655357
 21
-209.6043954479596
 31
0.0
  0
LINE
  5
1839
330
242
100
AcDbEntity
  8
0
  6
Continuous
 62
     7
100
AcDbLine
 10
66.20730562649379
 20
-211.1093954478596
 30
0.0
 11
66.24129573885449
 21
-211.1943954480397
 31
0.0
  0
LINE
  5
183B
330
242
100
AcDbEntity
  8
0
  6
Continuous
 62
     7
100
AcDbLine
 10
67.03158137443399
 20
-209.21487385718
 30
0.0
 11
59.37348166145358
 21
-209.21487385718
 31
0.0
  0
LINE
  5
183C
330
242
100
AcDbEntity
  8
0
  6
Continuous
 62
     7
100
AcDbLine
 10
60.01192400915289
 20
-209.0548745175392
 30
0.0
 11
66.39192401011434
 21
-209.0548745175392
 31
0.0
  0
LINE
  5
183D
330
242
100
AcDbEntity
  8
0
  6
Continuous
 62
     7
100
AcDbLine
 10
60.01192400915289
 20
-208.7626518380798
 30
0.0
 11
66.39192401011434
 21
-208.7626518380798
 31
0.0
  0
LINE
  5
183E
330
242
100
AcDbEntity
  8
0
  6
Continuous
 62
     7
100
AcDbLine
 10
40.20192401023479
 20
-207.2648745161395
 30
0.0
 11
86.20192400903425
 21
-207.2648745161395
 31
0.0
  0
LINE
  5
183F
330
242
100
AcDbEntity
  8
0
  6
Continuous
 62
     7
100
AcDbLine
 10
46.118115876074
 20
-202.7517860442394
 30
0.0
 11
80.28573214319322
 21
-202.7517860442394
 31
0.0
  0
LINE
  5
1840
330
242
100
AcDbEntity
  8
0
  6
Continuous
 62
     7
100
AcDbLine
 10
40.81993205285499
 20
-202.2648745161595
 30
0.0
 11
85.58391596641405
 21
-202.2648745161595
 31
0.0
  0
LINE
  5
1841
330
242
100
AcDbEntity
  8
0
  6
Continuous
 62
     7
100
AcDbLine
 10
80.28573214319322
 20
-202.7517860442394
 30
0.0
 11
80.40391152583408
 21
-207.2648745161395
 31
0.0
  0
LINE
  5
1842
330
242
100
AcDbEntity
  8
0
  6
Continuous
 62
     7
100
AcDbLine
 10
80.18302288455499
 20
-224.7648745173396
 30
0.0
 11
80.18302288455499
 21
-224.0246917152599
 31
0.0
  0
LINE
  5
1843
330
242
100
AcDbEntity
  8
0
  6
Continuous
 62
     7
100
AcDbLine
 10
80.28573214319322
 20
-202.2648745161595
 30
0.0
 11
80.28573214319322
 21
-202.7517860442394
 31
0.0
  0
LINE
  5
1844
330
242
100
AcDbEntity
  8
0
  6
Continuous
 62
     7
100
AcDbLine
 10
80.40242090905422
 20
-207.2648745161395
 30
0.0
 11
80.21878227963435
 21
-221.2930312654598
 31
0.0
  0
LINE
  5
1845
330
242
100
AcDbEntity
  8
0
  6
Continuous
 62
     7
100
AcDbLine
 10
80.20277268249385
 20
-222.51600441768
 30
0.0
 11
80.18302288455499
 21
-224.0246917152599
 31
0.0
  0
LINE
  5
1846
330
242
100
AcDbEntity
  8
0
  6
Continuous
 62
     7
100
AcDbLine
 10
86.08374462893364
 20
-202.7517860442394
 30
0.0
 11
86.20192400903425
 21
-207.2648745161395
 31
0.0
  0
LINE
  5
1847
330
242
100
AcDbEntity
  8
0
  6
Continuous
 62
     7
100
AcDbLine
 10
86.20192400903425
 20
-207.2648745161395
 30
0.0
 11
86.01925897685424
 21
-221.2186580207598
 31
0.0
  0
LINE
  5
1848
330
242
100
AcDbEntity
  8
0
  6
Continuous
 62
     7
100
AcDbLine
 10
86.00078817051445
 20
-222.6296430854999
 30
0.0
 11
85.98252598453502
 21
-224.0246917152599
 31
0.0
  0
LINE
  5
1849
330
242
100
AcDbEntity
  8
0
  6
Continuous
 62
     7
100
AcDbLine
 10
153.4559618857532
 20
-146.5380191171593
 30
0.0
 11
153.3223824653335
 21
-146.6715985375794
 31
0.0
  0
LINE
  5
184A
330
242
100
AcDbEntity
  8
0
  6
Continuous
 62
     7
100
AcDbLine
 10
151.8385589153343
 20
-148.1554220875795
 30
0.0
 11
151.9721383332137
 21
-148.0218426696996
 31
0.0
  0
LINE
  5
184B
330
242
100
AcDbEntity
  8
0
  6
Continuous
 62
     7
100
AcDbLine
 10
154.4059618856739
 20
-147.4880191170795
 30
0.0
 11
154.2723824652542
 21
-147.6215985374996
 31
0.0
  0
LINE
  5
184C
330
242
100
AcDbEntity
  8
0
  6
Continuous
 62
     7
100
AcDbLine
 10
152.7885589152541
 20
-149.1054220874998
 30
0.0
 11
152.9221383331344
 21
-148.9718426696194
 31
0.0
  0
LINE
  5
184D
330
242
100
AcDbEntity
  8
0
  6
Continuous
 62
     7
100
AcDbLine
 10
153.4559618857532
 20
-183.1054220883797
 30
0.0
 11
153.3223824653335
 21
-182.9718426704998
 31
0.0
  0
LINE
  5
184E
330
242
100
AcDbEntity
  8
0
  6
Continuous
 62
     7
100
AcDbLine
 10
151.8385589153343
 20
-181.4880191179599
 30
0.0
 11
151.9721383332137
 21
-181.6215985358398
 31
0.0
  0
LINE
  5
184F
330
242
100
AcDbEntity
  8
0
  6
Continuous
 62
     7
100
AcDbLine
 10
148.6222604000143
 20
-182.0237081176996
 30
0.0
 11
148.6222604000143
 21
-147.6197330878394
 31
0.0
  0
LINE
  5
1850
330
242
100
AcDbEntity
  8
0
  6
Continuous
 62
     7
100
AcDbLine
 10
148.8416584245135
 20
-147.8406217291198
 30
0.0
 11
148.8416584245135
 21
-181.8028194789598
 31
0.0
  0
LINE
  5
1851
330
242
100
AcDbEntity
  8
0
  6
Continuous
 62
     7
100
AcDbLine
 10
149.591594171274
 20
-147.8406217291198
 30
0.0
 11
149.591594171274
 21
-181.8028194789598
 31
0.0
  0
LINE
  5
1852
330
242
100
AcDbEntity
  8
0
  6
Continuous
 62
     7
100
AcDbLine
 10
154.4059618856739
 20
-182.1554220884595
 30
0.0
 11
154.2723824652542
 21
-182.02184267058
 31
0.0
  0
LINE
  5
1853
330
242
100
AcDbEntity
  8
0
  6
Continuous
 62
     7
100
AcDbLine
 10
152.7885589152541
 20
-180.5380191180397
 30
0.0
 11
152.9221383331344
 21
-180.6715985359196
 31
0.0
  0
LINE
  5
1854
330
242
100
AcDbEntity
  8
0
  6
Continuous
 62
     7
100
AcDbLine
 10
151.9721383332137
 20
-147.6215985374996
 30
0.0
 11
151.9721383332137
 21
-148.0218426696996
 31
0.0
  0
LINE
  5
1855
330
242
100
AcDbEntity
  8
0
  6
Continuous
 62
     7
100
AcDbLine
 10
151.9721383332137
 20
-181.6215985358398
 30
0.0
 11
151.9721383332137
 21
-182.02184267058
 31
0.0
  0
LINE
  5
1856
330
242
100
AcDbEntity
  8
0
  6
Continuous
 62
     7
100
AcDbLine
 10
152.2722603999739
 20
-147.4794795913598
 30
0.0
 11
152.2722603999739
 21
-147.6215985374996
 31
0.0
  0
LINE
  5
1857
330
242
100
AcDbEntity
  8
0
  6
Continuous
 62
     7
100
AcDbLine
 10
152.2722603999739
 20
-181.4794795922398
 30
0.0
 11
152.2722603999739
 21
-181.6215985358398
 31
0.0
  0
LINE
  5
1858
330
242
100
AcDbEntity
  8
0
  6
Continuous
 62
     7
100
AcDbLine
 10
152.2722603999739
 20
-182.1639616141796
 30
0.0
 11
152.2722603999739
 21
-182.02184267058
 31
0.0
  0
LINE
  5
1859
330
242
100
AcDbEntity
  8
0
  6
Continuous
 62
     7
100
AcDbLine
 10
152.2722603999739
 20
-148.1639616158394
 30
0.0
 11
152.2722603999739
 21
-148.0218426696996
 31
0.0
  0
LINE
  5
185A
330
242
100
AcDbEntity
  8
0
  6
Continuous
 62
     7
100
AcDbLine
 10
152.9221383331344
 20
-146.6715985375794
 30
0.0
 11
152.9221383331344
 21
-146.9717206043396
 31
0.0
  0
LINE
  5
185B
330
242
100
AcDbEntity
  8
0
  6
Continuous
 62
     7
100
AcDbLine
 10
152.9221383331344
 20
-148.6717206028597
 30
0.0
 11
152.9221383331344
 21
-148.9718426696194
 31
0.0
  0
LINE
  5
185C
330
242
100
AcDbEntity
  8
0
  6
Continuous
 62
     7
100
AcDbLine
 10
152.9221383331344
 20
-180.6715985359196
 30
0.0
 11
152.9221383331344
 21
-180.9717206026798
 31
0.0
  0
LINE
  5
185D
330
242
100
AcDbEntity
  8
0
  6
Continuous
 62
     7
100
AcDbLine
 10
152.9221383331344
 20
-182.6717206037396
 30
0.0
 11
152.9221383331344
 21
-182.9718426704998
 31
0.0
  0
LINE
  5
185E
330
242
100
AcDbEntity
  8
0
  6
Continuous
 62
     7
100
AcDbLine
 10
188.8242479156145
 20
-187.8217206034396
 30
0.0
 11
154.4202728857547
 21
-187.8217206034396
 31
0.0
  0
LINE
  5
185F
330
242
100
AcDbEntity
  8
0
  6
Continuous
 62
     7
100
AcDbLine
 10
174.8122603998939
 20
-187.8021136246197
 30
0.0
 11
168.4322603989342
 21
-187.8021136246197
 31
0.0
  0
LINE
  5
1860
330
242
100
AcDbEntity
  8
0
  6
Continuous
 62
     7
100
AcDbLine
 10
168.4322603989342
 20
-187.7464493163392
 30
0.0
 11
174.8122603998939
 21
-187.7464493163392
 31
0.0
  0
LINE
  5
1861
330
242
100
AcDbEntity
  8
0
  6
Continuous
 62
     7
100
AcDbLine
 10
154.6411615244936
 20
-187.6023225789399
 30
0.0
 11
188.6033592743336
 21
-187.6023225789399
 31
0.0
  0
LINE
  5
1862
330
242
100
AcDbEntity
  8
0
  6
Continuous
 62
     7
100
AcDbLine
 10
154.6411615244936
 20
-186.8523868321799
 30
0.0
 11
188.6033592743336
 21
-186.8523868321799
 31
0.0
  0
LINE
  5
1863
330
242
100
AcDbEntity
  8
0
  6
Continuous
 62
     7
100
AcDbLine
 10
153.3223824653335
 20
-182.9718426704998
 30
0.0
 11
153.3223824653335
 21
-182.6717206037396
 31
0.0
  0
LINE
  5
1864
330
242
100
AcDbEntity
  8
0
  6
Continuous
 62
     7
100
AcDbLine
 10
153.3223824653335
 20
-180.9717206026798
 30
0.0
 11
153.3223824653335
 21
-180.6715985359196
 31
0.0
  0
LINE
  5
1865
330
242
100
AcDbEntity
  8
0
  6
Continuous
 62
     7
100
AcDbLine
 10
153.3223824653335
 20
-148.9718426696194
 30
0.0
 11
153.3223824653335
 21
-148.6717206028597
 31
0.0
  0
LINE
  5
1866
330
242
100
AcDbEntity
  8
0
  6
Continuous
 62
     7
100
AcDbLine
 10
153.3223824653335
 20
-146.9717206043396
 30
0.0
 11
153.3223824653335
 21
-146.6715985375794
 31
0.0
  0
LINE
  5
1867
330
242
100
AcDbEntity
  8
0
  6
Continuous
 62
     7
100
AcDbLine
 10
153.9722604010333
 20
-147.4794795913598
 30
0.0
 11
153.9722604010333
 21
-147.6215985374996
 31
0.0
  0
LINE
  5
1868
330
242
100
AcDbEntity
  8
0
  6
Continuous
 62
     7
100
AcDbLine
 10
153.9722604010333
 20
-181.4794795922398
 30
0.0
 11
153.9722604010333
 21
-181.6215985358398
 31
0.0
  0
LINE
  5
1869
330
242
100
AcDbEntity
  8
0
  6
Continuous
 62
     7
100
AcDbLine
 10
153.9722604010333
 20
-182.1639616141796
 30
0.0
 11
153.9722604010333
 21
-182.02184267058
 31
0.0
  0
LINE
  5
186A
330
242
100
AcDbEntity
  8
0
  6
Continuous
 62
     7
100
AcDbLine
 10
153.9722604010333
 20
-148.1639616158394
 30
0.0
 11
153.9722604010333
 21
-148.0218426696996
 31
0.0
  0
LINE
  5
186B
330
242
100
AcDbEntity
  8
0
  6
Continuous
 62
     7
100
AcDbLine
 10
154.2723824652542
 20
-182.02184267058
 30
0.0
 11
154.2723824652542
 21
-181.6215985358398
 31
0.0
  0
LINE
  5
186C
330
242
100
AcDbEntity
  8
0
  6
Continuous
 62
     7
100
AcDbLine
 10
154.2723824652542
 20
-148.0218426696996
 30
0.0
 11
154.2723824652542
 21
-147.6215985374996
 31
0.0
  0
LINE
  5
186D
330
242
100
AcDbEntity
  8
0
  6
Continuous
 62
     7
100
AcDbLine
 10
154.6411615244936
 20
-186.8523868321799
 30
0.0
 11
154.6411615244936
 21
-187.6023225789399
 31
0.0
  0
LINE
  5
186E
330
242
100
AcDbEntity
  8
0
  6
Continuous
 62
     7
100
AcDbLine
 10
154.6411615244936
 20
-142.7910543733596
 30
0.0
 11
154.6411615244936
 21
-142.0411186291398
 31
0.0
  0
LINE
  5
186F
330
242
100
AcDbEntity
  8
0
  6
Continuous
 62
     7
100
AcDbLine
 10
156.3722603990939
 20
-151.5717206042195
 30
0.0
 11
156.3722603990939
 21
-178.0717206038598
 31
0.0
  0
LINE
  5
1870
330
242
100
AcDbEntity
  8
0
  6
Continuous
 62
     7
100
AcDbLine
 10
156.3774969189747
 20
-151.5717206042195
 30
0.0
 11
156.3774969189747
 21
-178.0717206038598
 31
0.0
  0
LINE
  5
1871
330
242
100
AcDbEntity
  8
0
  6
Continuous
 62
     7
100
AcDbLine
 10
152.9221383331344
 20
-182.9718426704998
 30
0.0
 11
153.3223824653335
 21
-182.9718426704998
 31
0.0
  0
LINE
  5
1872
330
242
100
AcDbEntity
  8
0
  6
Continuous
 62
     7
100
AcDbLine
 10
189.9221383334937
 20
-182.9718426704998
 30
0.0
 11
190.3223824656937
 21
-182.9718426704998
 31
0.0
  0
LINE
  5
1873
330
242
100
AcDbEntity
  8
0
  6
Continuous
 62
     7
100
AcDbLine
 10
190.4645014118344
 20
-182.6717206037396
 30
0.0
 11
190.3223824656937
 21
-182.6717206037396
 31
0.0
  0
LINE
  5
1874
330
242
100
AcDbEntity
  8
0
  6
Continuous
 62
     7
100
AcDbLine
 10
153.4645014114742
 20
-182.6717206037396
 30
0.0
 11
153.3223824653335
 21
-182.6717206037396
 31
0.0
  0
LINE
  5
1875
330
242
100
AcDbEntity
  8
0
  6
Continuous
 62
     7
100
AcDbLine
 10
152.7800193869946
 20
-182.6717206037396
 30
0.0
 11
152.9221383331344
 21
-182.6717206037396
 31
0.0
  0
LINE
  5
1876
330
242
100
AcDbEntity
  8
0
  6
Continuous
 62
     7
100
AcDbLine
 10
189.7800193873548
 20
-182.6717206037396
 30
0.0
 11
189.9221383334937
 21
-182.6717206037396
 31
0.0
  0
LINE
  5
1877
330
242
100
AcDbEntity
  8
0
  6
Continuous
 62
     7
100
AcDbLine
 10
151.9721383332137
 20
-182.02184267058
 30
0.0
 11
152.2722603999739
 21
-182.02184267058
 31
0.0
  0
LINE
  5
1878
330
242
100
AcDbEntity
  8
0
  6
Continuous
 62
     7
100
AcDbLine
 10
153.9722604010333
 20
-182.02184267058
 30
0.0
 11
154.2723824652542
 21
-182.02184267058
 31
0.0
  0
LINE
  5
1879
330
242
100
AcDbEntity
  8
0
  6
Continuous
 62
     7
100
AcDbLine
 10
188.9721383335739
 20
-182.02184267058
 30
0.0
 11
189.2722604003341
 21
-182.02184267058
 31
0.0
  0
LINE
  5
187A
330
242
100
AcDbEntity
  8
0
  6
Continuous
 62
     7
100
AcDbLine
 10
190.9722603988533
 20
-182.02184267058
 30
0.0
 11
191.2723824656135
 21
-182.02184267058
 31
0.0
  0
LINE
  5
187B
330
242
100
AcDbEntity
  8
0
  6
Continuous
 62
     7
100
AcDbLine
 10
149.591594171274
 20
-181.8028194789598
 30
0.0
 11
148.8416584245135
 21
-181.8028194789598
 31
0.0
  0
LINE
  5
187C
330
242
100
AcDbEntity
  8
0
  6
Continuous
 62
     7
100
AcDbLine
 10
193.6529266275532
 20
-181.8028194789598
 30
0.0
 11
194.4028623743136
 21
-181.8028194789598
 31
0.0
  0
LINE
  5
187D
330
242
100
AcDbEntity
  8
0
  6
Continuous
 62
     7
100
AcDbLine
 10
191.2723824656135
 20
-181.6215985358398
 30
0.0
 11
190.9722603988533
 21
-181.6215985358398
 31
0.0
  0
LINE
  5
187E
330
242
100
AcDbEntity
  8
0
  6
Continuous
 62
     7
100
AcDbLine
 10
189.2722604003341
 20
-181.6215985358398
 30
0.0
 11
188.9721383335739
 21
-181.6215985358398
 31
0.0
  0
LINE
  5
187F
330
242
100
AcDbEntity
  8
0
  6
Continuous
 62
     7
100
AcDbLine
 10
154.2723824652542
 20
-181.6215985358398
 30
0.0
 11
153.9722604010333
 21
-181.6215985358398
 31
0.0
  0
LINE
  5
1880
330
242
100
AcDbEntity
  8
0
  6
Continuous
 62
     7
100
AcDbLine
 10
152.2722603999739
 20
-181.6215985358398
 30
0.0
 11
151.9721383332137
 21
-181.6215985358398
 31
0.0
  0
LINE
  5
1881
330
242
100
AcDbEntity
  8
0
  6
Continuous
 62
     7
100
AcDbLine
 10
158.9722604010133
 20
-141.8819379010196
 30
0.0
 11
158.9722604010133
 21
-141.0818693589198
 31
0.0
  0
LINE
  5
1882
330
242
100
AcDbEntity
  8
0
  6
Continuous
 62
     7
100
AcDbLine
 10
190.4645014118344
 20
-180.9717206026798
 30
0.0
 11
190.3223824656937
 21
-180.9717206026798
 31
0.0
  0
LINE
  5
1883
330
242
100
AcDbEntity
  8
0
  6
Continuous
 62
     7
100
AcDbLine
 10
153.4645014114742
 20
-180.9717206026798
 30
0.0
 11
153.3223824653335
 21
-180.9717206026798
 31
0.0
  0
LINE
  5
1884
330
242
100
AcDbEntity
  8
0
  6
Continuous
 62
     7
100
AcDbLine
 10
152.7800193869946
 20
-180.9717206026798
 30
0.0
 11
152.9221383331344
 21
-180.9717206026798
 31
0.0
  0
LINE
  5
1885
330
242
100
AcDbEntity
  8
0
  6
Continuous
 62
     7
100
AcDbLine
 10
189.7800193873548
 20
-180.9717206026798
 30
0.0
 11
189.9221383334937
 21
-180.9717206026798
 31
0.0
  0
LINE
  5
1886
330
242
100
AcDbEntity
  8
0
  6
Continuous
 62
     7
100
AcDbLine
 10
190.3223824656937
 20
-180.6715985359196
 30
0.0
 11
189.9221383334937
 21
-180.6715985359196
 31
0.0
  0
LINE
  5
1887
330
242
100
AcDbEntity
  8
0
  6
Continuous
 62
     7
100
AcDbLine
 10
153.3223824653335
 20
-180.6715985359196
 30
0.0
 11
152.9221383331344
 21
-180.6715985359196
 31
0.0
  0
LINE
  5
1888
330
242
100
AcDbEntity
  8
0
  6
Continuous
 62
     7
100
AcDbLine
 10
158.3722603995941
 20
-180.0717206043595
 30
0.0
 11
184.8722603992349
 21
-180.0717206043595
 31
0.0
  0
LINE
  5
1889
330
242
100
AcDbEntity
  8
0
  6
Continuous
 62
     7
100
AcDbLine
 10
164.2722604004332
 20
-141.8819379010196
 30
0.0
 11
164.2722604004332
 21
-141.0818693589198
 31
0.0
  0
LINE
  5
188A
330
242
100
AcDbEntity
  8
0
  6
Continuous
 62
     7
100
AcDbLine
 10
148.6222604000143
 20
-182.0222175034595
 30
0.0
 11
148.8049254321943
 21
-181.83955247128
 31
0.0
  0
LINE
  5
188B
330
242
100
AcDbEntity
  8
0
  6
Continuous
 62
     7
100
AcDbLine
 10
148.8233962385341
 20
-181.8210816649397
 30
0.0
 11
148.8416584245135
 21
-181.8028194789598
 31
0.0
  0
LINE
  5
188C
330
242
100
AcDbEntity
  8
0
  6
Continuous
 62
     7
100
AcDbLine
 10
188.6033592743336
 20
-142.0411186291398
 30
0.0
 11
188.8227572988338
 21
-141.8217206020999
 31
0.0
  0
LINE
  5
188D
330
242
100
AcDbEntity
  8
0
  6
Continuous
 62
     7
100
AcDbLine
 10
176.6382036364942
 20
-187.7700374657592
 30
0.0
 11
176.6383588889133
 21
-187.7703542545595
 31
0.0
  0
LINE
  5
188E
330
242
100
AcDbEntity
  8
0
  6
Continuous
 62
     7
100
AcDbLine
 10
168.4322603989342
 20
-187.8021136246197
 30
0.0
 11
168.4322603989342
 21
-187.7464493163392
 31
0.0
  0
LINE
  5
188F
330
242
100
AcDbEntity
  8
0
  6
Continuous
 62
     7
100
AcDbLine
 10
168.9722604009742
 20
-141.8819379010196
 30
0.0
 11
168.9722604009742
 21
-141.0818693589198
 31
0.0
  0
LINE
  5
1890
330
242
100
AcDbEntity
  8
0
  6
Continuous
 62
     7
100
AcDbLine
 10
153.4559618857532
 20
-180.5380191180397
 30
0.0
 11
153.3223824653335
 21
-180.6715985359196
 31
0.0
  0
LINE
  5
1891
330
242
100
AcDbEntity
  8
0
  6
Continuous
 62
     7
100
AcDbLine
 10
151.8385589153343
 20
-182.1554220884595
 30
0.0
 11
151.9721383332137
 21
-182.02184267058
 31
0.0
  0
LINE
  5
1892
330
242
100
AcDbEntity
  8
0
  6
Continuous
 62
     7
100
AcDbLine
 10
154.4059618856739
 20
-181.4880191179599
 30
0.0
 11
154.2723824652542
 21
-181.6215985358398
 31
0.0
  0
LINE
  5
1893
330
242
100
AcDbEntity
  8
0
  6
Continuous
 62
     7
100
AcDbLine
 10
152.7885589152541
 20
-183.1054220883797
 30
0.0
 11
152.9221383331344
 21
-182.9718426704998
 31
0.0
  0
LINE
  5
1894
330
242
100
AcDbEntity
  8
0
  6
Continuous
 62
     7
100
AcDbLine
 10
194.5855556538338
 20
-170.8678190909394
 30
0.0
 11
194.572464938334
 21
-170.8678190909394
 31
0.0
  0
LINE
  5
1898
330
242
100
AcDbEntity
  8
0
  6
Continuous
 62
     7
100
AcDbLine
 10
194.5959771544542
 20
-170.0717206044
 30
0.0
 11
194.5620434377136
 21
-170.0717206044
 31
0.0
  0
LINE
  5
18A1
330
242
100
AcDbEntity
  8
0
  6
Continuous
 62
     7
100
AcDbLine
 10
148.8416584245135
 20
-147.8406217291198
 30
0.0
 11
148.6222604000143
 21
-147.6212237020799
 31
0.0
  0
LINE
  5
18A2
330
242
100
AcDbEntity
  8
0
  6
Continuous
 62
     7
100
AcDbLine
 10
188.6033592743336
 20
-187.6023225789399
 30
0.0
 11
188.8227572988338
 21
-187.8217206034396
 31
0.0
  0
LINE
  5
18A3
330
242
100
AcDbEntity
  8
0
  6
Continuous
 62
     7
100
AcDbLine
 10
190.4559618861142
 20
-146.5380191171593
 30
0.0
 11
190.3223824656937
 21
-146.6715985375794
 31
0.0
  0
LINE
  5
18A4
330
242
100
AcDbEntity
  8
0
  6
Continuous
 62
     7
100
AcDbLine
 10
188.8385589156935
 20
-148.1554220875795
 30
0.0
 11
188.9721383335739
 21
-148.0218426696996
 31
0.0
  0
LINE
  5
18A5
330
242
100
AcDbEntity
  8
0
  6
Continuous
 62
     7
100
AcDbLine
 10
191.4059618860331
 20
-147.4880191170795
 30
0.0
 11
191.2723824656135
 21
-147.6215985374996
 31
0.0
  0
LINE
  5
18A6
330
242
100
AcDbEntity
  8
0
  6
Continuous
 62
     7
100
AcDbLine
 10
189.7885589156142
 20
-149.1054220874998
 30
0.0
 11
189.9221383334937
 21
-148.9718426696194
 31
0.0
  0
LINE
  5
18A7
330
242
100
AcDbEntity
  8
0
  6
Continuous
 62
     7
100
AcDbLine
 10
148.732222422914
 20
-168.3217206042795
 30
0.0
 11
148.7911306490135
 21
-168.3217206042795
 31
0.0
  0
LINE
  5
18A8
330
242
100
AcDbEntity
  8
0
  6
Continuous
 62
     7
100
AcDbLine
 10
148.7911306490135
 20
-167.3217206027597
 30
0.0
 11
148.732222422914
 21
-167.3217206027597
 31
0.0
  0
LINE
  5
18AA
330
242
100
AcDbEntity
  8
0
  6
Continuous
 62
     7
100
AcDbLine
 10
151.8385589153343
 20
-147.4880191170795
 30
0.0
 11
151.9721383332137
 21
-147.6215985374996
 31
0.0
  0
LINE
  5
18AB
330
242
100
AcDbEntity
  8
0
  6
Continuous
 62
     7
100
AcDbLine
 10
153.4559618857532
 20
-149.1054220874998
 30
0.0
 11
153.3223824653335
 21
-148.9718426696194
 31
0.0
  0
LINE
  5
18AC
330
242
100
AcDbEntity
  8
0
  6
Continuous
 62
     7
100
AcDbLine
 10
174.2722604003932
 20
-141.8819379010196
 30
0.0
 11
174.2722604003932
 21
-141.0818693589198
 31
0.0
  0
LINE
  5
18AD
330
242
100
AcDbEntity
  8
0
  6
Continuous
 62
     7
100
AcDbLine
 10
174.8122603998939
 20
-187.8021136246197
 30
0.0
 11
174.8122603998939
 21
-187.7464493163392
 31
0.0
  0
LINE
  5
18AE
330
242
100
AcDbEntity
  8
0
  6
Continuous
 62
     7
100
AcDbLine
 10
154.6214117265538
 20
-187.6220723768796
 30
0.0
 11
154.6411615244936
 21
-187.6023225789399
 31
0.0
  0
LINE
  5
18AF
330
242
100
AcDbEntity
  8
0
  6
Continuous
 62
     7
100
AcDbLine
 10
154.4217634999943
 20
-187.8217206034396
 30
0.0
 11
154.6054021319535
 21
-187.6380819714799
 31
0.0
  0
LINE
  5
18B0
330
242
100
AcDbEntity
  8
0
  6
Continuous
 62
     7
100
AcDbLine
 10
194.4028623743136
 20
-147.8406217291198
 30
0.0
 11
194.6222603988138
 21
-147.6212237020799
 31
0.0
  0
LINE
  5
18B1
330
242
100
AcDbEntity
  8
0
  6
Continuous
 62
     7
100
AcDbLine
 10
194.5723294090133
 20
-157.7756882572197
 30
0.0
 11
194.572464938334
 21
-157.7756221156195
 31
0.0
  0
LINE
  5
18B2
330
242
100
AcDbEntity
  8
0
  6
Continuous
 62
     7
100
AcDbLine
 10
148.7453131409532
 20
-166.3217206037797
 30
0.0
 11
148.7780399335136
 21
-166.3217206037797
 31
0.0
  0
LINE
  5
18B3
330
242
100
AcDbEntity
  8
0
  6
Continuous
 62
     7
100
AcDbLine
 10
148.7780399335136
 20
-165.32172060226
 30
0.0
 11
148.7453131409532
 21
-165.32172060226
 31
0.0
  0
LINE
  5
18B7
330
242
100
AcDbEntity
  8
0
  6
Continuous
 62
     7
100
AcDbLine
 10
152.7885589152541
 20
-146.5380191171593
 30
0.0
 11
152.9221383331344
 21
-146.6715985375794
 31
0.0
  0
LINE
  5
18B8
330
242
100
AcDbEntity
  8
0
  6
Continuous
 62
     7
100
AcDbLine
 10
154.4059618856739
 20
-148.1554220875795
 30
0.0
 11
154.2723824652542
 21
-148.0218426696996
 31
0.0
  0
LINE
  5
18B9
330
242
100
AcDbEntity
  8
0
  6
Continuous
 62
     7
100
AcDbLine
 10
190.4559618861142
 20
-183.1054220883797
 30
0.0
 11
190.3223824656937
 21
-182.9718426704998
 31
0.0
  0
LINE
  5
18BA
330
242
100
AcDbEntity
  8
0
  6
Continuous
 62
     7
100
AcDbLine
 10
188.8385589156935
 20
-181.4880191179599
 30
0.0
 11
188.9721383335739
 21
-181.6215985358398
 31
0.0
  0
LWPOLYLINE
  5
18BB
330
242
100
AcDbEntity
  8
0
  6
Continuous
 62
     7
100
AcDbPolyline
 90
       51
 70
     0
 43
0.0
 10
164.2722603902751
 20
-141.0818727929995
 10
164.2300155014339
 20
-140.9587702121798
 10
164.1541587824334
 20
-140.8989432655398
 10
164.1069718740139
 20
-140.8838040552795
 10
164.0822963556741
 20
-140.8798951908597
 10
164.0599603729145
 20
-140.8776476743996
 10
164.0340664241942
 20
-140.8757697609598
 10
164.0028228316144
 20
-140.8740188043397
 10
163.965009056594
 20
-140.8723081956195
 10
163.9192114799146
 20
-140.8705899897594
 10
163.8639186339335
 20
-140.8688402726597
 10
163.797812248494
 20
-140.8670567456196
 10
163.7206113767336
 20
-140.8652669523998
 10
163.6326009990346
 20
-140.8635024245595
 10
163.5341399183338
 20
-140.8617870076199
 10
163.4250891813938
 20
-140.8601315880195
 10
163.3052791416142
 20
-140.8585469404397
 10
163.1746027176735
 20
-140.8570450993997
 10
163.0330213803139
 20
-140.8556393846597
 10
162.8805823963942
 20
-140.85434432502
 10
162.7174379449346
 20
-140.85317555672
 10
162.5438582539948
 20
-140.8521499148796
 10
162.3602620044742
 20
-140.8512850753595
 10
162.1676200275536
 20
-140.8506009314396
 10
161.9679332260132
 20
-140.8501176354797
 10
161.7635381814137
 20
-140.8498504604999
 10
161.5569306037735
 20
-140.8498086216195
 10
161.3506932819348
 20
-140.8499945216799
 10
161.1473966857341
 20
-140.8504048002596
 10
160.9495022326539
 20
-140.8510286496598
 10
160.7592924301946
 20
-140.8518501770999
 10
160.5783310115742
 20
-140.8528508812196
 10
160.4073463370335
 20
-140.8540128397798
 10
160.2469082123946
 20
-140.8553195859598
 10
160.0974469923943
 20
-140.8567552676194
 10
159.9592106953344
 20
-140.8583036008198
 10
159.8323684623549
 20
-140.8599496147998
 10
159.7170173265343
 20
-140.8616796875398
 10
159.613105728414
 20
-140.8634805957999
 10
159.5205225607745
 20
-140.8653402136196
 10
159.4392621289337
 20
-140.8672445557599
 10
159.3692121217139
 20
-140.8691784838197
 10
159.3100330681139
 20
-140.8711302248998
 10
159.2611692720132
 20
-140.8730958470796
 10
159.2217284949141
 20
-140.8750899477395
 10
159.1904040693746
 20
-140.8771739948797
 10
159.1645032220142
 20
-140.8796248688194
 10
159.1365051957139
 20
-140.8840192669394
 10
159.0854990569344
 20
-140.90123658328
 10
159.0120164759349
 20
-140.9620398525794
 10
158.972260408634
 20
-141.0818737835997
  0
LINE
  5
18BC
330
242
100
AcDbEntity
  8
0
  6
Continuous
 62
     7
100
AcDbLine
 10
176.6383588889133
 20
-187.7703542545595
 30
0.0
 11
176.6383588889133
 21
-187.7782086863994
 31
0.0
  0
LINE
  5
18CA
330
242
100
AcDbEntity
  8
0
  6
Continuous
 62
     7
100
AcDbLine
 10
166.6061619099139
 20
-187.7703542545595
 30
0.0
 11
166.6063064816338
 21
-187.7700555124597
 31
0.0
  0
LINE
  5
18CC
330
242
100
AcDbEntity
  8
0
  6
Continuous
 62
     7
100
AcDbLine
 10
148.7191317074142
 20
-164.3217206032795
 30
0.0
 11
148.8042213670545
 21
-164.3217206032795
 31
0.0
  0
LINE
  5
18CD
330
242
100
AcDbEntity
  8
0
  6
Continuous
 62
     7
100
AcDbLine
 10
148.8042213670545
 20
-163.3217206042995
 30
0.0
 11
148.7191317074142
 21
-163.3217206042995
 31
0.0
  0
LINE
  5
18CE
330
242
100
AcDbEntity
  8
0
  6
Continuous
 62
     7
100
AcDbLine
 10
148.7354951036944
 20
-162.3217206027797
 30
0.0
 11
148.7878579707742
 21
-162.3217206027797
 31
0.0
  0
LINE
  5
18CF
330
242
100
AcDbEntity
  8
0
  6
Continuous
 62
     7
100
AcDbLine
 10
191.4059618860331
 20
-182.1554220884595
 30
0.0
 11
191.2723824656135
 21
-182.02184267058
 31
0.0
  0
LINE
  5
18D0
330
242
100
AcDbEntity
  8
0
  6
Continuous
 62
     7
100
AcDbLine
 10
189.7885589156142
 20
-180.5380191180397
 30
0.0
 11
189.9221383334937
 21
-180.6715985359196
 31
0.0
  0
LINE
  5
18D1
330
242
100
AcDbEntity
  8
0
  6
Continuous
 62
     7
100
AcDbLine
 10
154.6411615244936
 20
-142.0411186291398
 30
0.0
 11
154.4217634999943
 21
-141.8217206020999
 31
0.0
  0
LINE
  5
18D2
330
242
100
AcDbEntity
  8
0
  6
Continuous
 62
     7
100
AcDbLine
 10
194.4028623743136
 20
-181.8028194789598
 30
0.0
 11
194.6222603988138
 21
-182.0222175034595
 31
0.0
  0
LINE
  5
18D8
330
242
100
AcDbEntity
  8
0
  6
Continuous
 62
     7
100
AcDbLine
 10
178.9722604009342
 20
-141.8819379010196
 30
0.0
 11
178.9722604009342
 21
-141.0818693589198
 31
0.0
  0
LINE
  5
18E2
330
242
100
AcDbEntity
  8
0
  6
Continuous
 62
     7
100
AcDbLine
 10
148.7878579707742
 20
-161.3217206037997
 30
0.0
 11
148.7354951036944
 21
-161.3217206037997
 31
0.0
  0
LINE
  5
18E3
330
242
100
AcDbEntity
  8
0
  6
Continuous
 62
     7
100
AcDbLine
 10
194.572464938334
 20
-170.8678190909394
 30
0.0
 11
194.5723329624737
 21
-170.8677551997797
 31
0.0
  0
LINE
  5
18E9
330
242
100
AcDbEntity
  8
0
  6
Continuous
 62
     7
100
AcDbLine
 10
194.5959771544542
 20
-158.5717206021599
 30
0.0
 11
194.5620434377136
 21
-158.5717206021599
 31
0.0
  0
LINE
  5
18EA
330
242
100
AcDbEntity
  8
0
  6
Continuous
 62
     7
100
AcDbLine
 10
194.572464938334
 20
-157.7756221156195
 30
0.0
 11
194.5855556538338
 21
-157.7756221156195
 31
0.0
  0
LINE
  5
18EE
330
242
100
AcDbEntity
  8
0
  6
Continuous
 62
     7
100
AcDbLine
 10
184.2722604003541
 20
-141.8819379010196
 30
0.0
 11
184.2722604003541
 21
-141.0818693589198
 31
0.0
  0
LWPOLYLINE
  5
18F3
330
242
100
AcDbEntity
  8
0
  6
Continuous
 62
     7
100
AcDbPolyline
 90
       51
 70
     0
 43
0.0
 10
174.2722603902332
 20
-141.0818727929995
 10
174.2300155013939
 20
-140.9587702121798
 10
174.1541587823934
 20
-140.8989432655398
 10
174.1069718739739
 20
-140.8838040552795
 10
174.0822963556341
 20
-140.8798951908597
 10
174.0599603728736
 20
-140.8776476743996
 10
174.0340664241533
 20
-140.8757697609598
 10
174.0028228315744
 20
-140.8740188043397
 10
173.965009056554
 20
-140.8723081956195
 10
173.9192114798737
 20
-140.8705899897594
 10
173.8639186338944
 20
-140.8688402726597
 10
173.797812248454
 20
-140.8670567456196
 10
173.7206113766936
 20
-140.8652669523998
 10
173.6326009989946
 20
-140.8635024245595
 10
173.5341399182937
 20
-140.8617870076199
 10
173.4250891813538
 20
-140.8601315880195
 10
173.3052791415742
 20
-140.8585469404397
 10
173.1746027176335
 20
-140.8570450993997
 10
173.0330213802738
 20
-140.8556393846597
 10
172.8805823963542
 20
-140.85434432502
 10
172.7174379448945
 20
-140.85317555672
 10
172.5438582539548
 20
-140.8521499148796
 10
172.3602620044342
 20
-140.8512850753595
 10
172.1676200275136
 20
-140.8506009314396
 10
171.9679332259732
 20
-140.8501176354797
 10
171.7635381813746
 20
-140.8498504604999
 10
171.5569306037335
 20
-140.8498086216195
 10
171.3506932818948
 20
-140.8499945216799
 10
171.1473966856941
 20
-140.8504048002596
 10
170.9495022326139
 20
-140.8510286496598
 10
170.7592924301546
 20
-140.8518501770999
 10
170.5783310115342
 20
-140.8528508812196
 10
170.4073463369935
 20
-140.8540128397798
 10
170.2469082123546
 20
-140.8553195859598
 10
170.0974469923533
 20
-140.8567552676194
 10
169.9592106952935
 20
-140.8583036008198
 10
169.8323684623149
 20
-140.8599496147998
 10
169.7170173264942
 20
-140.8616796875398
 10
169.613105728374
 20
-140.8634805957999
 10
169.5205225607345
 20
-140.8653402136196
 10
169.4392621288946
 20
-140.8672445557599
 10
169.3692121216739
 20
-140.8691784838197
 10
169.3100330680739
 20
-140.8711302248998
 10
169.2611692719741
 20
-140.8730958470796
 10
169.221728494874
 20
-140.8750899477395
 10
169.1904040693337
 20
-140.8771739948797
 10
169.1645032219742
 20
-140.8796248688194
 10
169.1365051956739
 20
-140.8840192669394
 10
169.0854990568944
 20
-140.90123658328
 10
169.012016475893
 20
-140.9620398525794
 10
168.9722604085939
 20
-141.0818737835997
  0
LINE
  5
18F5
330
242
100
AcDbEntity
  8
0
  6
Continuous
 62
     7
100
AcDbLine
 10
186.8722603997342
 20
-178.0717206038598
 30
0.0
 11
186.8722603997342
 21
-151.5717206042195
 31
0.0
  0
LINE
  5
18F6
330
242
100
AcDbEntity
  8
0
  6
Continuous
 62
     7
100
AcDbLine
 10
188.6033592743336
 20
-186.8523868321799
 30
0.0
 11
188.6033592743336
 21
-187.6023225789399
 31
0.0
  0
LINE
  5
18F7
330
242
100
AcDbEntity
  8
0
  6
Continuous
 62
     7
100
AcDbLine
 10
188.6033592743336
 20
-142.7910543733596
 30
0.0
 11
188.6033592743336
 21
-142.0411186291398
 31
0.0
  0
LINE
  5
18F8
330
242
100
AcDbEntity
  8
0
  6
Continuous
 62
     7
100
AcDbLine
 10
188.9721383335739
 20
-147.6215985374996
 30
0.0
 11
188.9721383335739
 21
-148.0218426696996
 31
0.0
  0
LINE
  5
18F9
330
242
100
AcDbEntity
  8
0
  6
Continuous
 62
     7
100
AcDbLine
 10
188.9721383335739
 20
-181.6215985358398
 30
0.0
 11
188.9721383335739
 21
-182.02184267058
 31
0.0
  0
LINE
  5
18FA
330
242
100
AcDbEntity
  8
0
  6
Continuous
 62
     7
100
AcDbLine
 10
189.2722604003341
 20
-147.4794795913598
 30
0.0
 11
189.2722604003341
 21
-147.6215985374996
 31
0.0
  0
LINE
  5
18FB
330
242
100
AcDbEntity
  8
0
  6
Continuous
 62
     7
100
AcDbLine
 10
189.2722604003341
 20
-181.4794795922398
 30
0.0
 11
189.2722604003341
 21
-181.6215985358398
 31
0.0
  0
LINE
  5
18FC
330
242
100
AcDbEntity
  8
0
  6
Continuous
 62
     7
100
AcDbLine
 10
189.2722604003341
 20
-182.1639616141796
 30
0.0
 11
189.2722604003341
 21
-182.02184267058
 31
0.0
  0
LINE
  5
18FD
330
242
100
AcDbEntity
  8
0
  6
Continuous
 62
     7
100
AcDbLine
 10
189.2722604003341
 20
-148.1639616158394
 30
0.0
 11
189.2722604003341
 21
-148.0218426696996
 31
0.0
  0
LINE
  5
18FF
330
242
100
AcDbEntity
  8
0
  6
Continuous
 62
     7
100
AcDbLine
 10
189.9221383334937
 20
-146.6715985375794
 30
0.0
 11
189.9221383334937
 21
-146.9717206043396
 31
0.0
  0
LINE
  5
1900
330
242
100
AcDbEntity
  8
0
  6
Continuous
 62
     7
100
AcDbLine
 10
189.9221383334937
 20
-148.6717206028597
 30
0.0
 11
189.9221383334937
 21
-148.9718426696194
 31
0.0
  0
LINE
  5
1901
330
242
100
AcDbEntity
  8
0
  6
Continuous
 62
     7
100
AcDbLine
 10
189.9221383334937
 20
-180.6715985359196
 30
0.0
 11
189.9221383334937
 21
-180.9717206026798
 31
0.0
  0
LINE
  5
1902
330
242
100
AcDbEntity
  8
0
  6
Continuous
 62
     7
100
AcDbLine
 10
189.9221383334937
 20
-182.6717206037396
 30
0.0
 11
189.9221383334937
 21
-182.9718426704998
 31
0.0
  0
LINE
  5
1903
330
242
100
AcDbEntity
  8
0
  6
Continuous
 62
     7
100
AcDbLine
 10
190.3223824656937
 20
-182.9718426704998
 30
0.0
 11
190.3223824656937
 21
-182.6717206037396
 31
0.0
  0
LINE
  5
1904
330
242
100
AcDbEntity
  8
0
  6
Continuous
 62
     7
100
AcDbLine
 10
190.3223824656937
 20
-180.9717206026798
 30
0.0
 11
190.3223824656937
 21
-180.6715985359196
 31
0.0
  0
LINE
  5
1905
330
242
100
AcDbEntity
  8
0
  6
Continuous
 62
     7
100
AcDbLine
 10
190.3223824656937
 20
-148.9718426696194
 30
0.0
 11
190.3223824656937
 21
-148.6717206028597
 31
0.0
  0
LINE
  5
1906
330
242
100
AcDbEntity
  8
0
  6
Continuous
 62
     7
100
AcDbLine
 10
190.3223824656937
 20
-146.9717206043396
 30
0.0
 11
190.3223824656937
 21
-146.6715985375794
 31
0.0
  0
LINE
  5
1907
330
242
100
AcDbEntity
  8
0
  6
Continuous
 62
     7
100
AcDbLine
 10
190.9722603988533
 20
-147.4794795913598
 30
0.0
 11
190.9722603988533
 21
-147.6215985374996
 31
0.0
  0
LINE
  5
1908
330
242
100
AcDbEntity
  8
0
  6
Continuous
 62
     7
100
AcDbLine
 10
190.9722603988533
 20
-181.4794795922398
 30
0.0
 11
190.9722603988533
 21
-181.6215985358398
 31
0.0
  0
LINE
  5
1909
330
242
100
AcDbEntity
  8
0
  6
Continuous
 62
     7
100
AcDbLine
 10
190.9722603988533
 20
-182.1639616141796
 30
0.0
 11
190.9722603988533
 21
-182.02184267058
 31
0.0
  0
LINE
  5
190A
330
242
100
AcDbEntity
  8
0
  6
Continuous
 62
     7
100
AcDbLine
 10
190.9722603988533
 20
-148.1639616158394
 30
0.0
 11
190.9722603988533
 21
-148.0218426696996
 31
0.0
  0
LINE
  5
190B
330
242
100
AcDbEntity
  8
0
  6
Continuous
 62
     7
100
AcDbLine
 10
191.2723824656135
 20
-182.02184267058
 30
0.0
 11
191.2723824656135
 21
-181.6215985358398
 31
0.0
  0
LINE
  5
190C
330
242
100
AcDbEntity
  8
0
  6
Continuous
 62
     7
100
AcDbLine
 10
191.2723824656135
 20
-148.0218426696996
 30
0.0
 11
191.2723824656135
 21
-147.6215985374996
 31
0.0
  0
LINE
  5
190D
330
242
100
AcDbEntity
  8
0
  6
Continuous
 62
     7
100
AcDbLine
 10
184.8722603992349
 20
-149.5717206037197
 30
0.0
 11
158.3722603995941
 21
-149.5717206037197
 31
0.0
  0
LINE
  5
190E
330
242
100
AcDbEntity
  8
0
  6
Continuous
 62
     7
100
AcDbLine
 10
152.9221383331344
 20
-148.9718426696194
 30
0.0
 11
153.3223824653335
 21
-148.9718426696194
 31
0.0
  0
LINE
  5
190F
330
242
100
AcDbEntity
  8
0
  6
Continuous
 62
     7
100
AcDbLine
 10
189.9221383334937
 20
-148.9718426696194
 30
0.0
 11
190.3223824656937
 21
-148.9718426696194
 31
0.0
  0
LINE
  5
1910
330
242
100
AcDbEntity
  8
0
  6
Continuous
 62
     7
100
AcDbLine
 10
190.4645014118344
 20
-148.6717206028597
 30
0.0
 11
190.3223824656937
 21
-148.6717206028597
 31
0.0
  0
LINE
  5
1911
330
242
100
AcDbEntity
  8
0
  6
Continuous
 62
     7
100
AcDbLine
 10
153.4645014114742
 20
-148.6717206028597
 30
0.0
 11
153.3223824653335
 21
-148.6717206028597
 31
0.0
  0
LINE
  5
1912
330
242
100
AcDbEntity
  8
0
  6
Continuous
 62
     7
100
AcDbLine
 10
152.7800193869946
 20
-148.6717206028597
 30
0.0
 11
152.9221383331344
 21
-148.6717206028597
 31
0.0
  0
LINE
  5
1913
330
242
100
AcDbEntity
  8
0
  6
Continuous
 62
     7
100
AcDbLine
 10
189.7800193873548
 20
-148.6717206028597
 30
0.0
 11
189.9221383334937
 21
-148.6717206028597
 31
0.0
  0
LINE
  5
1914
330
242
100
AcDbEntity
  8
0
  6
Continuous
 62
     7
100
AcDbLine
 10
151.9721383332137
 20
-148.0218426696996
 30
0.0
 11
152.2722603999739
 21
-148.0218426696996
 31
0.0
  0
LINE
  5
1915
330
242
100
AcDbEntity
  8
0
  6
Continuous
 62
     7
100
AcDbLine
 10
153.9722604010333
 20
-148.0218426696996
 30
0.0
 11
154.2723824652542
 21
-148.0218426696996
 31
0.0
  0
LINE
  5
1916
330
242
100
AcDbEntity
  8
0
  6
Continuous
 62
     7
100
AcDbLine
 10
188.9721383335739
 20
-148.0218426696996
 30
0.0
 11
189.2722604003341
 21
-148.0218426696996
 31
0.0
  0
LINE
  5
1917
330
242
100
AcDbEntity
  8
0
  6
Continuous
 62
     7
100
AcDbLine
 10
190.9722603988533
 20
-148.0218426696996
 30
0.0
 11
191.2723824656135
 21
-148.0218426696996
 31
0.0
  0
LINE
  5
1918
330
242
100
AcDbEntity
  8
0
  6
Continuous
 62
     7
100
AcDbLine
 10
149.591594171274
 20
-147.8406217291198
 30
0.0
 11
148.8416584245135
 21
-147.8406217291198
 31
0.0
  0
LINE
  5
1919
330
242
100
AcDbEntity
  8
0
  6
Continuous
 62
     7
100
AcDbLine
 10
193.6529266275532
 20
-147.8406217291198
 30
0.0
 11
194.4028623743136
 21
-147.8406217291198
 31
0.0
  0
LINE
  5
191A
330
242
100
AcDbEntity
  8
0
  6
Continuous
 62
     7
100
AcDbLine
 10
191.2723824656135
 20
-147.6215985374996
 30
0.0
 11
190.9722603988533
 21
-147.6215985374996
 31
0.0
  0
LINE
  5
191B
330
242
100
AcDbEntity
  8
0
  6
Continuous
 62
     7
100
AcDbLine
 10
189.2722604003341
 20
-147.6215985374996
 30
0.0
 11
188.9721383335739
 21
-147.6215985374996
 31
0.0
  0
LINE
  5
191C
330
242
100
AcDbEntity
  8
0
  6
Continuous
 62
     7
100
AcDbLine
 10
154.2723824652542
 20
-147.6215985374996
 30
0.0
 11
153.9722604010333
 21
-147.6215985374996
 31
0.0
  0
LINE
  5
191D
330
242
100
AcDbEntity
  8
0
  6
Continuous
 62
     7
100
AcDbLine
 10
152.2722603999739
 20
-147.6215985374996
 30
0.0
 11
151.9721383332137
 21
-147.6215985374996
 31
0.0
  0
LWPOLYLINE
  5
191E
330
242
100
AcDbEntity
  8
0
  6
Continuous
 62
     7
100
AcDbPolyline
 90
       51
 70
     0
 43
0.0
 10
184.2722603901932
 20
-141.0818727929995
 10
184.2300155013538
 20
-140.9587702121798
 10
184.1541587823543
 20
-140.8989432655398
 10
184.1069718739339
 20
-140.8838040552795
 10
184.0822963555941
 20
-140.8798951908597
 10
184.0599603728336
 20
-140.8776476743996
 10
184.0340664241132
 20
-140.8757697609598
 10
184.0028228315344
 20
-140.8740188043397
 10
183.965009056514
 20
-140.8723081956195
 10
183.9192114798336
 20
-140.8705899897594
 10
183.8639186338544
 20
-140.8688402726597
 10
183.797812248414
 20
-140.8670567456196
 10
183.7206113766545
 20
-140.8652669523998
 10
183.6326009989546
 20
-140.8635024245595
 10
183.5341399182537
 20
-140.8617870076199
 10
183.4250891813147
 20
-140.8601315880195
 10
183.3052791415342
 20
-140.8585469404397
 10
183.1746027175934
 20
-140.8570450993997
 10
183.0330213802338
 20
-140.8556393846597
 10
182.8805823963151
 20
-140.85434432502
 10
182.7174379448545
 20
-140.85317555672
 10
182.543858253913
 20
-140.8521499148796
 10
182.3602620043942
 20
-140.8512850753595
 10
182.1676200274744
 20
-140.8506009314396
 10
181.9679332259341
 20
-140.8501176354797
 10
181.7635381813346
 20
-140.8498504604999
 10
181.5569306036944
 20
-140.8498086216195
 10
181.350693281853
 20
-140.8499945216799
 10
181.147396685655
 20
-140.8504048002596
 10
180.9495022325748
 20
-140.8510286496598
 10
180.7592924301137
 20
-140.8518501770999
 10
180.5783310114941
 20
-140.8528508812196
 10
180.4073463369535
 20
-140.8540128397798
 10
180.2469082123146
 20
-140.8553195859598
 10
180.0974469923133
 20
-140.8567552676194
 10
179.9592106952535
 20
-140.8583036008198
 10
179.8323684622731
 20
-140.8599496147998
 10
179.7170173264542
 20
-140.8616796875398
 10
179.613105728334
 20
-140.8634805957999
 10
179.5205225606945
 20
-140.8653402136196
 10
179.4392621288546
 20
-140.8672445557599
 10
179.3692121216339
 20
-140.8691784838197
 10
179.3100330680339
 20
-140.8711302248998
 10
179.261169271934
 20
-140.8730958470796
 10
179.221728494834
 20
-140.8750899477395
 10
179.1904040692937
 20
-140.8771739948797
 10
179.1645032219342
 20
-140.8796248688194
 10
179.1365051956348
 20
-140.8840192669394
 10
179.0854990568544
 20
-140.90123658328
 10
179.0120164758539
 20
-140.9620398525794
 10
178.9722604085548
 20
-141.0818737835997
  0
LINE
  5
191F
330
242
100
AcDbEntity
  8
0
  6
Continuous
 62
     7
100
AcDbLine
 10
193.6529266275532
 20
-181.8028194789598
 30
0.0
 11
193.6529266275532
 21
-147.8406217291198
 31
0.0
  0
LINE
  5
1920
330
242
100
AcDbEntity
  8
0
  6
Continuous
 62
     7
100
AcDbLine
 10
194.4028623743136
 20
-181.8028194789598
 30
0.0
 11
194.4028623743136
 21
-147.8406217291198
 31
0.0
  0
LINE
  5
1921
330
242
100
AcDbEntity
  8
0
  6
Continuous
 62
     7
100
AcDbLine
 10
194.5620434377136
 20
-170.0717206044
 30
0.0
 11
194.5620434377136
 21
-158.5717206021599
 31
0.0
  0
LINE
  5
1922
330
242
100
AcDbEntity
  8
0
  6
Continuous
 62
     7
100
AcDbLine
 10
194.5959771544542
 20
-158.5717206021599
 30
0.0
 11
194.5959771544542
 21
-170.0717206044
 31
0.0
  0
LINE
  5
1923
330
242
100
AcDbEntity
  8
0
  6
Continuous
 62
     7
100
AcDbLine
 10
194.6222603988138
 20
-147.6197330878394
 30
0.0
 11
194.6222603988138
 21
-182.0237081176996
 31
0.0
  0
LINE
  5
1924
330
242
100
AcDbEntity
  8
0
  6
Continuous
 62
     7
100
AcDbLine
 10
190.4559618861142
 20
-180.5380191180397
 30
0.0
 11
190.3223824656937
 21
-180.6715985359196
 31
0.0
  0
LINE
  5
1925
330
242
100
AcDbEntity
  8
0
  6
Continuous
 62
     7
100
AcDbLine
 10
188.8385589156935
 20
-182.1554220884595
 30
0.0
 11
188.9721383335739
 21
-182.02184267058
 31
0.0
  0
LINE
  5
1926
330
242
100
AcDbEntity
  8
0
  6
Continuous
 62
     7
100
AcDbLine
 10
190.4645014118344
 20
-146.9717206043396
 30
0.0
 11
190.3223824656937
 21
-146.9717206043396
 31
0.0
  0
LINE
  5
1927
330
242
100
AcDbEntity
  8
0
  6
Continuous
 62
     7
100
AcDbLine
 10
153.4645014114742
 20
-146.9717206043396
 30
0.0
 11
153.3223824653335
 21
-146.9717206043396
 31
0.0
  0
LINE
  5
1928
330
242
100
AcDbEntity
  8
0
  6
Continuous
 62
     7
100
AcDbLine
 10
152.7800193869946
 20
-146.9717206043396
 30
0.0
 11
152.9221383331344
 21
-146.9717206043396
 31
0.0
  0
LINE
  5
1929
330
242
100
AcDbEntity
  8
0
  6
Continuous
 62
     7
100
AcDbLine
 10
189.7800193873548
 20
-146.9717206043396
 30
0.0
 11
189.9221383334937
 21
-146.9717206043396
 31
0.0
  0
LINE
  5
192A
330
242
100
AcDbEntity
  8
0
  6
Continuous
 62
     7
100
AcDbLine
 10
190.3223824656937
 20
-146.6715985375794
 30
0.0
 11
189.9221383334937
 21
-146.6715985375794
 31
0.0
  0
LINE
  5
192B
330
242
100
AcDbEntity
  8
0
  6
Continuous
 62
     7
100
AcDbLine
 10
153.3223824653335
 20
-146.6715985375794
 30
0.0
 11
152.9221383331344
 21
-146.6715985375794
 31
0.0
  0
LINE
  5
192C
330
242
100
AcDbEntity
  8
0
  6
Continuous
 62
     7
100
AcDbLine
 10
191.4059618860331
 20
-181.4880191179599
 30
0.0
 11
191.2723824656135
 21
-181.6215985358398
 31
0.0
  0
LINE
  5
192D
330
242
100
AcDbEntity
  8
0
  6
Continuous
 62
     7
100
AcDbLine
 10
189.7885589156142
 20
-183.1054220883797
 30
0.0
 11
189.9221383334937
 21
-182.9718426704998
 31
0.0
  0
LINE
  5
192E
330
242
100
AcDbEntity
  8
0
  6
Continuous
 62
     7
100
AcDbLine
 10
188.6033592743336
 20
-142.7910543733596
 30
0.0
 11
154.6411615244936
 21
-142.7910543733596
 31
0.0
  0
LINE
  5
192F
330
242
100
AcDbEntity
  8
0
  6
Continuous
 62
     7
100
AcDbLine
 10
188.6033592743336
 20
-142.0411186291398
 30
0.0
 11
154.6411615244936
 21
-142.0411186291398
 31
0.0
  0
LINE
  5
1930
330
242
100
AcDbEntity
  8
0
  6
Continuous
 62
     7
100
AcDbLine
 10
178.9722604009342
 20
-141.8217206020999
 30
0.0
 11
174.2722604003932
 21
-141.8217206020999
 31
0.0
  0
LINE
  5
1931
330
242
100
AcDbEntity
  8
0
  6
Continuous
 62
     7
100
AcDbLine
 10
168.9722604009742
 20
-141.8217206020999
 30
0.0
 11
164.2722604004332
 21
-141.8217206020999
 31
0.0
  0
LINE
  5
1932
330
242
100
AcDbEntity
  8
0
  6
Continuous
 62
     7
100
AcDbLine
 10
154.4202728857547
 20
-141.8217206020999
 30
0.0
 11
158.9722604010133
 21
-141.8217206020999
 31
0.0
  0
LINE
  5
1933
330
242
100
AcDbEntity
  8
0
  6
Continuous
 62
     7
100
AcDbLine
 10
184.2722604003541
 20
-141.8217206020999
 30
0.0
 11
188.8242479156145
 21
-141.8217206020999
 31
0.0
  0
LINE
  5
1934
330
242
100
AcDbEntity
  8
0
  6
Continuous
 62
     7
100
AcDbLine
 10
190.4559618861142
 20
-149.1054220874998
 30
0.0
 11
190.3223824656937
 21
-148.9718426696194
 31
0.0
  0
LINE
  5
1935
330
242
100
AcDbEntity
  8
0
  6
Continuous
 62
     7
100
AcDbLine
 10
188.8385589156935
 20
-147.4880191170795
 30
0.0
 11
188.9721383335739
 21
-147.6215985374996
 31
0.0
  0
LINE
  5
1936
330
242
100
AcDbEntity
  8
0
  6
Continuous
 62
     7
100
AcDbLine
 10
191.4059618860331
 20
-148.1554220875795
 30
0.0
 11
191.2723824656135
 21
-148.0218426696996
 31
0.0
  0
LINE
  5
1937
330
242
100
AcDbEntity
  8
0
  6
Continuous
 62
     7
100
AcDbLine
 10
189.7885589156142
 20
-146.5380191171593
 30
0.0
 11
189.9221383334937
 21
-146.6715985375794
 31
0.0
  0
ARC
  5
1938
330
242
100
AcDbEntity
  8
0
  6
Continuous
 62
     7
100
AcDbCircle
 10
46.24692401063413
 20
-181.7767206030398
 30
0.0
 40
4.799190670839999
100
AcDbArc
 50
180.0
 51
270.0
  0
ARC
  5
1939
330
242
100
AcDbEntity
  8
0
  6
Continuous
 62
     7
100
AcDbCircle
 10
46.24692401063413
 20
-181.7767206030398
 30
0.0
 40
4.77475357976
100
AcDbArc
 50
180.0
 51
270.0
  0
ARC
  5
193A
330
242
100
AcDbEntity
  8
0
  6
Continuous
 62
     7
100
AcDbCircle
 10
46.24692401063413
 20
-181.7767206030398
 30
0.0
 40
4.695000000379999
100
AcDbArc
 50
180.0
 51
270.0
  0
ARC
  5
194C
330
242
100
AcDbEntity
  8
0
  6
Continuous
 62
     7
100
AcDbCircle
 10
46.24692401063413
 20
-147.8667206024997
 30
0.0
 40
4.799190670839999
100
AcDbArc
 50
90.0
 51
180.0
  0
ARC
  5
194D
330
242
100
AcDbEntity
  8
0
  6
Continuous
 62
     7
100
AcDbCircle
 10
46.24692401063413
 20
-147.8667206024997
 30
0.0
 40
4.77475357976
100
AcDbArc
 50
90.0
 51
180.0
  0
ARC
  5
194E
102
{ACAD_REACTORS
330
1D7B
102
}
330
242
100
AcDbEntity
  8
0
  6
Continuous
 62
     7
100
AcDbCircle
 10
46.24692401063413
 20
-147.8667206024997
 30
0.0
 40
4.695000000379999
100
AcDbArc
 50
90.0
 51
180.0
  0
ARC
  5
1951
330
242
100
AcDbEntity
  8
0
  6
Continuous
 62
     7
100
AcDbCircle
 10
80.15692400863491
 20
-181.7767206030398
 30
0.0
 40
4.799190670839999
100
AcDbArc
 50
270.0
 51
0.0
  0
ARC
  5
1952
330
242
100
AcDbEntity
  8
0
  6
Continuous
 62
     7
100
AcDbCircle
 10
80.15692400863491
 20
-181.7767206030398
 30
0.0
 40
4.77475357976
100
AcDbArc
 50
270.0
 51
0.0
  0
ARC
  5
1953
330
242
100
AcDbEntity
  8
0
  6
Continuous
 62
     7
100
AcDbCircle
 10
80.15692400863491
 20
-181.7767206030398
 30
0.0
 40
4.695000000379999
100
AcDbArc
 50
270.0
 51
0.0
  0
ARC
  5
1954
330
242
100
AcDbEntity
  8
0
  6
Continuous
 62
     7
100
AcDbCircle
 10
80.15692400863491
 20
-147.8667206024997
 30
0.0
 40
4.799190670839999
100
AcDbArc
 50
0.0
 51
90.0
  0
ARC
  5
1955
330
242
100
AcDbEntity
  8
0
  6
Continuous
 62
     7
100
AcDbCircle
 10
80.15692400863491
 20
-147.8667206024997
 30
0.0
 40
4.77475357976
100
AcDbArc
 50
0.0
 51
90.0
  0
ARC
  5
1956
102
{ACAD_REACTORS
330
1E45
102
}
330
242
100
AcDbEntity
  8
0
  6
Continuous
 62
     7
100
AcDbCircle
 10
80.15692400863491
 20
-147.8667206024997
 30
0.0
 40
4.695000000379999
100
AcDbArc
 50
0.0
 51
90.0
  0
ARC
  5
1957
330
242
100
AcDbEntity
  8
0
  6
Continuous
 62
     7
100
AcDbCircle
 10
-1.98934398958562
 20
-186.8523868321799
 30
0.0
 40
0.75000000114
100
AcDbArc
 50
180.0
 51
269.2500000000008
  0
ARC
  5
1958
330
242
100
AcDbEntity
  8
0
  6
Continuous
 62
     7
100
AcDbCircle
 10
-1.98934398958562
 20
-142.7910543733596
 30
0.0
 40
0.75000000114
100
AcDbArc
 50
90.74999999999917
 51
180.0
  0
ARC
  5
1959
330
242
100
AcDbEntity
  8
0
  6
Continuous
 62
     7
100
AcDbCircle
 10
7.710666582413352
 20
-141.1139414766398
 30
0.0
 40
0.19999999878
100
AcDbArc
 50
90.74999999999917
 51
179.9999935172992
  0
ARC
  5
195A
330
242
100
AcDbEntity
  8
0
  6
Continuous
 62
     7
100
AcDbCircle
 10
19.26065600969315
 20
-187.2037125608198
 30
0.0
 40
0.50000000076
100
AcDbArc
 50
271.4999999999994
 51
0.0
  0
ARC
  5
195B
330
242
100
AcDbEntity
  8
0
  6
Continuous
 62
     7
100
AcDbCircle
 10
11.96065600977482
 20
-170.0717206044
 30
0.0
 40
0.50000000076
100
AcDbArc
 50
270.0
 51
0.0
  0
ARC
  5
195C
330
242
100
AcDbEntity
  8
0
  6
Continuous
 62
     7
100
AcDbCircle
 10
10.96065601079436
 20
-170.0717206044
 30
0.0
 40
0.50000000076
100
AcDbArc
 50
180.0
 51
270.0
  0
ARC
  5
195E
330
242
100
AcDbEntity
  8
0
  6
Continuous
 62
     7
100
AcDbCircle
 10
11.26065780855452
 20
-170.3456755174997
 30
0.0
 40
0.29999999944
100
AcDbArc
 50
180.0
 51
229.3605423151011
  0
ARC
  5
1961
330
242
100
AcDbEntity
  8
0
  6
Continuous
 62
     7
100
AcDbCircle
 10
11.26065780855452
 20
-170.3456755174997
 30
0.0
 40
0.18000000068
100
AcDbArc
 50
179.9999998423996
 51
270.0000000758008
  0
ARC
  5
1963
330
242
100
AcDbEntity
  8
0
  6
Continuous
 62
     7
100
AcDbCircle
 10
11.81065780837372
 20
-168.3468743614393
 30
0.0
 40
0.14999999972
100
AcDbArc
 50
270.0
 51
318.1896852116992
  0
ARC
  5
1964
330
242
100
AcDbEntity
  8
0
  6
Continuous
 62
     7
100
AcDbCircle
 10
11.26065780855452
 20
-170.3456781235394
 30
0.0
 40
0.14999999972
100
AcDbArc
 50
180.0
 51
270.0
  0
CIRCLE
  5
1966
330
242
100
AcDbEntity
  8
0
  6
Continuous
 62
     7
100
AcDbCircle
 10
11.31065601183337
 20
-151.8217206020594
 30
0.0
 40
0.75000000114
  0
ARC
  5
1967
330
242
100
AcDbEntity
  8
0
  6
Continuous
 62
     7
100
AcDbCircle
 10
19.26065600969315
 20
-142.4397286472598
 30
0.0
 40
0.50000000076
100
AcDbArc
 50
0.0
 51
88.50000000000054
  0
ARC
  5
1968
330
242
100
AcDbEntity
  8
0
  6
Continuous
 62
     7
100
AcDbCircle
 10
10.96065601079436
 20
-158.5717206021599
 30
0.0
 40
0.50000000076
100
AcDbArc
 50
90.0
 51
180.0
  0
ARC
  5
1969
330
242
100
AcDbEntity
  8
0
  6
Continuous
 62
     7
100
AcDbCircle
 10
11.96065600977482
 20
-158.5717206021599
 30
0.0
 40
0.50000000076
100
AcDbArc
 50
0.0
 51
90.0
  0
ARC
  5
196A
330
242
100
AcDbEntity
  8
0
  6
Continuous
 62
     7
100
AcDbCircle
 10
12.61064543877393
 20
-141.0497972386596
 30
0.0
 40
0.19999999878
100
AcDbArc
 50
359.9999935172992
 51
90.74999999999917
  0
ARC
  5
1970
330
242
100
AcDbEntity
  8
0
  6
Continuous
 62
     7
100
AcDbCircle
 10
40.81993205285499
 20
-117.3043210965242
 30
0.0
 40
0.50000000076
100
AcDbArc
 50
181.4999999999998
 51
270.0
  0
CIRCLE
  5
1978
330
242
100
AcDbEntity
  8
0
  6
Continuous
 62
     7
100
AcDbCircle
 10
53.20192400967454
 20
-108.2043210948841
 30
0.0
 40
2.800000000699999
  0
CIRCLE
  5
1979
102
{ACAD_REACTORS
330
1E2F
102
}
330
242
100
AcDbEntity
  8
0
  6
Continuous
 62
     7
100
AcDbCircle
 10
53.20192400967454
 20
-108.2043210948841
 30
0.0
 40
2.650000000979999
  0
ARC
  5
1985
330
242
100
AcDbEntity
  8
0
  6
Continuous
 62
     7
100
AcDbCircle
 10
41.17125778149357
 20
-96.05432109470436
 30
0.0
 40
0.75000000114
100
AcDbArc
 50
90.0
 51
179.2499999999988
  0
CIRCLE
  5
1986
330
242
100
AcDbEntity
  8
0
  6
Continuous
 62
     7
100
AcDbCircle
 10
63.20192400963453
 20
-108.2043210948841
 30
0.0
 40
2.800000000699999
  0
CIRCLE
  5
1987
330
242
100
AcDbEntity
  8
0
  6
Continuous
 62
     7
100
AcDbCircle
 10
73.20192400959451
 20
-108.2043210948841
 30
0.0
 40
2.800000000699999
  0
CIRCLE
  5
1988
330
242
100
AcDbEntity
  8
0
  6
Continuous
 62
     7
100
AcDbCircle
 10
63.20192400963453
 20
-108.2043210948841
 30
0.0
 40
2.650000000979999
  0
CIRCLE
  5
1989
330
242
100
AcDbEntity
  8
0
  6
Continuous
 62
     7
100
AcDbCircle
 10
73.20192400959451
 20
-108.2043210948841
 30
0.0
 40
2.650000000979999
  0
ARC
  5
198A
330
242
100
AcDbEntity
  8
0
  6
Continuous
 62
     7
100
AcDbCircle
 10
85.58391596641405
 20
-117.3043210965242
 30
0.0
 40
0.50000000076
100
AcDbArc
 50
270.0
 51
358.5000000000001
  0
ARC
  5
198B
330
242
100
AcDbEntity
  8
0
  6
Continuous
 62
     7
100
AcDbCircle
 10
85.23259023777455
 20
-96.05432109470436
 30
0.0
 40
0.75000000114
100
AcDbArc
 50
0.7500000000012048
 51
90.0
  0
ARC
  5
198C
330
242
100
AcDbEntity
  8
0
  6
Continuous
 62
     7
100
AcDbCircle
 10
107.9014131931547
 20
-187.2037125608198
 30
0.0
 40
0.50000000076
100
AcDbArc
 50
180.0
 51
268.5000000000006
  0
CIRCLE
  5
1990
330
242
100
AcDbEntity
  8
0
  6
Continuous
 62
     7
100
AcDbCircle
 10
115.8514131935538
 20
-151.8217206020594
 30
0.0
 40
0.75000000114
  0
ARC
  5
1991
330
242
100
AcDbEntity
  8
0
  6
Continuous
 62
     7
100
AcDbCircle
 10
107.9014131931547
 20
-142.4397286472598
 30
0.0
 40
0.50000000076
100
AcDbArc
 50
91.49999999999947
 51
180.0
  0
ARC
  5
1992
330
242
100
AcDbEntity
  8
0
  6
Continuous
 62
     7
100
AcDbCircle
 10
114.5514237640748
 20
-141.0497972386596
 30
0.0
 40
0.19999999878
100
AcDbArc
 50
89.25000000000084
 51
180.0000064827008
  0
CIRCLE
  5
1998
330
242
100
AcDbEntity
  8
0
  6
Continuous
 62
     7
100
AcDbCircle
 10
127.0514131938146
 20
-181.1217206023997
 30
0.0
 40
0.9999999989799999
  0
ARC
  5
1999
330
242
100
AcDbEntity
  8
0
  6
Continuous
 62
     7
100
AcDbCircle
 10
129.1514131924335
 20
-186.8523868321799
 30
0.0
 40
0.75000000114
100
AcDbArc
 50
270.7499999999992
 51
0.0
  0
ARC
  5
199A
330
242
100
AcDbEntity
  8
0
  6
Continuous
 62
     7
100
AcDbCircle
 10
122.5514131945941
 20
-169.8217206040198
 30
0.0
 40
0.50000000076
100
AcDbArc
 50
90.0
 51
270.0
  0
ARC
  5
199B
330
242
100
AcDbEntity
  8
0
  6
Continuous
 62
     7
100
AcDbCircle
 10
123.5514131935745
 20
-169.8217206040198
 30
0.0
 40
0.50000000076
100
AcDbArc
 50
270.0
 51
90.0
  0
ARC
  5
199C
330
242
100
AcDbEntity
  8
0
  6
Continuous
 62
     7
100
AcDbCircle
 10
120.801413194474
 20
-167.8217206035196
 30
0.0
 40
0.50000000076
100
AcDbArc
 50
90.0
 51
270.0
  0
ARC
  5
199D
330
242
100
AcDbEntity
  8
0
  6
Continuous
 62
     7
100
AcDbCircle
 10
125.3014131936937
 20
-167.8217206035196
 30
0.0
 40
0.50000000076
100
AcDbArc
 50
270.0
 51
90.0
  0
ARC
  5
199E
330
242
100
AcDbEntity
  8
0
  6
Continuous
 62
     7
100
AcDbCircle
 10
121.8014131934545
 20
-165.8217206030198
 30
0.0
 40
0.50000000076
100
AcDbArc
 50
90.0
 51
270.0
  0
ARC
  5
199F
330
242
100
AcDbEntity
  8
0
  6
Continuous
 62
     7
100
AcDbCircle
 10
124.301413194715
 20
-165.8217206030198
 30
0.0
 40
0.50000000076
100
AcDbArc
 50
270.0
 51
90.0
  0
ARC
  5
19A0
330
242
100
AcDbEntity
  8
0
  6
Continuous
 62
     7
100
AcDbCircle
 10
129.1514131924335
 20
-142.7910543733596
 30
0.0
 40
0.75000000114
100
AcDbArc
 50
0.0
 51
89.25000000000084
  0
ARC
  5
19A1
330
242
100
AcDbEntity
  8
0
  6
Continuous
 62
     7
100
AcDbCircle
 10
119.8014131929542
 20
-163.8217206025196
 30
0.0
 40
0.50000000076
100
AcDbArc
 50
90.0
 51
270.0
  0
ARC
  5
19A2
330
242
100
AcDbEntity
  8
0
  6
Continuous
 62
     7
100
AcDbCircle
 10
126.3014131926741
 20
-163.8217206025196
 30
0.0
 40
0.50000000076
100
AcDbArc
 50
270.0
 51
90.0
  0
ARC
  5
19A3
330
242
100
AcDbEntity
  8
0
  6
Continuous
 62
     7
100
AcDbCircle
 10
121.0514131948542
 20
-161.8217206020198
 30
0.0
 40
0.50000000076
100
AcDbArc
 50
90.0
 51
270.0
  0
ARC
  5
19A4
330
242
100
AcDbEntity
  8
0
  6
Continuous
 62
     7
100
AcDbCircle
 10
125.0514131933135
 20
-161.8217206020198
 30
0.0
 40
0.50000000076
100
AcDbArc
 50
270.0
 51
90.0
  0
ARC
  5
19A5
330
242
100
AcDbEntity
  8
0
  6
Continuous
 62
     7
100
AcDbCircle
 10
122.5514131945941
 20
-159.8217206040598
 30
0.0
 40
0.50000000076
100
AcDbArc
 50
90.0
 51
270.0
  0
ARC
  5
19A6
330
242
100
AcDbEntity
  8
0
  6
Continuous
 62
     7
100
AcDbCircle
 10
123.5514131935745
 20
-159.8217206040598
 30
0.0
 40
0.50000000076
100
AcDbArc
 50
270.0
 51
90.0
  0
ARC
  5
19A7
330
242
100
AcDbEntity
  8
0
  6
Continuous
 62
     7
100
AcDbCircle
 10
119.4514026229738
 20
-141.1139414766398
 30
0.0
 40
0.19999999878
100
AcDbArc
 50
0.000006482700798
 51
89.25000000000084
  0
ARC
  5
19A8
330
242
100
AcDbEntity
  8
0
  6
Continuous
 62
     7
100
AcDbCircle
 10
41.17125778149357
 20
-224.0148745162
 30
0.0
 40
0.75000000114
100
AcDbArc
 50
180.7499999999992
 51
270.0
  0
ARC
  5
19B1
330
242
100
AcDbEntity
  8
0
  6
Continuous
 62
     7
100
AcDbCircle
 10
40.81993205285499
 20
-202.7648745169194
 30
0.0
 40
0.50000000076
100
AcDbArc
 50
90.0
 51
178.5000000000001
  0
ARC
  5
19B8
330
242
100
AcDbEntity
  8
0
  6
Continuous
 62
     7
100
AcDbCircle
 10
60.01192400915289
 20
-211.1848745171196
 30
0.0
 40
1.530000000699999
100
AcDbArc
 50
180.0
 51
270.0
  0
ARC
  5
19B9
330
242
100
AcDbEntity
  8
0
  6
Continuous
 62
     7
100
AcDbCircle
 10
60.01265504655413
 20
-211.1843954477194
 30
0.0
 40
1.28000000032
100
AcDbArc
 50
180.0
 51
270.0
  0
ARC
  5
19BA
330
242
100
AcDbEntity
  8
0
  6
Continuous
 62
     7
100
AcDbCircle
 10
60.01265504655413
 20
-211.1843954477194
 30
0.0
 40
1.079999998999999
100
AcDbArc
 50
180.0000000080995
 51
269.9999999725998
  0
ARC
  5
19BB
330
242
100
AcDbEntity
  8
0
  6
Continuous
 62
     7
100
AcDbCircle
 10
60.01264341335474
 20
-211.1843954477194
 30
0.0
 40
0.9800000008800001
100
AcDbArc
 50
180.0
 51
270.0
  0
ARC
  5
19BC
330
242
100
AcDbEntity
  8
0
  6
Continuous
 62
     7
100
AcDbCircle
 10
60.01208154249463
 20
-211.1843954477194
 30
0.0
 40
0.9600000002399998
100
AcDbArc
 50
180.0
 51
270.0
  0
ARC
  5
19BD
330
242
100
AcDbEntity
  8
0
  6
Continuous
 62
     7
100
AcDbCircle
 10
60.01209899229372
 20
-211.1843954477194
 30
0.0
 40
0.8100000005199998
100
AcDbArc
 50
180.0000000283007
 51
270.0000000366009
  0
ARC
  5
19BE
330
242
100
AcDbEntity
  8
0
  6
Continuous
 62
     7
100
AcDbCircle
 10
60.30725836133417
 20
-211.0343954479999
 30
0.0
 40
0.4499999991600001
100
AcDbArc
 50
180.0
 51
270.0
  0
ARC
  5
19BF
330
242
100
AcDbEntity
  8
0
  6
Continuous
 62
     7
100
AcDbCircle
 10
61.2960909734532
 20
-212.0643954479396
 30
0.0
 40
0.4000000001
100
AcDbArc
 50
23.74949463309993
 51
90.0
  0
ARC
  5
19C0
330
242
100
AcDbEntity
  8
0
  6
Continuous
 62
     7
100
AcDbCircle
 10
61.10810699331461
 20
-212.0643954479396
 30
0.0
 40
0.4000000001
100
AcDbArc
 50
90.0
 51
156.2505053669996
  0
ARC
  5
19C1
330
242
100
AcDbEntity
  8
0
  6
Continuous
 62
     7
100
AcDbCircle
 10
60.30601188173415
 20
-211.0357510967996
 30
0.0
 40
0.21787207632
100
AcDbArc
 50
226.880828239999
 51
228.2674538886986
  0
ARC
  5
19C2
330
242
100
AcDbEntity
  8
0
  6
Continuous
 62
     7
100
AcDbCircle
 10
61.12684463173383
 20
-212.3648739681398
 30
0.0
 40
0.14999999972
100
AcDbArc
 50
223.3616184273989
 51
270.0
  0
ARC
  5
19C3
330
242
100
AcDbEntity
  8
0
  6
Continuous
 62
     7
100
AcDbCircle
 10
60.4518172975134
 20
-212.1643954485993
 30
0.0
 40
0.14999999972
100
AcDbArc
 50
3.488438664300315
 51
7.296503196700691
  0
ARC
  5
19C4
330
242
100
AcDbEntity
  8
0
  6
Continuous
 62
     7
100
AcDbCircle
 10
61.2960909734532
 20
-212.0643954479396
 30
0.0
 40
0.10000000066
100
AcDbArc
 50
23.74949463649851
 51
90.0
  0
ARC
  5
19C5
330
242
100
AcDbEntity
  8
0
  6
Continuous
 62
     7
100
AcDbCircle
 10
61.84235098075379
 20
-212.0643954479396
 30
0.0
 40
0.10000000066
100
AcDbArc
 50
203.7494946396009
 51
270.0
  0
ARC
  5
19C6
330
242
100
AcDbEntity
  8
0
  6
Continuous
 62
     7
100
AcDbCircle
 10
60.56184698601402
 20
-212.0643954479396
 30
0.0
 40
0.10000000066
100
AcDbArc
 50
270.0
 51
336.250505360201
  0
ARC
  5
19C7
330
242
100
AcDbEntity
  8
0
  6
Continuous
 62
     7
100
AcDbCircle
 10
61.10810699331461
 20
-212.0643954479396
 30
0.0
 40
0.10000000066
100
AcDbArc
 50
90.0
 51
156.2505053636991
  0
ARC
  5
19C8
330
242
100
AcDbEntity
  8
0
  6
Continuous
 62
     7
100
AcDbCircle
 10
60.07708154203493
 20
-212.0777287816999
 30
0.0
 40
0.09666666722
100
AcDbArc
 50
223.6028191690989
 51
243.7084448837996
  0
ARC
  5
19C9
330
242
100
AcDbEntity
  8
0
  6
Continuous
 62
     7
100
AcDbCircle
 10
60.13708154141415
 20
-212.0777287816999
 30
0.0
 40
0.09666666722
100
AcDbArc
 50
296.2915551162985
 51
316.3971808309011
  0
ARC
  5
19CA
330
242
100
AcDbEntity
  8
0
  6
Continuous
 62
     7
100
AcDbCircle
 10
61.81902185799327
 20
-211.1961197067198
 30
0.0
 40
0.04149901276
100
AcDbArc
 50
177.6434364136007
 51
179.9808080328003
  0
ARC
  5
19CB
330
242
100
AcDbEntity
  8
0
  6
Continuous
 62
     7
100
AcDbCircle
 10
62.08603376237471
 20
-211.19610787286
 30
0.0
 40
0.0414890839
100
AcDbArc
 50
0.002941182200665
 51
2.340772375100578
  0
ARC
  5
19CC
330
242
100
AcDbEntity
  8
0
  6
Continuous
 62
     7
100
AcDbCircle
 10
60.01192400915289
 20
-210.5848745182393
 30
0.0
 40
1.530000000699999
100
AcDbArc
 50
90.0
 51
180.0
  0
ARC
  5
19CD
330
242
100
AcDbEntity
  8
0
  6
Continuous
 62
     7
100
AcDbCircle
 10
60.01265504655413
 20
-210.5843954462998
 30
0.0
 40
1.28000000032
100
AcDbArc
 50
90.0
 51
180.0
  0
ARC
  5
19CE
330
242
100
AcDbEntity
  8
0
  6
Continuous
 62
     7
100
AcDbCircle
 10
60.01265504655413
 20
-210.5843954462998
 30
0.0
 40
1.079999998999999
100
AcDbArc
 50
89.9999999591
 51
180.0000000516005
  0
ARC
  5
19CF
330
242
100
AcDbEntity
  8
0
  6
Continuous
 62
     7
100
AcDbCircle
 10
60.01264341335474
 20
-210.5843954462998
 30
0.0
 40
0.9800000008800001
100
AcDbArc
 50
90.0
 51
180.0
  0
ARC
  5
19D0
330
242
100
AcDbEntity
  8
0
  6
Continuous
 62
     7
100
AcDbCircle
 10
60.01208154249463
 20
-210.5843954462998
 30
0.0
 40
0.9600000002399998
100
AcDbArc
 50
90.0
 51
180.0
  0
ARC
  5
19D1
330
242
100
AcDbEntity
  8
0
  6
Continuous
 62
     7
100
AcDbCircle
 10
60.01209899229372
 20
-210.5843954462998
 30
0.0
 40
0.8100000005199998
100
AcDbArc
 50
90.00000004440115
 51
179.9999999717998
  0
ARC
  5
19D2
330
242
100
AcDbEntity
  8
0
  6
Continuous
 62
     7
100
AcDbCircle
 10
60.30725836133417
 20
-210.73439544856
 30
0.0
 40
0.4499999991600001
100
AcDbArc
 50
90.0
 51
180.0
  0
ARC
  5
19D3
330
242
100
AcDbEntity
  8
0
  6
Continuous
 62
     7
100
AcDbCircle
 10
61.2960909734532
 20
-209.7043954486198
 30
0.0
 40
0.4000000001
100
AcDbArc
 50
270.0
 51
336.2505053669997
  0
ARC
  5
19D4
330
242
100
AcDbEntity
  8
0
  6
Continuous
 62
     7
100
AcDbCircle
 10
61.10810699331461
 20
-209.7043954486198
 30
0.0
 40
0.4000000001
100
AcDbArc
 50
203.7494946330999
 51
270.0
  0
ARC
  5
19D7
330
242
100
AcDbEntity
  8
0
  6
Continuous
 62
     7
100
AcDbCircle
 10
60.30969550911351
 20
-210.7369708053592
 30
0.0
 40
0.22309330032
100
AcDbArc
 50
131.7728785448993
 51
133.1227016297992
  0
ARC
  5
19DA
330
242
100
AcDbEntity
  8
0
  6
Continuous
 62
     7
100
AcDbCircle
 10
61.2960909734532
 20
-209.7043954486198
 30
0.0
 40
0.10000000066
100
AcDbArc
 50
270.0
 51
336.2505053636992
  0
ARC
  5
19DB
330
242
100
AcDbEntity
  8
0
  6
Continuous
 62
     7
100
AcDbCircle
 10
61.84235098075379
 20
-209.7043954486198
 30
0.0
 40
0.10000000066
100
AcDbArc
 50
90.0
 51
156.2505053608996
  0
ARC
  5
19DC
330
242
100
AcDbEntity
  8
0
  6
Continuous
 62
     7
100
AcDbCircle
 10
60.56184698601402
 20
-209.7043954486198
 30
0.0
 40
0.10000000066
100
AcDbArc
 50
23.74949463889919
 51
90.0
  0
ARC
  5
19DD
330
242
100
AcDbEntity
  8
0
  6
Continuous
 62
     7
100
AcDbCircle
 10
61.10810699331461
 20
-209.7043954486198
 30
0.0
 40
0.10000000066
100
AcDbArc
 50
203.7494946367985
 51
270.0
  0
ARC
  5
19DE
330
242
100
AcDbEntity
  8
0
  6
Continuous
 62
     7
100
AcDbCircle
 10
60.07708154203493
 20
-209.6910621148599
 30
0.0
 40
0.09666666722
100
AcDbArc
 50
116.2915551162003
 51
136.3971808309011
  0
ARC
  5
19DF
330
242
100
AcDbEntity
  8
0
  6
Continuous
 62
     7
100
AcDbCircle
 10
60.13708154141415
 20
-209.6910621148599
 30
0.0
 40
0.09666666722
100
AcDbArc
 50
43.60281916909891
 51
63.70844488370151
  0
ARC
  5
19E0
330
242
100
AcDbEntity
  8
0
  6
Continuous
 62
     7
100
AcDbCircle
 10
61.81902189101339
 20
-210.5726711872994
 30
0.0
 40
0.0414990153
100
AcDbArc
 50
180.0191913872007
 51
182.3565606001006
  0
ARC
  5
19E1
330
242
100
AcDbEntity
  8
0
  6
Continuous
 62
     7
100
AcDbCircle
 10
62.08603384111512
 20
-210.5726830211597
 30
0.0
 40
0.0414890331
100
AcDbArc
 50
357.6592258093997
 51
359.9970441367998
  0
ARC
  5
19E2
330
242
100
AcDbEntity
  8
0
  6
Continuous
 62
     7
100
AcDbCircle
 10
59.06277874971448
 20
-209.4891938622595
 30
0.0
 40
0.03048
100
AcDbArc
 50
181.9281541728988
 51
270.000000000101
  0
ARC
  5
19E3
330
242
100
AcDbEntity
  8
0
  6
Continuous
 62
     7
100
AcDbCircle
 10
59.6114187725737
 20
-209.2453538520999
 30
0.0
 40
0.03048
100
AcDbArc
 50
0.0
 51
90.00000000019866
  0
CIRCLE
  5
19E4
330
242
100
AcDbEntity
  8
0
  6
Continuous
 62
     7
100
AcDbCircle
 10
81.00192401027408
 20
-221.9148745175802
 30
0.0
 40
0.9999999989799999
  0
ARC
  5
19E5
330
242
100
AcDbEntity
  8
0
  6
Continuous
 62
     7
100
AcDbCircle
 10
85.23259023777455
 20
-224.0148745162
 30
0.0
 40
0.75000000114
100
AcDbArc
 50
270.0
 51
359.2499999999987
  0
ARC
  5
19E6
330
242
100
AcDbEntity
  8
0
  6
Continuous
 62
     7
100
AcDbCircle
 10
63.20192400963453
 20
-211.8648745185596
 30
0.0
 40
3.249999999859999
100
AcDbArc
 50
190.6337339160002
 51
195.0089897145989
  0
ARC
  5
19E7
330
242
100
AcDbEntity
  8
0
  6
Continuous
 62
     7
100
AcDbCircle
 10
63.20192400963453
 20
-211.8648745185596
 30
0.0
 40
3.249999999859999
100
AcDbArc
 50
344.9910102854011
 51
349.3715503020001
  0
ARC
  5
19E8
330
242
100
AcDbEntity
  8
0
  6
Continuous
 62
     7
100
AcDbCircle
 10
63.20192400963453
 20
-211.8648745185596
 30
0.0
 40
1.949999998899999
100
AcDbArc
 50
333.676872688801
 51
340.2420593699001
  0
ARC
  5
19E9
330
242
100
AcDbEntity
  8
0
  6
Continuous
 62
     7
100
AcDbCircle
 10
63.20192400963453
 20
-211.8648745185596
 30
0.0
 40
1.949999998899999
100
AcDbArc
 50
199.7579406300998
 51
206.323127311199
  0
ARC
  5
19EA
330
242
100
AcDbEntity
  8
0
  6
Continuous
 62
     7
100
AcDbCircle
 10
65.10810696637446
 20
-212.0643954479396
 30
0.0
 40
0.4000000001
100
AcDbArc
 50
90.0
 51
156.2505053669996
  0
ARC
  5
19EB
330
242
100
AcDbEntity
  8
0
  6
Continuous
 62
     7
100
AcDbCircle
 10
64.56184695907478
 20
-212.0643954479396
 30
0.0
 40
0.10000000066
100
AcDbArc
 50
270.0
 51
336.250505360201
  0
ARC
  5
19EC
330
242
100
AcDbEntity
  8
0
  6
Continuous
 62
     7
100
AcDbCircle
 10
65.10810696637446
 20
-212.0643954479396
 30
0.0
 40
0.10000000066
100
AcDbArc
 50
90.0
 51
156.2505053635014
  0
ARC
  5
19ED
330
242
100
AcDbEntity
  8
0
  6
Continuous
 62
     7
100
AcDbCircle
 10
64.31902184655365
 20
-211.1961197067198
 30
0.0
 40
0.04149901276
100
AcDbArc
 50
177.6434364136007
 51
179.9808080328003
  0
ARC
  5
19EE
330
242
100
AcDbEntity
  8
0
  6
Continuous
 62
     7
100
AcDbCircle
 10
64.5860337560137
 20
-211.19610787286
 30
0.0
 40
0.04148907628
100
AcDbArc
 50
0.0028542822000804
 51
2.340772212900462
  0
ARC
  5
19EF
330
242
100
AcDbEntity
  8
0
  6
Continuous
 62
     7
100
AcDbCircle
 10
65.10810696637446
 20
-209.7043954486198
 30
0.0
 40
0.4000000001
100
AcDbArc
 50
203.7494946330999
 51
270.0
  0
ARC
  5
19F0
330
242
100
AcDbEntity
  8
0
  6
Continuous
 62
     7
100
AcDbCircle
 10
65.10810696637446
 20
-209.7043954486198
 30
0.0
 40
0.10000000066
100
AcDbArc
 50
203.7494946367985
 51
270.0
  0
ARC
  5
19F1
330
242
100
AcDbEntity
  8
0
  6
Continuous
 62
     7
100
AcDbCircle
 10
64.56184695907478
 20
-209.7043954486198
 30
0.0
 40
0.10000000066
100
AcDbArc
 50
23.74949463960132
 51
90.0
  0
ARC
  5
19F2
330
242
100
AcDbEntity
  8
0
  6
Continuous
 62
     7
100
AcDbCircle
 10
64.31902187703355
 20
-210.5726711872994
 30
0.0
 40
0.04149901276
100
AcDbArc
 50
180.0191967074001
 51
182.3565635944995
  0
ARC
  5
19F3
330
242
100
AcDbEntity
  8
0
  6
Continuous
 62
     7
100
AcDbCircle
 10
64.58603378649451
 20
-210.5726830211597
 30
0.0
 40
0.04148907628
100
AcDbArc
 50
357.6592277883008
 51
359.9971457134996
  0
ARC
  5
19F4
330
242
100
AcDbEntity
  8
0
  6
Continuous
 62
     7
100
AcDbCircle
 10
66.39192401011434
 20
-211.1848745171196
 30
0.0
 40
1.530000000699999
100
AcDbArc
 50
270.0
 51
0.0
  0
ARC
  5
19F5
330
242
100
AcDbEntity
  8
0
  6
Continuous
 62
     7
100
AcDbCircle
 10
66.39265500179345
 20
-211.1843954477194
 30
0.0
 40
1.28000000032
100
AcDbArc
 50
270.0
 51
0.0
  0
ARC
  5
19F6
330
242
100
AcDbEntity
  8
0
  6
Continuous
 62
     7
100
AcDbCircle
 10
66.39265500179345
 20
-211.1843954477194
 30
0.0
 40
1.079999998999999
100
AcDbArc
 50
270.0000000069991
 51
0.0
  0
ARC
  5
19F7
330
242
100
AcDbEntity
  8
0
  6
Continuous
 62
     7
100
AcDbCircle
 10
66.39264336859406
 20
-211.1843954477194
 30
0.0
 40
0.9800000008800001
100
AcDbArc
 50
270.0
 51
0.0
  0
ARC
  5
19F8
330
242
100
AcDbEntity
  8
0
  6
Continuous
 62
     7
100
AcDbCircle
 10
66.39208150027418
 20
-211.1843954477194
 30
0.0
 40
0.9600000002399998
100
AcDbArc
 50
270.0
 51
0.0
  0
ARC
  5
19F9
330
242
100
AcDbEntity
  8
0
  6
Continuous
 62
     7
100
AcDbCircle
 10
66.39209895007417
 20
-211.1843954477194
 30
0.0
 40
0.8100000005199998
100
AcDbArc
 50
270.0000000586989
 51
359.999999952
  0
ARC
  5
19FA
330
242
100
AcDbEntity
  8
0
  6
Continuous
 62
     7
100
AcDbCircle
 10
66.09725832309442
 20
-211.0343954479999
 30
0.0
 40
0.4499999991600001
100
AcDbArc
 50
270.0
 51
0.0
  0
ARC
  5
19FB
330
242
100
AcDbEntity
  8
0
  6
Continuous
 62
     7
100
AcDbCircle
 10
65.29609094651397
 20
-212.0643954479396
 30
0.0
 40
0.4000000001
100
AcDbArc
 50
23.74949463309993
 51
90.0
  0
ARC
  5
19FC
330
242
100
AcDbEntity
  8
0
  6
Continuous
 62
     7
100
AcDbCircle
 10
66.09855684729365
 20
-211.0357502230399
 30
0.0
 40
0.21787146926
100
AcDbArc
 50
311.8694235699992
 51
313.1205975938002
  0
ARC
  5
19FD
330
242
100
AcDbEntity
  8
0
  6
Continuous
 62
     7
100
AcDbCircle
 10
65.27684463245378
 20
-212.3648739681398
 30
0.0
 40
0.14999999972
100
AcDbArc
 50
270.0
 51
316.6383815726011
  0
ARC
  5
19FE
330
242
100
AcDbEntity
  8
0
  6
Continuous
 62
     7
100
AcDbCircle
 10
65.95181734397494
 20
-212.1643954485993
 30
0.0
 40
0.14999999972
100
AcDbArc
 50
172.6640243011006
 51
176.4362622758002
  0
ARC
  5
19FF
330
242
100
AcDbEntity
  8
0
  6
Continuous
 62
     7
100
AcDbCircle
 10
65.29609094651397
 20
-212.0643954479396
 30
0.0
 40
0.10000000066
100
AcDbArc
 50
23.74949463649851
 51
90.0
  0
ARC
  5
1A00
330
242
100
AcDbEntity
  8
0
  6
Continuous
 62
     7
100
AcDbCircle
 10
65.84235095381365
 20
-212.0643954479396
 30
0.0
 40
0.10000000066
100
AcDbArc
 50
203.7494946396009
 51
270.0
  0
ARC
  5
1A01
330
242
100
AcDbEntity
  8
0
  6
Continuous
 62
     7
100
AcDbCircle
 10
66.32708150073387
 20
-212.0777287816999
 30
0.0
 40
0.09666666722
100
AcDbArc
 50
296.2915551162985
 51
316.3971808309011
  0
ARC
  5
1A02
330
242
100
AcDbEntity
  8
0
  6
Continuous
 62
     7
100
AcDbCircle
 10
66.26708150135465
 20
-212.0777287816999
 30
0.0
 40
0.09666666722
100
AcDbArc
 50
223.6028191689993
 51
243.7084448837015
  0
ARC
  5
1A03
330
242
100
AcDbEntity
  8
0
  6
Continuous
 62
     7
100
AcDbCircle
 10
66.39192401011434
 20
-210.5848745182393
 30
0.0
 40
1.530000000699999
100
AcDbArc
 50
0.0
 51
90.0
  0
ARC
  5
1A04
330
242
100
AcDbEntity
  8
0
  6
Continuous
 62
     7
100
AcDbCircle
 10
66.39265500179345
 20
-210.5843954462998
 30
0.0
 40
1.28000000032
100
AcDbArc
 50
0.0
 51
90.0
  0
ARC
  5
1A05
330
242
100
AcDbEntity
  8
0
  6
Continuous
 62
     7
100
AcDbCircle
 10
66.39265500179345
 20
-210.5843954462998
 30
0.0
 40
1.079999998999999
100
AcDbArc
 50
0.0
 51
90.00000000909976
  0
ARC
  5
1A06
330
242
100
AcDbEntity
  8
0
  6
Continuous
 62
     7
100
AcDbCircle
 10
66.39264336859406
 20
-210.5843954462998
 30
0.0
 40
0.9800000008800001
100
AcDbArc
 50
0.0
 51
90.0
  0
ARC
  5
1A07
330
242
100
AcDbEntity
  8
0
  6
Continuous
 62
     7
100
AcDbCircle
 10
66.39208150027418
 20
-210.5843954462998
 30
0.0
 40
0.9600000027799998
100
AcDbArc
 50
0.0
 51
90.0
  0
ARC
  5
1A08
330
242
100
AcDbEntity
  8
0
  6
Continuous
 62
     7
100
AcDbCircle
 10
66.39209895007417
 20
-210.5843954462998
 30
0.0
 40
0.8100000005199998
100
AcDbArc
 50
0.0000000078995818
 51
89.99999999260035
  0
ARC
  5
1A09
330
242
100
AcDbEntity
  8
0
  6
Continuous
 62
     7
100
AcDbCircle
 10
66.09725832309442
 20
-210.73439544856
 30
0.0
 40
0.4499999991600001
100
AcDbArc
 50
0.0
 51
90.0
  0
ARC
  5
1A0A
330
242
100
AcDbEntity
  8
0
  6
Continuous
 62
     7
100
AcDbCircle
 10
65.29609094651397
 20
-209.7043954486198
 30
0.0
 40
0.4000000001
100
AcDbArc
 50
270.0
 51
336.2505053669997
  0
ARC
  5
1A0B
330
242
100
AcDbEntity
  8
0
  6
Continuous
 62
     7
100
AcDbCircle
 10
66.098553588475
 20
-210.7330441482395
 30
0.0
 40
0.2178761479399999
100
AcDbArc
 50
46.8794602134013
 51
48.13054607840042
  0
ARC
  5
1A0C
330
242
100
AcDbEntity
  8
0
  6
Continuous
 62
     7
100
AcDbCircle
 10
65.84235095381365
 20
-209.7043954486198
 30
0.0
 40
0.10000000066
100
AcDbArc
 50
90.0
 51
156.250505360201
  0
ARC
  5
1A0D
330
242
100
AcDbEntity
  8
0
  6
Continuous
 62
     7
100
AcDbCircle
 10
65.29609094651397
 20
-209.7043954486198
 30
0.0
 40
0.10000000066
100
AcDbArc
 50
270.0
 51
336.2505053636992
  0
ARC
  5
1A0E
330
242
100
AcDbEntity
  8
0
  6
Continuous
 62
     7
100
AcDbCircle
 10
66.26708150135465
 20
-209.6910621148599
 30
0.0
 40
0.09666666722
100
AcDbArc
 50
116.2915551162985
 51
136.3971808309011
  0
ARC
  5
1A0F
330
242
100
AcDbEntity
  8
0
  6
Continuous
 62
     7
100
AcDbCircle
 10
66.32708150073387
 20
-209.6910621148599
 30
0.0
 40
0.09666666722
100
AcDbArc
 50
43.60281916899927
 51
63.70844488370151
  0
ARC
  5
1A10
330
242
100
AcDbEntity
  8
0
  6
Continuous
 62
     7
100
AcDbCircle
 10
67.03488090809452
 20
-209.2453538622594
 30
0.0
 40
0.03048
100
AcDbArc
 50
95.26070060059907
 51
180.0000025046002
  0
ARC
  5
1A11
330
242
100
AcDbEntity
  8
0
  6
Continuous
 62
     7
100
AcDbCircle
 10
85.58391596641405
 20
-202.7648745169194
 30
0.0
 40
0.50000000076
100
AcDbArc
 50
1.499999999999888
 51
90.0
  0
ARC
  5
1A12
330
242
100
AcDbEntity
  8
0
  6
Continuous
 62
     7
100
AcDbCircle
 10
161.632335380574
 20
-320.0468000288001
 30
0.0
 40
179.19697910342
100
AcDbArc
 50
89.79575917550091
 51
89.92949641770136
  0
ARC
  5
1A13
330
242
100
AcDbEntity
  8
0
  6
Continuous
 62
     7
100
AcDbCircle
 10
153.1222603992349
 20
-235.5296429877598
 30
0.0
 40
54.99263634927999
100
AcDbArc
 50
89.65232065009919
 51
90.34767934990082
  0
ARC
  5
1A14
330
242
100
AcDbEntity
  8
0
  6
Continuous
 62
     7
100
AcDbCircle
 10
153.1339592556945
 20
-235.0723109991995
 30
0.0
 40
53.5993873781
100
AcDbArc
 50
88.64014817220088
 51
89.1038502807984
  0
ARC
  5
1A15
330
242
100
AcDbEntity
  8
0
  6
Continuous
 62
     7
100
AcDbCircle
 10
153.1078916903537
 20
-234.9367156976195
 30
0.0
 40
53.46376690512
100
AcDbArc
 50
90.89556158399965
 51
91.36043996300124
  0
ARC
  5
1A16
330
242
100
AcDbEntity
  8
0
  6
Continuous
 62
     7
100
AcDbCircle
 10
99.41471755545382
 20
-147.8217695925795
 30
0.0
 40
54.99225651768
100
AcDbArc
 50
359.6523692911003
 51
0.000051041599745
  0
ARC
  5
1A17
330
242
100
AcDbEntity
  8
0
  6
Continuous
 62
     7
100
AcDbCircle
 10
99.41471755545382
 20
-181.8216716129599
 30
0.0
 40
54.99225651768
100
AcDbArc
 50
359.9999489584003
 51
0.347630708899688
  0
ARC
  5
1A18
330
242
100
AcDbEntity
  8
0
  6
Continuous
 62
     7
100
AcDbCircle
 10
99.41471755545382
 20
-181.8217695934594
 30
0.0
 40
54.99225651768
100
AcDbArc
 50
359.6523692911003
 51
0.000051041599745
  0
ARC
  5
1A19
330
242
100
AcDbEntity
  8
0
  6
Continuous
 62
     7
100
AcDbCircle
 10
99.8716702585137
 20
-147.8334194625994
 30
0.0
 40
53.59938712155999
100
AcDbArc
 50
358.6401481711002
 51
359.1038502818994
  0
ARC
  5
1A1A
330
242
100
AcDbEntity
  8
0
  6
Continuous
 62
     7
100
AcDbCircle
 10
99.8716702585137
 20
-181.8334194634798
 30
0.0
 40
53.59938712155999
100
AcDbArc
 50
358.6401481711002
 51
359.1038502818994
  0
ARC
  5
1A1B
330
242
100
AcDbEntity
  8
0
  6
Continuous
 62
     7
100
AcDbCircle
 10
100.0072647625341
 20
-181.8073519057597
 30
0.0
 40
53.46376744867999
100
AcDbArc
 50
0.8955615864006412
 51
1.360439960599816
  0
ARC
  5
1A1C
330
242
100
AcDbEntity
  8
0
  6
Continuous
 62
     7
100
AcDbCircle
 10
99.41471755545382
 20
-147.8216716146198
 30
0.0
 40
54.99225651768
100
AcDbArc
 50
359.9999489584003
 51
0.347630708899688
  0
ARC
  5
1A1D
330
242
100
AcDbEntity
  8
0
  6
Continuous
 62
     7
100
AcDbCircle
 10
100.0072647574546
 20
-147.8073519048798
 30
0.0
 40
53.46376745375999
100
AcDbArc
 50
0.8955615864006412
 51
1.360439960599816
  0
ARC
  5
1A1E
330
242
100
AcDbEntity
  8
0
  6
Continuous
 62
     7
100
AcDbCircle
 10
136.4147175558149
 20
-181.8216716129599
 30
0.0
 40
54.99225651768
100
AcDbArc
 50
359.9999489584003
 51
0.347630708899688
  0
ARC
  5
1A1F
330
242
100
AcDbEntity
  8
0
  6
Continuous
 62
     7
100
AcDbCircle
 10
136.4147175558149
 20
-181.8217695934594
 30
0.0
 40
54.99225651768
100
AcDbArc
 50
359.6523692911003
 51
0.000051041599745
  0
ARC
  5
1A20
330
242
100
AcDbEntity
  8
0
  6
Continuous
 62
     7
100
AcDbCircle
 10
136.8716702588729
 20
-181.8334194634798
 30
0.0
 40
53.59938712155999
100
AcDbArc
 50
358.6401481711002
 51
359.1038502818994
  0
ARC
  5
1A21
330
242
100
AcDbEntity
  8
0
  6
Continuous
 62
     7
100
AcDbCircle
 10
137.0072647578138
 20
-181.8073519057597
 30
0.0
 40
53.46376745375999
100
AcDbArc
 50
0.8955615864006412
 51
1.360439960599816
  0
ARC
  5
1A22
330
242
100
AcDbEntity
  8
0
  6
Continuous
 62
     7
100
AcDbCircle
 10
136.4147175558149
 20
-147.8217695925795
 30
0.0
 40
54.99225651768
100
AcDbArc
 50
359.6523692911003
 51
0.000051041599745
  0
ARC
  5
1A23
330
242
100
AcDbEntity
  8
0
  6
Continuous
 62
     7
100
AcDbCircle
 10
136.8716702487148
 20
-147.8334194625994
 30
0.0
 40
53.59938713172
100
AcDbArc
 50
358.6401481711002
 51
359.1038502818994
  0
ARC
  5
1A24
330
242
100
AcDbEntity
  8
0
  6
Continuous
 62
     7
100
AcDbCircle
 10
153.1222603992349
 20
-201.5296429894196
 30
0.0
 40
54.99263634927999
100
AcDbArc
 50
89.65232065009919
 51
90.34767934990082
  0
ARC
  5
1A25
330
242
100
AcDbEntity
  8
0
  6
Continuous
 62
     7
100
AcDbCircle
 10
153.1339592556945
 20
-201.0723110110193
 30
0.0
 40
53.59938738826
100
AcDbArc
 50
88.64014817220088
 51
89.1038502807984
  0
ARC
  5
1A26
330
242
100
AcDbEntity
  8
0
  6
Continuous
 62
     7
100
AcDbCircle
 10
153.1078916903537
 20
-200.9367156967396
 30
0.0
 40
53.46376690512
100
AcDbArc
 50
90.89556158399965
 51
91.36043996300124
  0
ARC
  5
1A27
330
242
100
AcDbEntity
  8
0
  6
Continuous
 62
     7
100
AcDbCircle
 10
154.5421932489738
 20
-182.2825395202798
 30
0.0
 40
5.3566137089
100
AcDbArc
 50
262.2315896165012
 51
264.0545266637014
  0
CIRCLE
  5
1A28
330
242
100
AcDbEntity
  8
0
  6
Continuous
 62
     7
100
AcDbCircle
 10
153.1222603992349
 20
-181.8217206019398
 30
0.0
 40
2.334657065499999
  0
CIRCLE
  5
1A29
330
242
100
AcDbEntity
  8
0
  6
Continuous
 62
     7
100
AcDbCircle
 10
153.1222603992349
 20
-181.8217206019398
 30
0.0
 40
2.25000000088
  0
ARC
  5
1A2A
330
242
100
AcDbEntity
  8
0
  6
Continuous
 62
     7
100
AcDbCircle
 10
158.3722603995941
 20
-178.0717206038598
 30
0.0
 40
2.0000000005
100
AcDbArc
 50
180.0
 51
270.0
  0
ARC
  5
1A2B
330
242
100
AcDbEntity
  8
0
  6
Continuous
 62
     7
100
AcDbCircle
 10
153.1222603992349
 20
-181.8217206019398
 30
0.0
 40
1.75000000012
100
AcDbArc
 50
169.3303714250999
 51
0.0
  0
CIRCLE
  5
1A2C
330
242
100
AcDbEntity
  8
02___PRT_ALL_AXES
  6
Continuous
 62
     7
100
AcDbCircle
 10
153.1222603992349
 20
-181.8217206019398
 30
0.0
 40
1.75000000012
  0
CIRCLE
  5
1A2D
330
242
100
AcDbEntity
  8
02___PRT_ALL_AXES
  6
Continuous
 62
     7
100
AcDbCircle
 10
153.1222603992349
 20
-181.8217206019398
 30
0.0
 40
1.408935879099999
  0
ARC
  5
1A2E
330
242
100
AcDbEntity
  8
0
  6
Continuous
 62
     7
100
AcDbCircle
 10
152.2722603999739
 20
-182.6717206037396
 30
0.0
 40
0.64987793316
100
AcDbArc
 50
0.0
 51
90.0
  0
ARC
  5
1A2F
330
242
100
AcDbEntity
  8
0
  6
Continuous
 62
     7
100
AcDbCircle
 10
152.2722603999739
 20
-180.9717206026798
 30
0.0
 40
0.64987793316
100
AcDbArc
 50
270.0
 51
0.0
  0
ARC
  5
1A30
330
242
100
AcDbEntity
  8
0
  6
Continuous
 62
     7
100
AcDbCircle
 10
153.9722604010333
 20
-180.9717206026798
 30
0.0
 40
0.64987793316
100
AcDbArc
 50
180.0
 51
270.0
  0
ARC
  5
1A31
330
242
100
AcDbEntity
  8
0
  6
Continuous
 62
     7
100
AcDbCircle
 10
153.9722604010333
 20
-182.6717206037396
 30
0.0
 40
0.64987793316
100
AcDbArc
 50
90.0
 51
180.0
  0
ARC
  5
1A32
330
242
100
AcDbEntity
  8
0
  6
Continuous
 62
     7
100
AcDbCircle
 10
152.264222041654
 20
-180.9636822443594
 30
0.0
 40
0.51585904956
100
AcDbArc
 50
270.8928443466008
 51
359.1071556535002
  0
ARC
  5
1A33
330
242
100
AcDbEntity
  8
0
  6
Continuous
 62
     7
100
AcDbCircle
 10
153.9802988711138
 20
-182.6797590738196
 30
0.0
 40
0.51585904956
100
AcDbArc
 50
90.89285660489853
 51
179.1071433953002
  0
ARC
  5
1A34
330
242
100
AcDbEntity
  8
0
  6
Continuous
 62
     7
100
AcDbCircle
 10
153.9802984291539
 20
-180.9636825720194
 30
0.0
 40
0.5158586025199999
100
AcDbArc
 50
180.8928084290002
 51
269.1071915712001
  0
ARC
  5
1A35
330
242
100
AcDbEntity
  8
0
  6
Continuous
 62
     7
100
AcDbCircle
 10
152.2642224353542
 20
-182.6797585683598
 30
0.0
 40
0.5158586025199999
100
AcDbArc
 50
0.8928011945993942
 51
89.10719880549958
  0
ARC
  5
1A36
330
242
100
AcDbEntity
  8
0
  6
Continuous
 62
     7
100
AcDbCircle
 10
158.3722603995941
 20
-151.5717206042195
 30
0.0
 40
2.0000000005
100
AcDbArc
 50
90.0
 51
180.0
  0
ARC
  5
1A37
330
242
100
AcDbEntity
  8
0
  6
Continuous
 62
     7
100
AcDbCircle
 10
152.2722603999739
 20
-148.6717206028597
 30
0.0
 40
0.64987793316
100
AcDbArc
 50
0.0
 51
90.0
  0
ARC
  5
1A38
330
242
100
AcDbEntity
  8
0
  6
Continuous
 62
     7
100
AcDbCircle
 10
153.9722604010333
 20
-148.6717206028597
 30
0.0
 40
0.64987793316
100
AcDbArc
 50
90.0
 51
180.0
  0
ARC
  5
1A39
330
242
100
AcDbEntity
  8
0
  6
Continuous
 62
     7
100
AcDbCircle
 10
153.9802988711138
 20
-148.6797590729397
 30
0.0
 40
0.51585904956
100
AcDbArc
 50
90.89285660489853
 51
179.1071433953002
  0
ARC
  5
1A3A
330
242
100
AcDbEntity
  8
0
  6
Continuous
 62
     7
100
AcDbCircle
 10
152.2642224353542
 20
-148.6797585674798
 30
0.0
 40
0.5158586025199999
100
AcDbArc
 50
0.8928011945993942
 51
89.10719880549958
  0
ARC
  5
1A3B
330
242
100
AcDbEntity
  8
0
  6
Continuous
 62
     7
100
AcDbCircle
 10
153.1222603992349
 20
-94.11379821777968
 30
0.0
 40
54.99263634927999
100
AcDbArc
 50
269.6523206500992
 51
270.3476793499008
  0
ARC
  5
1A3C
330
242
100
AcDbEntity
  8
0
  6
Continuous
 62
     7
100
AcDbCircle
 10
153.1222603992349
 20
-128.1137982186596
 30
0.0
 40
54.99263634927999
100
AcDbArc
 50
269.6523206500992
 51
270.3476793499008
  0
ARC
  5
1A3D
330
242
100
AcDbEntity
  8
0
  6
Continuous
 62
     7
100
AcDbCircle
 10
136.4147175558149
 20
-147.8216716146198
 30
0.0
 40
54.99225651768
100
AcDbArc
 50
359.9999489584003
 51
0.347630708899688
  0
ARC
  5
1A3E
330
242
100
AcDbEntity
  8
0
  6
Continuous
 62
     7
100
AcDbCircle
 10
153.1105615453146
 20
-94.57113019363982
 30
0.0
 40
53.59938738826
100
AcDbArc
 50
268.6401481722009
 51
269.1038502808017
  0
ARC
  5
1A3F
330
242
100
AcDbEntity
  8
0
  6
Continuous
 62
     7
100
AcDbCircle
 10
153.1105615453146
 20
-128.5711302072195
 30
0.0
 40
53.5993873781
100
AcDbArc
 50
268.6401481722009
 51
269.1038502808017
  0
ARC
  5
1A40
330
242
100
AcDbEntity
  8
0
  6
Continuous
 62
     7
100
AcDbCircle
 10
137.0072647578138
 20
-147.8073519048798
 30
0.0
 40
53.46376745375999
100
AcDbArc
 50
0.8955615864006412
 51
1.360439960599816
  0
ARC
  5
1A41
330
242
100
AcDbEntity
  8
0
  6
Continuous
 62
     7
100
AcDbCircle
 10
153.1366291081142
 20
-94.70672550029979
 30
0.0
 40
53.46376691527999
100
AcDbArc
 50
270.8955615839996
 51
271.3604399630013
  0
ARC
  5
1A42
330
242
100
AcDbEntity
  8
0
  6
Continuous
 62
     7
100
AcDbCircle
 10
153.1366291081142
 20
-128.7067255138799
 30
0.0
 40
53.46376690003999
100
AcDbArc
 50
270.8955615839996
 51
271.3604399630013
  0
CIRCLE
  5
1A43
330
242
100
AcDbEntity
  8
0
  6
Continuous
 62
     7
100
AcDbCircle
 10
153.1222603992349
 20
-147.8217206035996
 30
0.0
 40
2.334657065499999
  0
CIRCLE
  5
1A44
330
242
100
AcDbEntity
  8
0
  6
Continuous
 62
     7
100
AcDbCircle
 10
153.1222603992349
 20
-147.8217206035996
 30
0.0
 40
2.25000000088
  0
ARC
  5
1A45
330
242
100
AcDbEntity
  8
0
  6
Continuous
 62
     7
100
AcDbCircle
 10
153.1222603992349
 20
-147.8217206035996
 30
0.0
 40
1.75000000012
100
AcDbArc
 50
169.3303714250999
 51
0.0
  0
CIRCLE
  5
1A46
330
242
100
AcDbEntity
  8
02___PRT_ALL_AXES
  6
Continuous
 62
     7
100
AcDbCircle
 10
153.1222603992349
 20
-147.8217206035996
 30
0.0
 40
1.75000000012
  0
CIRCLE
  5
1A47
330
242
100
AcDbEntity
  8
02___PRT_ALL_AXES
  6
Continuous
 62
     7
100
AcDbCircle
 10
153.1222603992349
 20
-147.8217206035996
 30
0.0
 40
1.408935879099999
  0
ARC
  5
1A48
330
242
100
AcDbEntity
  8
0
  6
Continuous
 62
     7
100
AcDbCircle
 10
152.2722603999739
 20
-146.9717206043396
 30
0.0
 40
0.64987793316
100
AcDbArc
 50
270.0
 51
0.0
  0
ARC
  5
1A49
330
242
100
AcDbEntity
  8
0
  6
Continuous
 62
     7
100
AcDbCircle
 10
153.9722604010333
 20
-146.9717206043396
 30
0.0
 40
0.64987793316
100
AcDbArc
 50
180.0
 51
270.0
  0
ARC
  5
1A4A
330
242
100
AcDbEntity
  8
0
  6
Continuous
 62
     7
100
AcDbCircle
 10
152.264222041654
 20
-146.9636822434799
 30
0.0
 40
0.51585904956
100
AcDbArc
 50
270.8928443466008
 51
359.1071556535002
  0
ARC
  5
1A4B
330
242
100
AcDbEntity
  8
0
  6
Continuous
 62
     7
100
AcDbCircle
 10
153.9802984291539
 20
-146.9636825736797
 30
0.0
 40
0.5158586025199999
100
AcDbArc
 50
180.8928084290002
 51
269.1071915710991
  0
ARC
  5
1A4C
330
242
100
AcDbEntity
  8
0
  6
Continuous
 62
     7
100
AcDbCircle
 10
181.6323353804949
 20
-320.0468000668993
 30
0.0
 40
179.19697914406
100
AcDbArc
 50
89.79575917550091
 51
89.92949641770136
  0
ARC
  5
1A4D
330
242
100
AcDbEntity
  8
0
  6
Continuous
 62
     7
100
AcDbCircle
 10
171.632335380534
 20
-320.0468000110199
 30
0.0
 40
179.19697908818
100
AcDbArc
 50
89.79575917550091
 51
89.92949641770136
  0
ARC
  5
1A4E
330
242
100
AcDbEntity
  8
0
  6
Continuous
 62
     7
100
AcDbCircle
 10
190.1222603995941
 20
-235.5296429877598
 30
0.0
 40
54.99263634927999
100
AcDbArc
 50
89.65232065009919
 51
90.34767934990082
  0
ARC
  5
1A4F
330
242
100
AcDbEntity
  8
0
  6
Continuous
 62
     7
100
AcDbCircle
 10
190.1339592560546
 20
-235.0723109991995
 30
0.0
 40
53.5993873781
100
AcDbArc
 50
88.64014817220088
 51
89.1038502807984
  0
ARC
  5
1A50
330
242
100
AcDbEntity
  8
0
  6
Continuous
 62
     7
100
AcDbCircle
 10
190.1078916907129
 20
-234.9367156925395
 30
0.0
 40
53.46376690003999
100
AcDbArc
 50
90.89556158399965
 51
91.36043996300124
  0
ARC
  5
1A51
330
242
100
AcDbEntity
  8
0
  6
Continuous
 62
     7
100
AcDbCircle
 10
190.1222603995941
 20
-201.5296429894196
 30
0.0
 40
54.99263634927999
100
AcDbArc
 50
89.65232065009919
 51
90.34767934990082
  0
ARC
  5
1A52
330
242
100
AcDbEntity
  8
0
  6
Continuous
 62
     7
100
AcDbCircle
 10
190.1339592560546
 20
-201.0723110110193
 30
0.0
 40
53.59938738826
100
AcDbArc
 50
88.64014817220088
 51
89.1038502807984
  0
ARC
  5
1A53
330
242
100
AcDbEntity
  8
0
  6
Continuous
 62
     7
100
AcDbCircle
 10
190.1078916907129
 20
-200.9367156967396
 30
0.0
 40
53.46376690512
100
AcDbArc
 50
90.89556158399965
 51
91.36043996300124
  0
CIRCLE
  5
1A54
330
242
100
AcDbEntity
  8
0
  6
Continuous
 62
     7
100
AcDbCircle
 10
190.1222603995941
 20
-181.8217206019398
 30
0.0
 40
2.334657065499999
  0
CIRCLE
  5
1A55
330
242
100
AcDbEntity
  8
0
  6
Continuous
 62
     7
100
AcDbCircle
 10
190.1222603995941
 20
-181.8217206019398
 30
0.0
 40
2.25000000088
  0
ARC
  5
1A56
330
242
100
AcDbEntity
  8
0
  6
Continuous
 62
     7
100
AcDbCircle
 10
184.8722603992349
 20
-178.0717206038598
 30
0.0
 40
2.0000000005
100
AcDbArc
 50
270.0
 51
0.0
  0
ARC
  5
1A57
330
242
100
AcDbEntity
  8
0
  6
Continuous
 62
     7
100
AcDbCircle
 10
190.1222603995941
 20
-181.8217206019398
 30
0.0
 40
1.75000000012
100
AcDbArc
 50
169.3303714250999
 51
0.0
  0
CIRCLE
  5
1A58
330
242
100
AcDbEntity
  8
02___PRT_ALL_AXES
  6
Continuous
 62
     7
100
AcDbCircle
 10
190.1222603995941
 20
-181.8217206019398
 30
0.0
 40
1.75000000012
  0
CIRCLE
  5
1A59
330
242
100
AcDbEntity
  8
02___PRT_ALL_AXES
  6
Continuous
 62
     7
100
AcDbCircle
 10
190.1222603995941
 20
-181.8217206019398
 30
0.0
 40
1.408935879099999
  0
ARC
  5
1A5A
330
242
100
AcDbEntity
  8
0
  6
Continuous
 62
     7
100
AcDbCircle
 10
189.2722604003341
 20
-182.6717206037396
 30
0.0
 40
0.64987793316
100
AcDbArc
 50
0.0
 51
90.0
  0
ARC
  5
1A5B
330
242
100
AcDbEntity
  8
0
  6
Continuous
 62
     7
100
AcDbCircle
 10
189.2722604003341
 20
-180.9717206026798
 30
0.0
 40
0.64987793316
100
AcDbArc
 50
270.0
 51
0.0
  0
ARC
  5
1A5C
330
242
100
AcDbEntity
  8
0
  6
Continuous
 62
     7
100
AcDbCircle
 10
190.9722603988533
 20
-180.9717206026798
 30
0.0
 40
0.64987793316
100
AcDbArc
 50
180.0
 51
270.0
  0
ARC
  5
1A5D
330
242
100
AcDbEntity
  8
0
  6
Continuous
 62
     7
100
AcDbCircle
 10
190.9722603988533
 20
-182.6717206037396
 30
0.0
 40
0.64987793316
100
AcDbArc
 50
90.0
 51
180.0
  0
ARC
  5
1A5E
330
242
100
AcDbEntity
  8
0
  6
Continuous
 62
     7
100
AcDbCircle
 10
189.2642220420142
 20
-180.9636822443594
 30
0.0
 40
0.51585904956
100
AcDbArc
 50
270.8928443466008
 51
359.1071556535002
  0
ARC
  5
1A5F
330
242
100
AcDbEntity
  8
0
  6
Continuous
 62
     7
100
AcDbCircle
 10
190.980298871473
 20
-182.6797590738196
 30
0.0
 40
0.51585904956
100
AcDbArc
 50
90.89285660489853
 51
179.1071433953002
  0
ARC
  5
1A60
330
242
100
AcDbEntity
  8
0
  6
Continuous
 62
     7
100
AcDbCircle
 10
190.9802984295132
 20
-180.9636825720194
 30
0.0
 40
0.5158586025199999
100
AcDbArc
 50
180.8928084290002
 51
269.1071915712001
  0
ARC
  5
1A61
330
242
100
AcDbEntity
  8
0
  6
Continuous
 62
     7
100
AcDbCircle
 10
189.2642224357144
 20
-182.6797585683598
 30
0.0
 40
0.5158586025199999
100
AcDbArc
 50
0.8928011945993942
 51
89.10719880549958
  0
ARC
  5
1A6D
330
242
100
AcDbEntity
  8
0
  6
Continuous
 62
     7
100
AcDbCircle
 10
184.8722603992349
 20
-151.5717206042195
 30
0.0
 40
2.0000000005
100
AcDbArc
 50
0.0
 51
90.0
  0
ARC
  5
1A76
330
242
100
AcDbEntity
  8
0
  6
Continuous
 62
     7
100
AcDbCircle
 10
189.2722604003341
 20
-148.6717206028597
 30
0.0
 40
0.64987793316
100
AcDbArc
 50
0.0
 51
90.0
  0
ARC
  5
1A77
330
242
100
AcDbEntity
  8
0
  6
Continuous
 62
     7
100
AcDbCircle
 10
190.9722603988533
 20
-148.6717206028597
 30
0.0
 40
0.64987793316
100
AcDbArc
 50
90.0
 51
180.0
  0
ARC
  5
1A78
330
242
100
AcDbEntity
  8
0
  6
Continuous
 62
     7
100
AcDbCircle
 10
190.980298871473
 20
-148.6797590729397
 30
0.0
 40
0.51585904956
100
AcDbArc
 50
90.89285660489853
 51
179.1071433953002
  0
ARC
  5
1A79
330
242
100
AcDbEntity
  8
0
  6
Continuous
 62
     7
100
AcDbCircle
 10
189.2642224357144
 20
-148.6797585674798
 30
0.0
 40
0.5158586025199999
100
AcDbArc
 50
0.8928011945993942
 51
89.10719880549958
  0
ARC
  5
1A7A
330
242
100
AcDbEntity
  8
0
  6
Continuous
 62
     7
100
AcDbCircle
 10
206.8298032455544
 20
-181.8216716129599
 30
0.0
 40
54.99225651768
100
AcDbArc
 50
179.6523692911003
 51
180.0000510415997
  0
ARC
  5
1A7B
330
242
100
AcDbEntity
  8
0
  6
Continuous
 62
     7
100
AcDbCircle
 10
206.8298032455544
 20
-181.8217695934594
 30
0.0
 40
54.99225651768
100
AcDbArc
 50
179.9999489584003
 51
180.3476307088997
  0
ARC
  5
1A7C
330
242
100
AcDbEntity
  8
0
  6
Continuous
 62
     7
100
AcDbCircle
 10
206.3728505501142
 20
-181.81002174294
 30
0.0
 40
53.59938712917999
100
AcDbArc
 50
178.6401481711001
 51
179.1038502818994
  0
ARC
  5
1A7D
330
242
100
AcDbEntity
  8
0
  6
Continuous
 62
     7
100
AcDbCircle
 10
206.2372560435545
 20
-181.8360893006597
 30
0.0
 40
53.46376745629999
100
AcDbArc
 50
180.8955615864006
 51
181.3604399605998
  0
ARC
  5
1A7E
330
242
100
AcDbEntity
  8
0
  6
Continuous
 62
     7
100
AcDbCircle
 10
206.8298032455544
 20
-147.8217695925795
 30
0.0
 40
54.99225651768
100
AcDbArc
 50
179.9999489584003
 51
180.3476307088997
  0
ARC
  5
1A7F
330
242
100
AcDbEntity
  8
0
  6
Continuous
 62
     7
100
AcDbCircle
 10
206.2372560384741
 20
-147.8360893023195
 30
0.0
 40
53.46376745122
100
AcDbArc
 50
180.8955615864006
 51
181.3604399605998
  0
ARC
  5
1A80
330
242
100
AcDbEntity
  8
0
  6
Continuous
 62
     7
100
AcDbCircle
 10
190.1222603995941
 20
-94.11379821777968
 30
0.0
 40
54.99263634927999
100
AcDbArc
 50
269.6523206500992
 51
270.3476793499008
  0
ARC
  5
1A81
330
242
100
AcDbEntity
  8
0
  6
Continuous
 62
     7
100
AcDbCircle
 10
190.1222603995941
 20
-128.1137982186596
 30
0.0
 40
54.99263634927999
100
AcDbArc
 50
269.6523206500992
 51
270.3476793499008
  0
ARC
  5
1A82
330
242
100
AcDbEntity
  8
0
  6
Continuous
 62
     7
100
AcDbCircle
 10
206.8298032455544
 20
-147.8216716146198
 30
0.0
 40
54.99225651768
100
AcDbArc
 50
179.6523692911003
 51
180.0000510415997
  0
ARC
  5
1A83
330
242
100
AcDbEntity
  8
0
  6
Continuous
 62
     7
100
AcDbCircle
 10
190.1105615456738
 20
-94.57113019363982
 30
0.0
 40
53.59938738826
100
AcDbArc
 50
268.6401481722009
 51
269.1038502808017
  0
ARC
  5
1A84
330
242
100
AcDbEntity
  8
0
  6
Continuous
 62
     7
100
AcDbCircle
 10
190.1105615456738
 20
-128.5711302072195
 30
0.0
 40
53.5993873781
100
AcDbArc
 50
268.6401481722009
 51
269.1038502808017
  0
ARC
  5
1A85
330
242
100
AcDbEntity
  8
0
  6
Continuous
 62
     7
100
AcDbCircle
 10
206.3728505450338
 20
-147.8100217420596
 30
0.0
 40
53.5993871241
100
AcDbArc
 50
178.6401481711001
 51
179.1038502818994
  0
ARC
  5
1A86
330
242
100
AcDbEntity
  8
0
  6
Continuous
 62
     7
100
AcDbCircle
 10
190.1366291084744
 20
-94.70672550029979
 30
0.0
 40
53.46376691527999
100
AcDbArc
 50
270.8955615839996
 51
271.3604399630013
  0
ARC
  5
1A87
330
242
100
AcDbEntity
  8
0
  6
Continuous
 62
     7
100
AcDbCircle
 10
190.1366291084744
 20
-128.7067255087995
 30
0.0
 40
53.46376690512
100
AcDbArc
 50
270.8955615839996
 51
271.3604399630013
  0
CIRCLE
  5
1A88
330
242
100
AcDbEntity
  8
0
  6
Continuous
 62
     7
100
AcDbCircle
 10
190.1222603995941
 20
-147.8217206035996
 30
0.0
 40
2.334657065499999
  0
CIRCLE
  5
1A89
330
242
100
AcDbEntity
  8
0
  6
Continuous
 62
     7
100
AcDbCircle
 10
190.1222603995941
 20
-147.8217206035996
 30
0.0
 40
2.25000000088
  0
ARC
  5
1A8A
330
242
100
AcDbEntity
  8
0
  6
Continuous
 62
     7
100
AcDbCircle
 10
190.1222603995941
 20
-147.8217206035996
 30
0.0
 40
1.75000000012
100
AcDbArc
 50
169.3303714249999
 51
0.0
  0
CIRCLE
  5
1A8B
330
242
100
AcDbEntity
  8
02___PRT_ALL_AXES
  6
Continuous
 62
     7
100
AcDbCircle
 10
190.1222603995941
 20
-147.8217206035996
 30
0.0
 40
1.75000000012
  0
CIRCLE
  5
1A8C
330
242
100
AcDbEntity
  8
02___PRT_ALL_AXES
  6
Continuous
 62
     7
100
AcDbCircle
 10
190.1222603995941
 20
-147.8217206035996
 30
0.0
 40
1.408935879099999
  0
ARC
  5
1A8D
330
242
100
AcDbEntity
  8
0
  6
Continuous
 62
     7
100
AcDbCircle
 10
189.2722604003341
 20
-146.9717206043396
 30
0.0
 40
0.64987793316
100
AcDbArc
 50
270.0
 51
0.0
  0
ARC
  5
1A8E
330
242
100
AcDbEntity
  8
0
  6
Continuous
 62
     7
100
AcDbCircle
 10
190.9722603988533
 20
-146.9717206043396
 30
0.0
 40
0.64987793316
100
AcDbArc
 50
180.0
 51
270.0
  0
ARC
  5
1A8F
330
242
100
AcDbEntity
  8
0
  6
Continuous
 62
     7
100
AcDbCircle
 10
189.2642220420142
 20
-146.9636822434799
 30
0.0
 40
0.51585904956
100
AcDbArc
 50
270.8928443466008
 51
359.1071556535002
  0
ARC
  5
1A90
330
242
100
AcDbEntity
  8
0
  6
Continuous
 62
     7
100
AcDbCircle
 10
190.9802984295132
 20
-146.9636825736797
 30
0.0
 40
0.5158586025199999
100
AcDbArc
 50
180.8928084290002
 51
269.1071915710991
  0
ARC
  5
1A91
330
242
100
AcDbEntity
  8
0
  6
Continuous
 62
     7
100
AcDbCircle
 10
243.8298032433743
 20
-147.8217695925795
 30
0.0
 40
54.99225651768
100
AcDbArc
 50
179.9999489584003
 51
180.3476307088997
  0
ARC
  5
1A92
330
242
100
AcDbEntity
  8
0
  6
Continuous
 62
     7
100
AcDbCircle
 10
243.8298032433743
 20
-181.8216716129599
 30
0.0
 40
54.99225651768
100
AcDbArc
 50
179.6523692911003
 51
180.0000510415997
  0
ARC
  5
1A93
330
242
100
AcDbEntity
  8
0
  6
Continuous
 62
     7
100
AcDbCircle
 10
243.8298032433743
 20
-181.8217695934594
 30
0.0
 40
54.99225651768
100
AcDbArc
 50
179.9999489584003
 51
180.3476307088997
  0
ARC
  5
1A94
330
242
100
AcDbEntity
  8
0
  6
Continuous
 62
     7
100
AcDbCircle
 10
243.3728505504744
 20
-181.81002174294
 30
0.0
 40
53.59938713172
100
AcDbArc
 50
178.6401481711001
 51
179.1038502818994
  0
ARC
  5
1A95
330
242
100
AcDbEntity
  8
0
  6
Continuous
 62
     7
100
AcDbCircle
 10
243.2372560439147
 20
-147.8360893023195
 30
0.0
 40
53.46376745375999
100
AcDbArc
 50
180.8955615864006
 51
181.3604399605998
  0
ARC
  5
1A96
330
242
100
AcDbEntity
  8
0
  6
Continuous
 62
     7
100
AcDbCircle
 10
243.2372560439147
 20
-181.8360893006597
 30
0.0
 40
53.46376745375999
100
AcDbArc
 50
180.8955615864006
 51
181.3604399605998
  0
ARC
  5
1A97
330
242
100
AcDbEntity
  8
0
  6
Continuous
 62
     7
100
AcDbCircle
 10
243.8298032433743
 20
-147.8216716146198
 30
0.0
 40
54.99225651768
100
AcDbArc
 50
179.6523692911003
 51
180.0000510415997
  0
ARC
  5
1A98
330
242
100
AcDbEntity
  8
0
  6
Continuous
 62
     7
100
AcDbCircle
 10
243.3728505403145
 20
-147.8100217420596
 30
0.0
 40
53.59938712155999
100
AcDbArc
 50
178.6401481711001
 51
179.1038502818994
  0
SPLINE
  5
1A99
330
242
100
AcDbEntity
  8
0
  6
Continuous
 62
     7
100
AcDbSpline
210
0.0
220
0.0
230
1.0
 70
     8
 71
     3
 72
    39
 73
    35
 74
     0
 42
0.000000001
 43
0.0000001
 40
0.0
 40
0.0
 40
0.0
 40
0.0
 40
0.0006713224
 40
0.0024988895
 40
0.0055136642
 40
0.0097160484
 40
0.0150968387
 40
0.0216431011
 40
0.0381748579
 40
0.0591543084
 40
0.0843880916
 40
0.1136320518
 40
0.1466093314
 40
0.1830053737
 40
0.2224603664
 40
0.3090112481
 40
0.4028838378000001
 40
0.5004545262
 40
0.5979749567
 40
0.691701713
 40
0.7780427473999999
 40
0.8173960467
 40
0.8536932527999999
 40
0.8865867729000001
 40
0.9157617252999999
 40
0.9409395120999999
 40
0.9618800638999999
 40
0.9783837229999999
 40
0.9849211744999999
 40
0.9902943962999998
 40
0.9944913597999999
 40
0.9975037237
 40
0.9993294734999999
 40
1.0
 40
1.0
 40
1.0
 40
1.0
 10
55.8519240106537
 20
-141.0818693589198
 30
0.0
 10
55.85192291083359
 20
-141.0806829604798
 30
0.0
 10
55.84560892549444
 20
-141.0799765128199
 30
0.0
 10
55.83780652809338
 20
-141.0782259270399
 30
0.0
 10
55.82085038979432
 20
-141.0769896125197
 30
0.0
 10
55.79909027583409
 20
-141.0753999458997
 30
0.0
 10
55.77044908851377
 20
-141.0739388362994
 30
0.0
 10
55.72028378625356
 20
-141.0717612638199
 30
0.0
 10
55.64240839971382
 20
-141.0692526683796
 30
0.0
 10
55.53157933765425
 20
-141.0664759251394
 30
0.0
 10
55.39824473767414
 20
-141.0638347213798
 30
0.0
 10
55.24371194793303
 20
-141.0613448939997
 30
0.0
 10
55.06944416845391
 20
-141.0590431536197
 30
0.0
 10
54.87712825895352
 20
-141.0569528631599
 30
0.0
 10
54.59013376055401
 20
-141.0543977044398
 30
0.0
 10
54.20155949325482
 20
-141.0519509071995
 30
0.0
 10
53.71027554567382
 20
-141.0501871997798
 30
0.0
 10
53.19960281035339
 20
-141.0495957531597
 30
0.0
 10
52.6891878113741
 20
-141.0501978220595
 30
0.0
 10
52.19862129187305
 20
-141.0519690021596
 30
0.0
 10
51.8108553668747
 20
-141.0544198125998
 30
0.0
 10
51.52458612483434
 20
-141.0569735387598
 30
0.0
 10
51.33277264511372
 20
-141.0590628843396
 30
0.0
 10
51.15894952819445
 20
-141.0613624022198
 30
0.0
 10
51.00478566583416
 20
-141.0638491663598
 30
0.0
 10
50.87174076047296
 20
-141.0664881044394
 30
0.0
 10
50.76112898271304
 20
-141.0692610935593
 30
0.0
 10
50.68338768785389
 20
-141.0717681599198
 30
0.0
 10
50.6333008360337
 20
-141.0739434717997
 30
0.0
 10
50.60469842689355
 20
-141.0754037508195
 30
0.0
 10
50.58296495753467
 20
-141.0769918604195
 30
0.0
 10
50.56602668051374
 20
-141.0782277863199
 30
0.0
 10
50.55823148655355
 20
-141.0799748897597
 30
0.0
 10
50.55192437699344
 20
-141.0806843676395
 30
0.0
 10
50.55192400869447
 20
-141.0818693589198
 30
0.0
  0
SPLINE
  5
1A9A
330
242
100
AcDbEntity
  8
0
  6
Continuous
 62
     7
100
AcDbSpline
210
0.0
220
0.0
230
1.0
 70
     8
 71
     3
 72
    39
 73
    35
 74
     0
 42
0.000000001
 43
0.0000001
 40
0.0
 40
0.0
 40
0.0
 40
0.0
 40
0.0006713224
 40
0.0024988895
 40
0.0055136642
 40
0.0097160484
 40
0.0150968387
 40
0.0216431011
 40
0.0381748579
 40
0.0591543084
 40
0.0843880916
 40
0.1136320518
 40
0.1466093314
 40
0.1830053737
 40
0.2224603664
 40
0.3090112481
 40
0.4028838378000001
 40
0.5004545262
 40
0.5979749567
 40
0.691701713
 40
0.7780427473999999
 40
0.8173960467
 40
0.8536932527999999
 40
0.8865867729000001
 40
0.9157617252999999
 40
0.9409395120999999
 40
0.9618800638999999
 40
0.9783837229999999
 40
0.9849211744999999
 40
0.9902943962999998
 40
0.9944913597999999
 40
0.9975037237
 40
0.9993294734999999
 40
1.0
 40
1.0
 40
1.0
 40
1.0
 10
75.85192401057458
 20
-141.0818693589198
 30
0.0
 10
75.85192291075355
 20
-141.0806829604798
 30
0.0
 10
75.84560892541441
 20
-141.0799765128199
 30
0.0
 10
75.83780652801334
 20
-141.0782259270399
 30
0.0
 10
75.82085038971428
 20
-141.0769896125197
 30
0.0
 10
75.79909027575405
 20
-141.0753999458997
 30
0.0
 10
75.77044908843465
 20
-141.0739388362994
 30
0.0
 10
75.72028378617443
 20
-141.0717612638199
 30
0.0
 10
75.64240839963378
 20
-141.0692526683796
 30
0.0
 10
75.5315793375733
 20
-141.0664759251394
 30
0.0
 10
75.39824473759409
 20
-141.0638347213798
 30
0.0
 10
75.24371194785391
 20
-141.0613448939997
 30
0.0
 10
75.0694441709141
 20
-141.0590431536197
 30
0.0
 10
74.87712825887439
 20
-141.0569528631599
 30
0.0
 10
74.59013376047398
 20
-141.0543977044398
 30
0.0
 10
74.20155949317387
 20
-141.0519509071995
 30
0.0
 10
73.71027554813401
 20
-141.0501871997798
 30
0.0
 10
73.19960281027426
 20
-141.0495957531597
 30
0.0
 10
72.68918781129497
 20
-141.0501978220595
 30
0.0
 10
72.19862129179393
 20
-141.0519690021596
 30
0.0
 10
71.81085536679375
 20
-141.0544198125998
 30
0.0
 10
71.52458612475339
 20
-141.0569735387598
 30
0.0
 10
71.33277264503459
 20
-141.0590628843396
 30
0.0
 10
71.15894952811351
 20
-141.0613624022198
 30
0.0
 10
71.00478566575322
 20
-141.0638491663598
 30
0.0
 10
70.87174076039383
 20
-141.0664881044394
 30
0.0
 10
70.76112898263392
 20
-141.0692610935593
 30
0.0
 10
70.68338768777386
 20
-141.0717681599198
 30
0.0
 10
70.63330083595457
 20
-141.0739434717997
 30
0.0
 10
70.60469842681442
 20
-141.0754037508195
 30
0.0
 10
70.58296495745463
 20
-141.0769918604195
 30
0.0
 10
70.56602668043371
 20
-141.0782277863199
 30
0.0
 10
70.55823148647442
 20
-141.0799748897597
 30
0.0
 10
70.55192437691431
 20
-141.0806843676395
 30
0.0
 10
70.55192400861352
 20
-141.0818693589198
 30
0.0
  0
SPLINE
  5
1A9B
330
242
100
AcDbEntity
  8
0
  6
Continuous
 62
     7
100
AcDbSpline
210
0.0
220
0.0
230
1.0
 70
     8
 71
     3
 72
    39
 73
    35
 74
     0
 42
0.000000001
 43
0.0000001
 40
0.0
 40
0.0
 40
0.0
 40
0.0
 40
0.0006713224
 40
0.0024988895
 40
0.0055136642
 40
0.0097160484
 40
0.0150968387
 40
0.0216431011
 40
0.0381748579
 40
0.0591543084
 40
0.0843880916
 40
0.1136320518
 40
0.1466093314
 40
0.1830053737
 40
0.2224603664
 40
0.3090112481
 40
0.4028838378000001
 40
0.5004545262
 40
0.5979749567
 40
0.691701713
 40
0.7780427473999999
 40
0.8173960467
 40
0.8536932527999999
 40
0.8865867729000001
 40
0.9157617252999999
 40
0.9409395120999999
 40
0.9618800638999999
 40
0.9783837229999999
 40
0.9849211744999999
 40
0.9902943962999998
 40
0.9944913597999999
 40
0.9975037237
 40
0.9993294734999999
 40
1.0
 40
1.0
 40
1.0
 40
1.0
 10
65.85192401061459
 20
-141.0818693589198
 30
0.0
 10
65.85192291079358
 20
-141.0806829604798
 30
0.0
 10
65.84560892545443
 20
-141.0799765128199
 30
0.0
 10
65.83780652805336
 20
-141.0782259270399
 30
0.0
 10
65.8208503897543
 20
-141.0769896125197
 30
0.0
 10
65.79909027579407
 20
-141.0753999458997
 30
0.0
 10
65.77044908847466
 20
-141.0739388362994
 30
0.0
 10
65.72028378621445
 20
-141.0717612638199
 30
0.0
 10
65.64240839967379
 20
-141.0692526683796
 30
0.0
 10
65.53157933761423
 20
-141.0664759251394
 30
0.0
 10
65.39824473763411
 20
-141.0638347213798
 30
0.0
 10
65.24371194789392
 20
-141.0613448939997
 30
0.0
 10
65.06944417095411
 20
-141.0590431536197
 30
0.0
 10
64.8771282589135
 20
-141.0569528631599
 30
0.0
 10
64.59013376051399
 20
-141.0543977044398
 30
0.0
 10
64.20155949321298
 20
-141.0519509071995
 30
0.0
 10
63.71027554817402
 20
-141.0501871997798
 30
0.0
 10
63.19960281031336
 20
-141.0495957531597
 30
0.0
 10
62.68918781133499
 20
-141.0501978220595
 30
0.0
 10
62.19862129183394
 20
-141.0519690021596
 30
0.0
 10
61.81085536683378
 20
-141.0544198125998
 30
0.0
 10
61.52458612479342
 20
-141.0569735387598
 30
0.0
 10
61.3327726450737
 20
-141.0590628843396
 30
0.0
 10
61.15894952815352
 20
-141.0613624022198
 30
0.0
 10
61.00478566579505
 20
-141.0638491663598
 30
0.0
 10
60.87174076043385
 20
-141.0664881044394
 30
0.0
 10
60.76112898267393
 20
-141.0692610935593
 30
0.0
 10
60.68338768781387
 20
-141.0717681599198
 30
0.0
 10
60.63330083599367
 20
-141.0739434717997
 30
0.0
 10
60.60469842685353
 20
-141.0754037508195
 30
0.0
 10
60.58296495749465
 20
-141.0769918604195
 30
0.0
 10
60.56602668047372
 20
-141.0782277863199
 30
0.0
 10
60.55823148651445
 20
-141.0799748897597
 30
0.0
 10
60.55192437695342
 20
-141.0806843676395
 30
0.0
 10
60.55192400865355
 20
-141.0818693589198
 30
0.0
  0
SPLINE
  5
1A9C
330
242
100
AcDbEntity
  8
0
  6
Continuous
 62
     7
100
AcDbSpline
210
0.0
220
0.0
230
1.0
 70
     8
 71
     3
 72
    14
 73
    10
 74
     0
 42
0.000000001
 43
0.0000001
 40
0.0
 40
0.0
 40
0.0
 40
0.0
 40
0.1352284832
 40
0.2894326575
 40
0.4938584436
 40
0.6130483738
 40
0.7636213769
 40
0.9039964737
 40
1.0
 40
1.0
 40
1.0
 40
1.0
 10
74.94867900985383
 20
-145.3265206028995
 30
0.0
 10
75.50488272345347
 20
-145.3265206028995
 30
0.0
 10
76.70916612641423
 20
-145.3328912784995
 30
0.0
 10
78.80381396403328
 20
-145.6479751111196
 30
0.0
 10
80.69965428461392
 20
-146.6885403629794
 30
0.0
 10
81.96182153167347
 20
-148.3671813033797
 30
0.0
 10
82.54258167571363
 20
-150.0647825665396
 30
0.0
 10
82.69379684953429
 20
-151.6988841929196
 30
0.0
 10
82.69808890851374
 20
-152.6817054733996
 30
0.0
 10
82.69711801383374
 20
-153.0757347513794
 30
0.0
  0
SPLINE
  5
1A9D
102
{ACAD_REACTORS
330
1D05
102
}
330
242
100
AcDbEntity
  8
0
  6
Continuous
 62
     7
100
AcDbSpline
210
0.0
220
0.0
230
1.0
 70
     8
 71
     3
 72
    14
 73
    10
 74
     0
 42
0.000000001
 43
0.0000001
 40
0.0
 40
0.0
 40
0.0
 40
0.0
 40
0.0523611849
 40
0.1620846456
 40
0.2841026752
 40
0.4709929982000001
 40
0.6984881615000001
 40
0.8461258745
 40
1.0
 40
1.0
 40
1.0
 40
1.0
 10
43.70671900977441
 20
-153.0749606025596
 30
0.0
 10
43.70671900977441
 20
-152.8603304095199
 30
0.0
 10
43.70745922165435
 20
-152.1911855679795
 30
0.0
 10
43.75374969295381
 20
-151.0021986038195
 30
0.0
 10
44.06254832605492
 20
-149.2418864018195
 30
0.0
 10
45.14155163667448
 20
-147.0892501051198
 30
0.0
 10
47.33045809705373
 20
-145.7249603927598
 30
0.0
 10
49.56769264721453
 20
-145.3352493713195
 30
0.0
 10
50.82329160159344
 20
-145.3265206028995
 30
0.0
 10
51.45555900863411
 20
-145.3265206028995
 30
0.0
  0
SPLINE
  5
1A9E
330
242
100
AcDbEntity
  8
0
  6
Continuous
 62
     7
100
AcDbSpline
210
0.0
220
0.0
230
1.0
 70
     8
 71
     3
 72
    15
 73
    11
 74
     0
 42
0.000000001
 43
0.0000001
 40
0.0
 40
0.0
 40
0.0
 40
0.0
 40
0.1041583199
 40
0.2617039275
 40
0.3996314928
 40
0.5349933294
 40
0.6663488560000001
 40
0.7758014250000001
 40
0.8834528023999999
 40
1.0
 40
1.0
 40
1.0
 40
1.0
 10
51.45554900865437
 20
-184.3169206026399
 30
0.0
 10
51.02688228407379
 20
-184.3169206026399
 30
0.0
 10
49.93956556361474
 20
-184.3138758970194
 30
0.0
 10
48.24232725121357
 20
-184.1251895484596
 30
0.0
 10
46.48179571513384
 20
-183.4396624968598
 30
0.0
 10
45.10351577675311
 20
-182.2776979703998
 30
0.0
 10
44.26451205725453
 20
-180.8406448856598
 30
0.0
 10
43.8590302520136
 20
-179.3899579241996
 30
0.0
 10
43.70994709831331
 20
-177.9820704097796
 30
0.0
 10
43.70671900977441
 20
-177.0456393717995
 30
0.0
 10
43.70671900977441
 20
-176.5680906037595
 30
0.0
  0
SPLINE
  5
1A9F
330
242
100
AcDbEntity
  8
0
  6
Continuous
 62
     7
100
AcDbSpline
210
0.0
220
0.0
230
1.0
 70
     8
 71
     3
 72
    14
 73
    10
 74
     0
 42
0.000000001
 43
0.0000001
 40
0.0
 40
0.0
 40
0.0
 40
0.0
 40
0.1332856546
 40
0.2584028804
 40
0.3855821477
 40
0.5799256
 40
0.7994545195999999
 40
0.9267977864
 40
1.0
 40
1.0
 40
1.0
 40
1.0
 10
82.69711900951397
 20
-176.5680806037798
 30
0.0
 10
82.69711900951397
 20
-177.1155895951196
 30
0.0
 10
82.69275146173397
 20
-178.1913924904997
 30
0.0
 10
82.47066005171319
 20
-179.8180674388194
 30
0.0
 10
81.80220053773457
 20
-181.6465659027198
 30
0.0
 10
80.1457980034541
 20
-183.4708725157197
 30
0.0
 10
77.84138886577449
 20
-184.2073775146395
 30
0.0
 10
76.07858264793441
 20
-184.3150666617197
 30
0.0
 10
75.24965678737345
 20
-184.3169206026399
 30
0.0
 10
74.94867900985383
 20
-184.3169206026399
 30
0.0
  0
SPLINE
  5
1AA0
330
242
100
AcDbEntity
  8
0
  6
Continuous
 62
     7
100
AcDbSpline
210
0.0
220
0.0
230
1.0
 70
     8
 71
     3
 72
    15
 73
    11
 74
     0
 42
0.000000001
 43
0.0000001
 40
0.0
 40
0.0
 40
0.0
 40
0.0
 40
0.1250708505
 40
0.25015907
 40
0.3752058035
 40
0.5002178648
 40
0.6251829257
 40
0.7501160413
 40
0.8750386638
 40
1.0
 40
1.0
 40
1.0
 40
1.0
 10
40.32010339287473
 20
-181.9055287350597
 30
0.0
 10
40.32013753555412
 20
-182.2846164071597
 30
0.0
 10
40.39500832307413
 20
-183.04493406356
 30
0.0
 10
40.72733262413414
 20
-184.1398561332998
 30
0.0
 10
41.2670930584548
 20
-185.1490672619397
 30
0.0
 10
41.99309475097408
 20
-186.0331848078999
 30
0.0
 10
42.87738923841454
 20
-186.7584318079997
 30
0.0
 10
43.88603191759495
 20
-187.2971065370997
 30
0.0
 10
44.97987112437323
 20
-187.6288420966397
 30
0.0
 10
45.7393601387942
 20
-187.7035153051792
 30
0.0
 10
46.118115876074
 20
-187.7035412233398
 30
0.0
  0
SPLINE
  5
1AA1
330
242
100
AcDbEntity
  8
0
  6
Continuous
 62
     7
100
AcDbSpline
210
0.0
220
0.0
230
1.0
 70
     8
 71
     3
 72
    15
 73
    11
 74
     0
 42
0.000000001
 43
0.0000001
 40
0.0
 40
0.0
 40
0.0
 40
0.0
 40
0.1250708505
 40
0.25015907
 40
0.3752058035
 40
0.5002178648
 40
0.6251829257
 40
0.7501160413
 40
0.8750386638
 40
1.0
 40
1.0
 40
1.0
 40
1.0
 10
46.118115876074
 20
-141.9398999847394
 30
0.0
 10
45.73902820651375
 20
-141.9399341274197
 30
0.0
 10
44.97871055011393
 20
-142.0148049149397
 30
0.0
 10
43.88378848037456
 20
-142.3471292185394
 30
0.0
 10
42.87457735173421
 20
-142.8868896528596
 30
0.0
 10
41.99045980577404
 20
-143.6128913428396
 30
0.0
 10
41.26521280567368
 20
-144.4971858328198
 30
0.0
 10
40.72653807403395
 20
-145.5058285119998
 30
0.0
 10
40.39480251703326
 20
-146.5996677187795
 30
0.0
 10
40.32012930849425
 20
-147.3591567332
 30
0.0
 10
40.3201033903336
 20
-147.7379124679395
 30
0.0
  0
SPLINE
  5
1AA2
330
242
100
AcDbEntity
  8
0
  6
Continuous
 62
     7
100
AcDbSpline
210
0.0
220
0.0
230
1.0
 70
     8
 71
     3
 72
    15
 73
    11
 74
     0
 42
0.000000001
 43
0.0000001
 40
0.0
 40
0.0
 40
0.0
 40
0.0
 40
0.1250708505
 40
0.25015907
 40
0.3752058035
 40
0.5002178648
 40
0.6251829257
 40
0.7501160413
 40
0.8750386638
 40
1.0
 40
1.0
 40
1.0
 40
1.0
 10
80.28573214319322
 20
-187.7035412207996
 30
0.0
 10
80.66481981275348
 20
-187.7035070781193
 30
0.0
 10
81.4251374691533
 20
-187.6286362905993
 30
0.0
 10
82.52005953889357
 20
-187.2963119895398
 30
0.0
 10
83.52927066753483
 20
-186.7565515552195
 30
0.0
 10
84.41338821349409
 20
-186.0305498626998
 30
0.0
 10
85.13863521359354
 20
-185.1462553727196
 30
0.0
 10
85.67730994523328
 20
-184.1376126960799
 30
0.0
 10
86.00904550223395
 20
-183.04377348676
 30
0.0
 10
86.08371871077389
 20
-182.2842844748797
 30
0.0
 10
86.08374462893364
 20
-181.9055287375999
 30
0.0
  0
SPLINE
  5
1AA3
330
242
100
AcDbEntity
  8
0
  6
Continuous
 62
     7
100
AcDbSpline
210
0.0
220
0.0
230
1.0
 70
     8
 71
     3
 72
    15
 73
    11
 74
     0
 42
0.000000001
 43
0.0000001
 40
0.0
 40
0.0
 40
0.0
 40
0.0
 40
0.1250708505
 40
0.25015907
 40
0.3752058035
 40
0.5002178648
 40
0.6251829257
 40
0.7501160413
 40
0.8750386638
 40
1.0
 40
1.0
 40
1.0
 40
1.0
 10
86.08374462639432
 20
-147.7379124704798
 30
0.0
 10
86.08371048371401
 20
-147.3588247983798
 30
0.0
 10
86.00883969619308
 20
-146.5985071419795
 30
0.0
 10
85.67651539513491
 20
-145.5035850747799
 30
0.0
 10
85.13675496081424
 20
-144.4943739461395
 30
0.0
 10
84.41075326829405
 20
-143.6102564001798
 30
0.0
 10
83.52645878085359
 20
-142.8850093975397
 30
0.0
 10
82.51781610167501
 20
-142.3463346684397
 30
0.0
 10
81.42397689489399
 20
-142.0145991088993
 30
0.0
 10
80.66448788047484
 20
-141.9399259003598
 30
0.0
 10
80.28573214319322
 20
-141.9398999847394
 30
0.0
  0
SPLINE
  5
1AA4
330
242
100
AcDbEntity
  8
0
  6
Continuous
 62
     7
100
AcDbSpline
210
0.0
220
0.0
230
1.0
 70
     8
 71
     3
 72
    15
 73
    11
 74
     0
 42
0.000000001
 43
0.0000001
 40
0.0
 40
0.0
 40
0.0
 40
0.0
 40
0.1250710283
 40
0.2501592105999999
 40
0.3752059495
 40
0.5002178749000001
 40
0.6251828165
 40
0.7501158515000001
 40
0.8750385123999999
 40
1.0
 40
1.0
 40
1.0
 40
1.0
 10
46.118115876074
 20
-142.4397286472598
 30
0.0
 10
45.77170034081456
 20
-142.4397528839394
 30
0.0
 10
45.07690850205409
 20
-142.5081107075997
 30
0.0
 10
44.07633524031399
 20
-142.8117395212197
 30
0.0
 10
43.15408660475378
 20
-143.3049446739996
 30
0.0
 10
42.34615842127396
 20
-143.9683632023797
 30
0.0
 10
41.68342926667293
 20
-144.7764526250593
 30
0.0
 10
41.19121796001429
 20
-145.6981830625195
 30
0.0
 10
40.88812659007482
 20
-146.6977649724198
 30
0.0
 10
40.81993950013504
 20
-147.39180033314
 30
0.0
 10
40.81993205285499
 20
-147.7379124679395
 30
0.0
  0
SPLINE
  5
1AA5
330
242
100
AcDbEntity
  8
0
  6
Continuous
 62
     7
100
AcDbSpline
210
0.0
220
0.0
230
1.0
 70
     8
 71
     3
 72
    15
 73
    11
 74
     0
 42
0.000000001
 43
0.0000001
 40
0.0
 40
0.0
 40
0.0
 40
0.0
 40
0.1250710283
 40
0.2501592105999999
 40
0.3752059495
 40
0.5002178749000001
 40
0.6251828165
 40
0.7501158515000001
 40
0.8750385123999999
 40
1.0
 40
1.0
 40
1.0
 40
1.0
 10
85.58391596641405
 20
-147.7379124679395
 30
0.0
 10
85.58389172973448
 20
-147.3914969326797
 30
0.0
 10
85.51553390353394
 20
-146.6967050964594
 30
0.0
 10
85.21190509245327
 20
-145.6961318347198
 30
0.0
 10
84.71869993713363
 20
-144.7738831991595
 30
0.0
 10
84.05528141129371
 20
-143.9659550156797
 30
0.0
 10
83.24719198861322
 20
-143.3032258585394
 30
0.0
 10
82.32546155115352
 20
-142.8110145544196
 30
0.0
 10
81.32587964125406
 20
-142.5079231844797
 30
0.0
 10
80.63184428053437
 20
-142.4397360945394
 30
0.0
 10
80.28573214319322
 20
-142.4397286472598
 30
0.0
  0
SPLINE
  5
1AA6
330
242
100
AcDbEntity
  8
0
  6
Continuous
 62
     7
100
AcDbSpline
210
0.0
220
0.0
230
1.0
 70
     8
 71
     3
 72
    15
 73
    11
 74
     0
 42
0.000000001
 43
0.0000001
 40
0.0
 40
0.0
 40
0.0
 40
0.0
 40
0.1250710283
 40
0.2501592105999999
 40
0.3752059495
 40
0.5002178749000001
 40
0.6251828165
 40
0.7501158515000001
 40
0.8750385123999999
 40
1.0
 40
1.0
 40
1.0
 40
1.0
 10
80.28573214319322
 20
-187.2037125608198
 30
0.0
 10
80.63214767845449
 20
-187.2036883241393
 30
0.0
 10
81.32693951721405
 20
-187.1353304979397
 30
0.0
 10
82.32751277895323
 20
-186.8317016843197
 30
0.0
 10
83.24976141451344
 20
-186.3384965315399
 30
0.0
 10
84.05768959799416
 20
-185.6750780056999
 30
0.0
 10
84.7204187525943
 20
-184.8669885804797
 30
0.0
 10
85.21263005925385
 20
-183.9452581455597
 30
0.0
 10
85.51572142919514
 20
-182.9456762331196
 30
0.0
 10
85.58390851913401
 20
-182.2516408723995
 30
0.0
 10
85.58391596641405
 20
-181.9055287375999
 30
0.0
  0
SPLINE
  5
1AA7
330
242
100
AcDbEntity
  8
0
  6
Continuous
 62
     7
100
AcDbSpline
210
0.0
220
0.0
230
1.0
 70
     8
 71
     3
 72
    15
 73
    11
 74
     0
 42
0.000000001
 43
0.0000001
 40
0.0
 40
0.0
 40
0.0
 40
0.0
 40
0.1250710283
 40
0.2501592105999999
 40
0.3752059495
 40
0.5002178749000001
 40
0.6251828165
 40
0.7501158515000001
 40
0.8750385123999999
 40
1.0
 40
1.0
 40
1.0
 40
1.0
 10
40.81993205285499
 20
-181.9055287375999
 30
0.0
 10
40.81995628953364
 20
-182.2519442728598
 30
0.0
 10
40.8883141157342
 20
-182.9467361116198
 30
0.0
 10
41.19194292681396
 20
-183.9473093733599
 30
0.0
 10
41.6851480821345
 20
-184.8695580089197
 30
0.0
 10
42.3485666079735
 20
-185.6774861923999
 30
0.0
 10
43.156656030654
 20
-186.3402153469996
 30
0.0
 10
44.0783864681137
 20
-186.8324266536596
 30
0.0
 10
45.07796837801407
 20
-187.1355180210593
 30
0.0
 10
45.77200373873466
 20
-187.2037051135393
 30
0.0
 10
46.118115876074
 20
-187.2037125608198
 30
0.0
  0
SPLINE
  5
1AB3
330
242
100
AcDbEntity
  8
0
  6
Continuous
 62
     7
100
AcDbSpline
210
0.0
220
0.0
230
1.0
 70
     8
 71
     3
 72
    27
 73
    23
 74
     0
 42
0.000000001
 43
0.0000001
 40
0.0
 40
0.0
 40
0.0
 40
0.0
 40
0.1951991382
 40
0.3829181719
 40
0.5558452274
 40
0.6346691955
 40
0.7073593750000001
 40
0.7732240443000001
 40
0.8316366418999999
 40
0.8820361914999999
 40
0.9239460545
 40
0.9415895112999999
 40
0.9569680593999999
 40
0.9700435570999999
 40
0.9807871297
 40
0.9891712455
 40
0.9924711639999999
 40
0.9951743351000001
 40
0.9972795826
 40
0.9987858000000001
 40
0.9996921361
 40
1.0
 40
1.0
 40
1.0
 40
1.0
 10
19.27374455095406
 20
-181.9055287350597
 30
0.0
 10
19.27459577353448
 20
-182.2827876020796
 30
0.0
 10
19.27610189193393
 20
-183.0228490124795
 30
0.0
 10
19.27780397387351
 20
-184.0971253602396
 30
0.0
 10
19.27872032967326
 20
-184.9464852109199
 30
0.0
 10
19.27909319405381
 20
-185.5735300528394
 30
0.0
 10
19.27918868281387
 20
-185.9936563601599
 30
0.0
 10
19.27910921129324
 20
-186.37433381064
 30
0.0
 10
19.27885715439362
 20
-186.7119301661795
 30
0.0
 10
19.27843604779474
 20
-187.0032293295794
 30
0.0
 10
19.27792797921421
 20
-187.2157332987794
 30
0.0
 10
19.27741639019342
 20
-187.3605535018995
 30
0.0
 10
19.27701453425498
 20
-187.4496428588999
 30
0.0
 10
19.2765822897548
 20
-187.5254045539595
 30
0.0
 10
19.27609966435494
 20
-187.5876249781594
 30
0.0
 10
19.27568384857323
 20
-187.6310068040201
 30
0.0
 10
19.27525180219373
 20
-187.6587515262794
 30
0.0
 10
19.27506124631355
 20
-187.6745431888798
 30
0.0
 10
19.27455974109335
 20
-187.6864258905392
 30
0.0
 10
19.27478249147344
 20
-187.6958751020197
 30
0.0
 10
19.27363685749452
 20
-187.6998546495601
 30
0.0
 10
19.27433921829407
 20
-187.7035231791801
 30
0.0
 10
19.27374448491474
 20
-187.7035412233398
 30
0.0
  0
SPLINE
  5
1AB4
330
242
100
AcDbEntity
  8
0
  6
Continuous
 62
     7
100
AcDbSpline
210
0.0
220
0.0
230
1.0
 70
     8
 71
     3
 72
    27
 73
    23
 74
     0
 42
0.000000001
 43
0.0000001
 40
0.0
 40
0.0
 40
0.0
 40
0.0
 40
0.0003092974
 40
0.0012186973
 40
0.0027292531
 40
0.0048397696
 40
0.0075487971
 40
0.0108548162
 40
0.0192516276
 40
0.0300171739
 40
0.0431257865
 40
0.0585392328
 40
0.0762187241
 40
0.118215791
 40
0.1687080967
 40
0.227199928
 40
0.293127274
 40
0.3658490256
 40
0.4446625295000001
 40
0.6174837371000001
 40
0.8049696154999999
 40
1.0
 40
1.0
 40
1.0
 40
1.0
 10
19.27374455095406
 20
-141.9398999847394
 30
0.0
 10
19.2743418522744
 20
-141.9399238277196
 30
0.0
 10
19.27363409143464
 20
-141.9435930177396
 30
0.0
 10
19.2747844015542
 20
-141.9475984123195
 30
0.0
 10
19.27455955567376
 20
-141.9570666915796
 30
0.0
 10
19.27506211753399
 20
-141.9689818391998
 30
0.0
 10
19.27525258705401
 20
-141.9848057496396
 30
0.0
 10
19.27568507793359
 20
-142.0125986455395
 30
0.0
 10
19.27610169635346
 20
-142.0560589116798
 30
0.0
 10
19.27658481959344
 20
-142.1184104862399
 30
0.0
 10
19.27701714791357
 20
-142.1943460468396
 30
0.0
 10
19.27741928833467
 20
-142.2836365134194
 30
0.0
 10
19.27793113135368
 20
-142.4287623344198
 30
0.0
 10
19.27843879099447
 20
-142.64168375516
 30
0.0
 10
19.27885919655392
 20
-142.9334838522799
 30
0.0
 10
19.27911038223402
 20
-143.2715337400595
 30
0.0
 10
19.27918861423342
 20
-143.6525464654596
 30
0.0
 10
19.279091939294
 20
-144.0728346926998
 30
0.0
 10
19.27871790143337
 20
-144.6997157401797
 30
0.0
 10
19.27780097413353
 20
-145.5484001540594
 30
0.0
 10
19.27609988025352
 20
-146.6216951372593
 30
0.0
 10
19.27459461275458
 20
-147.3609797597795
 30
0.0
 10
19.27374448491474
 20
-147.7379124679395
 30
0.0
  0
SPLINE
  5
1AB5
330
242
100
AcDbEntity
  8
0
  6
Continuous
 62
     7
100
AcDbSpline
210
0.0
220
0.0
230
1.0
 70
     8
 71
     3
 72
    11
 73
     7
 74
     0
 42
0.000000001
 43
0.0000001
 40
0.0
 40
0.0
 40
0.0
 40
0.0
 40
0.2507022258
 40
0.5046510421
 40
0.7565216044
 40
1.0
 40
1.0
 40
1.0
 40
1.0
 10
12.75287868999413
 20
-170.0717206044
 30
0.0
 10
12.75287868999413
 20
-170.17554743256
 30
0.0
 10
12.71089118189349
 20
-170.3868081123996
 30
0.0
 10
12.5309810768943
 20
-170.6532494616598
 30
0.0
 10
12.26482286397396
 20
-170.8278060492998
 30
0.0
 10
12.05761532563366
 20
-170.8678190909394
 30
0.0
 10
11.95678020091355
 20
-170.8678190909394
 30
0.0
  0
SPLINE
  5
1AB6
330
242
100
AcDbEntity
  8
0
  6
Continuous
 62
     7
100
AcDbSpline
210
0.0
220
0.0
230
1.0
 70
     8
 71
     3
 72
    11
 73
     7
 74
     0
 42
0.000000001
 43
0.0000001
 40
0.0
 40
0.0
 40
0.0
 40
0.0
 40
0.2507233989
 40
0.5046725003
 40
0.7565322406
 40
1.0
 40
1.0
 40
1.0
 40
1.0
 10
11.95678020091355
 20
-157.7756221156195
 30
0.0
 10
12.06061580477336
 20
-157.7756221156195
 30
0.0
 10
12.27188612391484
 20
-157.8176147265798
 30
0.0
 10
12.53832445311337
 20
-157.9975372547196
 30
0.0
 10
12.71286948121388
 20
-158.2636913528399
 30
0.0
 10
12.75287868999413
 20
-158.4708898792595
 30
0.0
 10
12.75287868999413
 20
-158.5717206021599
 30
0.0
  0
SPLINE
  5
1AB7
330
242
100
AcDbEntity
  8
0
  6
Continuous
 62
     7
100
AcDbSpline
210
0.0
220
0.0
230
1.0
 70
     8
 71
     3
 72
    27
 73
    23
 74
     0
 42
0.000000001
 43
0.0000001
 40
0.0
 40
0.0
 40
0.0
 40
0.0
 40
0.1951960649
 40
0.3829112524
 40
0.5558341650000001
 40
0.6346562122
 40
0.7073455911
 40
0.7732107676000001
 40
0.8316253416
 40
0.8820281859999999
 40
0.9239422172000001
 40
0.941587874
 40
0.9569685266
 40
0.970045915
 40
0.9807910040999999
 40
0.989176072
 40
0.9924761951
 40
0.9951793472
 40
0.9972843029999999
 40
0.9987898766999999
 40
0.9996950266999999
 40
1.0
 40
1.0
 40
1.0
 40
1.0
 10
-1.999161257226376
 20
-147.8406217291198
 30
0.0
 10
-1.999800432985182
 20
-147.4632732001
 30
0.0
 10
-2.000930984446029
 20
-146.7230377844598
 30
0.0
 10
-2.002208830505594
 20
-145.6485111984397
 30
0.0
 10
-2.00289671330637
 20
-144.7989560115997
 30
0.0
 10
-2.003176578125646
 20
-144.1717661864795
 30
0.0
 10
-2.003248262006025
 20
-143.7515381572397
 30
0.0
 10
-2.003188620266598
 20
-143.3707614079994
 30
0.0
 10
-2.002999397884821
 20
-143.0330686746996
 30
0.0
 10
-2.002683343145406
 20
-142.74167763696
 30
0.0
 10
-2.002301822446213
 20
-142.5291011482194
 30
0.0
 10
-2.001918020826167
 20
-142.3842276101795
 30
0.0
 10
-2.001615801466584
 20
-142.2951034780398
 30
0.0
 10
-2.001292893806464
 20
-142.2193112750401
 30
0.0
 10
-2.000926115266054
 20
-142.1570665303397
 30
0.0
 10
-2.000624167686225
 20
-142.1136663453598
 30
0.0
 10
-2.00028419376548
 20
-142.0859132385598
 30
0.0
 10
-2.000173975545919
 20
-142.0701125691197
 30
0.0
 10
-1.999712645506122
 20
-142.0582381046797
 30
0.0
 10
-2.00007202248679
 20
-142.04876469716
 30
0.0
 10
-1.998875278625462
 20
-142.0448308340596
 30
0.0
 10
-1.999750656605726
 20
-142.0411293682595
 30
0.0
 10
-1.999161186106618
 20
-142.0411186291398
 30
0.0
  0
SPLINE
  5
1AB8
330
242
100
AcDbEntity
  8
0
  6
Continuous
 62
     7
100
AcDbSpline
210
0.0
220
0.0
230
1.0
 70
     8
 71
     3
 72
    27
 73
    23
 74
     0
 42
0.000000001
 43
0.0000001
 40
0.0
 40
0.0
 40
0.0
 40
0.0
 40
0.0003063598
 40
0.0012144861
 40
0.0027242884
 40
0.0048343941
 40
0.0075432868
 40
0.0108494107
 40
0.0192470595
 40
0.0300141114
 40
0.0431245065
 40
0.0585398992
 40
0.0762214423
 40
0.1182225537
 40
0.1687178863
 40
0.2272115206
 40
0.2931391339
 40
0.3658598953999999
 40
0.4446714176
 40
0.6174877209
 40
0.8049702732
 40
1.0
 40
1.0
 40
1.0
 40
1.0
 10
-1.999161257226376
 20
-187.6023225763992
 30
0.0
 10
-1.99975323724692
 20
-187.6023047252801
 30
0.0
 10
-1.998872644646951
 20
-187.5986064243197
 30
0.0
 10
-2.000073770006281
 20
-187.5946437322199
 30
0.0
 10
-1.999712434686159
 20
-187.5851538350197
 30
0.0
 10
-2.000174691825748
 20
-187.5732467163397
 30
0.0
 10
-2.000284800824999
 20
-187.55741477442
 30
0.0
 10
-2.000625112565728
 20
-187.5296139562596
 30
0.0
 10
-2.000927618945468
 20
-187.4861358517
 30
0.0
 10
-2.001294735305862
 20
-187.4237603300202
 30
0.0
 10
-2.001617696306027
 20
-187.3477947669402
 30
0.0
 10
-2.001920144266193
 20
-187.2584702745197
 30
0.0
 10
-2.002304179566351
 20
-187.1132918729799
 30
0.0
 10
-2.002685413245387
 20
-186.9002988674196
 30
0.0
 10
-2.003000924426203
 20
-186.6084078586195
 30
0.0
 10
-2.003189483865469
 20
-186.2702627919593
 30
0.0
 10
-2.003248211206198
 20
-185.8891518422196
 30
0.0
 10
-2.003175653566074
 20
-185.4687627947596
 30
0.0
 10
-2.002894884506247
 20
-184.8417387528997
 30
0.0
 10
-2.00220661562588
 20
-183.9928597470797
 30
0.0
 10
-2.000929485846143
 20
-182.9193105581398
 30
0.0
 10
-1.999799546526162
 20
-182.1798464414395
 30
0.0
 10
-1.999161186106618
 20
-181.8028194789598
 30
0.0
  0
SPLINE
  5
1AB9
330
242
100
AcDbEntity
  8
0
  6
Continuous
 62
     7
100
AcDbSpline
210
0.0
220
0.0
230
1.0
 70
     8
 71
     3
 72
    11
 73
     7
 74
     0
 42
0.000000001
 43
0.0000001
 40
0.0
 40
0.0
 40
0.0
 40
0.0
 40
0.2507022258
 40
0.5046510421
 40
0.7565216044
 40
1.0
 40
1.0
 40
1.0
 40
1.0
 10
10.16068171285343
 20
-158.5717206021599
 30
0.0
 10
10.16068171285343
 20
-158.4678937739995
 30
0.0
 10
10.20266922095317
 20
-158.2566330941599
 30
0.0
 10
10.38257932341486
 20
-157.9901917448996
 30
0.0
 10
10.6487375388736
 20
-157.8156351572597
 30
0.0
 10
10.85594507721481
 20
-157.7756221156195
 30
0.0
 10
10.9567802019331
 20
-157.7756221156195
 30
0.0
  0
SPLINE
  5
1ABA
330
242
100
AcDbEntity
  8
0
  6
Continuous
 62
     7
100
AcDbSpline
210
0.0
220
0.0
230
1.0
 70
     8
 71
     3
 72
    11
 73
     7
 74
     0
 42
0.000000001
 43
0.0000001
 40
0.0
 40
0.0
 40
0.0
 40
0.0
 40
0.2507233989
 40
0.5046725003
 40
0.7565322406
 40
1.0
 40
1.0
 40
1.0
 40
1.0
 10
10.9567802019331
 20
-170.8678190909394
 30
0.0
 10
10.85294459553398
 20
-170.8678190909394
 30
0.0
 10
10.64167427893454
 20
-170.8258264799796
 30
0.0
 10
10.37523594973419
 20
-170.6459039518394
 30
0.0
 10
10.20069092163459
 20
-170.37974985372
 30
0.0
 10
10.16068171285343
 20
-170.1725513272999
 30
0.0
 10
10.16068171285343
 20
-170.0717206044
 30
0.0
  0
SPLINE
  5
1AC8
330
242
100
AcDbEntity
  8
0
  6
Continuous
 62
     7
100
AcDbSpline
210
0.0
220
0.0
230
1.0
 70
     8
 71
     3
 72
    27
 73
    23
 74
     0
 42
0.000000001
 43
0.0000001
 40
0.0
 40
0.0
 40
0.0
 40
0.0
 40
0.1951991382
 40
0.3829181719
 40
0.5558452274
 40
0.6346691955
 40
0.7073593750000001
 40
0.7732240443000001
 40
0.8316366418999999
 40
0.8820361914999999
 40
0.9239460545
 40
0.9415895112999999
 40
0.9569680593999999
 40
0.9700435570999999
 40
0.9807871297
 40
0.9891712455
 40
0.9924711639999999
 40
0.9951743351000001
 40
0.9972795826
 40
0.9987858000000001
 40
0.9996921361
 40
1.0
 40
1.0
 40
1.0
 40
1.0
 10
46.118115876074
 20
-117.317409635244
 30
0.0
 10
45.7408570115943
 20
-117.318260857824
 30
0.0
 10
45.00079560119348
 20
-117.3197669762243
 30
0.0
 10
43.92651925343426
 20
-117.3214690607041
 30
0.0
 10
43.07715940275312
 20
-117.3223854139641
 30
0.0
 10
42.45011456083495
 20
-117.3227582783442
 30
0.0
 10
42.02998825097466
 20
-117.3228537671043
 30
0.0
 10
41.64931080303477
 20
-117.3227742955841
 30
0.0
 10
41.3117144474939
 20
-117.322522238684
 30
0.0
 10
41.02041528409455
 20
-117.3221011320842
 30
0.0
 10
40.80791131235429
 20
-117.3215930635042
 30
0.0
 10
40.6630911117748
 20
-117.3210814744843
 30
0.0
 10
40.57400175223421
 20
-117.320679618544
 30
0.0
 10
40.49824005971487
 20
-117.3202473740443
 30
0.0
 10
40.43601963551402
 20
-117.319764748644
 30
0.0
 10
40.392637807114
 20
-117.3193489328641
 30
0.0
 10
40.36489308485426
 20
-117.3189168864841
 30
0.0
 10
40.34910142479503
 20
-117.318726330604
 30
0.0
 10
40.33721872313373
 20
-117.3182248253838
 30
0.0
 10
40.32776951165425
 20
-117.3184475783041
 30
0.0
 10
40.32378996411381
 20
-117.3173019417845
 30
0.0
 10
40.32012143449384
 20
-117.3180043025845
 30
0.0
 10
40.3201033903336
 20
-117.3174095692042
 30
0.0
  0
SPLINE
  5
1AC9
330
242
100
AcDbEntity
  8
0
  6
Continuous
 62
     7
100
AcDbSpline
210
0.0
220
0.0
230
1.0
 70
     8
 71
     3
 72
    27
 73
    23
 74
     0
 42
0.000000001
 43
0.0000001
 40
0.0
 40
0.0
 40
0.0
 40
0.0
 40
0.0003092974
 40
0.0012186973
 40
0.0027292531
 40
0.0048397696
 40
0.0075487971
 40
0.0108548162
 40
0.0192516276
 40
0.0300171739
 40
0.0431257865
 40
0.0585392328
 40
0.0762187241
 40
0.118215791
 40
0.1687080967
 40
0.227199928
 40
0.293127274
 40
0.3658490256
 40
0.4446625295000001
 40
0.6174837371000001
 40
0.8049696154999999
 40
1.0
 40
1.0
 40
1.0
 40
1.0
 10
86.08374462639432
 20
-117.317409635244
 30
0.0
 10
86.08372078595431
 20
-117.3180069365639
 30
0.0
 10
86.08005159593387
 20
-117.3172991782639
 30
0.0
 10
86.07604619881504
 20
-117.3184494858442
 30
0.0
 10
86.06657792209473
 20
-117.3182246425044
 30
0.0
 10
86.0546627744746
 20
-117.3187272018239
 30
0.0
 10
86.03883886403428
 20
-117.318917671344
 30
0.0
 10
86.01104596559371
 20
-117.319350162224
 30
0.0
 10
85.96758569945388
 20
-117.3197667806439
 30
0.0
 10
85.90523412743397
 20
-117.3202499038843
 30
0.0
 10
85.8292985642932
 20
-117.320682232204
 30
0.0
 10
85.74000810025456
 20
-117.3210843726242
 30
0.0
 10
85.59488227925459
 20
-117.3215962156441
 30
0.0
 10
85.38196085597366
 20
-117.322103875284
 30
0.0
 10
85.09016076139443
 20
-117.3225242833841
 30
0.0
 10
84.75211087361396
 20
-117.3227754690642
 30
0.0
 10
84.37109814567367
 20
-117.3228536985243
 30
0.0
 10
83.95080992097366
 20
-117.322757023584
 30
0.0
 10
83.32392887095403
 20
-117.3223829857238
 30
0.0
 10
82.47524445707432
 20
-117.3214660584239
 30
0.0
 10
81.40194947641459
 20
-117.3197649670842
 30
0.0
 10
80.66266485135413
 20
-117.3182596970441
 30
0.0
 10
80.28573214319322
 20
-117.3174095692042
 30
0.0
  0
SPLINE
  5
1ACA
330
242
100
AcDbEntity
  8
0
  6
Continuous
 62
     7
100
AcDbSpline
210
0.0
220
0.0
230
1.0
 70
     8
 71
     3
 72
    15
 73
    11
 74
     0
 42
0.000000001
 43
0.0000001
 40
0.0
 40
0.0
 40
0.0
 40
0.0
 40
0.1249734743
 40
0.250043348
 40
0.3751952736
 40
0.5002849552000001
 40
0.6252879276
 40
0.7502240786
 40
0.8751138741
 40
1.0
 40
1.0
 40
1.0
 40
1.0
 10
75.65192400925326
 20
-108.2017031753043
 30
0.0
 10
75.65191609969435
 20
-108.5202822562041
 30
0.0
 10
75.5243555851942
 20
-109.1646543482042
 30
0.0
 10
74.97912201221453
 20
-109.9794363965638
 30
0.0
 10
74.16264673635424
 20
-110.5248448129841
 30
0.0
 10
73.19985994209429
 20
-110.7154877641842
 30
0.0
 10
72.23797682649394
 20
-110.5233578080842
 30
0.0
 10
71.42328989605477
 20
-109.9777112768242
 30
0.0
 10
70.87925270371425
 20
-109.1637386451843
 30
0.0
 10
70.75192670487496
 20
-108.5200595921842
 30
0.0
 10
70.75192400993484
 20
-108.2017031753043
 30
0.0
  0
SPLINE
  5
1ACB
330
242
100
AcDbEntity
  8
0
  6
Continuous
 62
     7
100
AcDbSpline
210
0.0
220
0.0
230
1.0
 70
     8
 71
     3
 72
    15
 73
    11
 74
     0
 42
0.000000001
 43
0.0000001
 40
0.0
 40
0.0
 40
0.0
 40
0.0
 40
0.1249734743
 40
0.250043348
 40
0.3751952736
 40
0.5002849552000001
 40
0.6252879276
 40
0.7502240786
 40
0.8751138741
 40
1.0
 40
1.0
 40
1.0
 40
1.0
 10
50.75192401001396
 20
-108.2017031753043
 30
0.0
 10
50.7519319195747
 20
-107.8831240944041
 30
0.0
 10
50.87949243407393
 20
-107.2387520049442
 30
0.0
 10
51.4247260070536
 20
-106.4239699565841
 30
0.0
 10
52.24120128291389
 20
-105.8785615376241
 30
0.0
 10
53.20398807717385
 20
-105.6879185889638
 30
0.0
 10
54.1658711927733
 20
-105.8800485450642
 30
0.0
 10
54.98055812321428
 20
-106.4256950763242
 30
0.0
 10
55.52459531555479
 20
-107.2396677079641
 30
0.0
 10
55.65192131439409
 20
-107.8833467609642
 30
0.0
 10
55.65192400933421
 20
-108.2017031753043
 30
0.0
  0
SPLINE
  5
1ACC
330
242
100
AcDbEntity
  8
0
  6
Continuous
 62
     7
100
AcDbSpline
210
0.0
220
0.0
230
1.0
 70
     8
 71
     3
 72
    15
 73
    11
 74
     0
 42
0.000000001
 43
0.0000001
 40
0.0
 40
0.0
 40
0.0
 40
0.0
 40
0.1249734743
 40
0.250043348
 40
0.3751952736
 40
0.5002849552000001
 40
0.6252879276
 40
0.7502240786
 40
0.8751138741
 40
1.0
 40
1.0
 40
1.0
 40
1.0
 10
55.65192400933421
 20
-108.2017031753043
 30
0.0
 10
55.65191609977438
 20
-108.5202822562041
 30
0.0
 10
55.52435558527332
 20
-109.1646543482042
 30
0.0
 10
54.97912201229365
 20
-109.9794363965638
 30
0.0
 10
54.16264673389406
 20
-110.5248448129841
 30
0.0
 10
53.19985994217342
 20
-110.7154877641842
 30
0.0
 10
52.23797682657397
 20
-110.5233578080842
 30
0.0
 10
51.42328989613389
 20
-109.9777112768242
 30
0.0
 10
50.87925270379429
 20
-109.1637386451843
 30
0.0
 10
50.75192670495408
 20
-108.5200595921842
 30
0.0
 10
50.75192401001396
 20
-108.2017031753043
 30
0.0
  0
SPLINE
  5
1ACD
330
242
100
AcDbEntity
  8
0
  6
Continuous
 62
     7
100
AcDbSpline
210
0.0
220
0.0
230
1.0
 70
     8
 71
     3
 72
    15
 73
    11
 74
     0
 42
0.000000001
 43
0.0000001
 40
0.0
 40
0.0
 40
0.0
 40
0.0
 40
0.1249734743
 40
0.250043348
 40
0.3751952736
 40
0.5002849552000001
 40
0.6252879276
 40
0.7502240786
 40
0.8751138741
 40
1.0
 40
1.0
 40
1.0
 40
1.0
 10
60.75192400997486
 20
-108.2017031753043
 30
0.0
 10
60.75193191953378
 20
-107.8831240944041
 30
0.0
 10
60.87949243403392
 20
-107.2387520049442
 30
0.0
 10
61.42472600701359
 20
-106.4239699565841
 30
0.0
 10
62.24120128287387
 20
-105.8785615376241
 30
0.0
 10
63.20398807713383
 20
-105.6879185889638
 30
0.0
 10
64.16587119273419
 20
-105.8800485450642
 30
0.0
 10
64.98055812317426
 20
-106.4256950763242
 30
0.0
 10
65.52459531551477
 20
-107.2396677079641
 30
0.0
 10
65.65192131435498
 20
-107.8833467609642
 30
0.0
 10
65.6519240092951
 20
-108.2017031753043
 30
0.0
  0
SPLINE
  5
1ACE
330
242
100
AcDbEntity
  8
0
  6
Continuous
 62
     7
100
AcDbSpline
210
0.0
220
0.0
230
1.0
 70
     8
 71
     3
 72
    15
 73
    11
 74
     0
 42
0.000000001
 43
0.0000001
 40
0.0
 40
0.0
 40
0.0
 40
0.0
 40
0.1249734743
 40
0.250043348
 40
0.3751952736
 40
0.5002849552000001
 40
0.6252879276
 40
0.7502240786
 40
0.8751138741
 40
1.0
 40
1.0
 40
1.0
 40
1.0
 10
65.6519240092951
 20
-108.2017031753043
 30
0.0
 10
65.65191609973436
 20
-108.5202822562041
 30
0.0
 10
65.52435558523331
 20
-109.1646543482042
 30
0.0
 10
64.97912201225364
 20
-109.9794363965638
 30
0.0
 10
64.16264673639426
 20
-110.5248448129841
 30
0.0
 10
63.1998599421334
 20
-110.7154877641842
 30
0.0
 10
62.23797682653395
 20
-110.5233578080842
 30
0.0
 10
61.42328989609478
 20
-109.9777112768242
 30
0.0
 10
60.87925270375428
 20
-109.1637386451843
 30
0.0
 10
60.75192670491407
 20
-108.5200595921842
 30
0.0
 10
60.75192400997486
 20
-108.2017031753043
 30
0.0
  0
SPLINE
  5
1ACF
330
242
100
AcDbEntity
  8
0
  6
Continuous
 62
     7
100
AcDbSpline
210
0.0
220
0.0
230
1.0
 70
     8
 71
     3
 72
    15
 73
    11
 74
     0
 42
0.000000001
 43
0.0000001
 40
0.0
 40
0.0
 40
0.0
 40
0.0
 40
0.1249734743
 40
0.250043348
 40
0.3751952736
 40
0.5002849552000001
 40
0.6252879276
 40
0.7502240786
 40
0.8751138741
 40
1.0
 40
1.0
 40
1.0
 40
1.0
 10
70.75192400993484
 20
-108.2017031753043
 30
0.0
 10
70.75193191949376
 20
-107.8831240944041
 30
0.0
 10
70.8794924339939
 20
-107.2387520049442
 30
0.0
 10
71.42472600697357
 20
-106.4239699565841
 30
0.0
 10
72.24120128283385
 20
-105.8785615376241
 30
0.0
 10
73.20398807709381
 20
-105.6879185889638
 30
0.0
 10
74.16587119269417
 20
-105.8800485450642
 30
0.0
 10
74.98055812313333
 20
-106.4256950763242
 30
0.0
 10
75.52459531547384
 20
-107.2396677079641
 30
0.0
 10
75.65192131431314
 20
-107.8833467609642
 30
0.0
 10
75.65192400925326
 20
-108.2017031753043
 30
0.0
  0
SPLINE
  5
1AD0
330
242
100
AcDbEntity
  8
0
  6
Continuous
 62
     7
100
AcDbSpline
210
0.0
220
0.0
230
1.0
 70
     8
 71
     3
 72
    27
 73
    23
 74
     0
 42
0.000000001
 43
0.0000001
 40
0.0
 40
0.0
 40
0.0
 40
0.0
 40
0.1951960649
 40
0.3829112524
 40
0.5558341650000001
 40
0.6346562122
 40
0.7073455911
 40
0.7732107676000001
 40
0.8316253416
 40
0.8820281859999999
 40
0.9239422172000001
 40
0.941587874
 40
0.9569685266
 40
0.970045915
 40
0.9807910040999999
 40
0.989176072
 40
0.9924761951
 40
0.9951793472
 40
0.9972843029999999
 40
0.9987898766999999
 40
0.9996950266999999
 40
1.0
 40
1.0
 40
1.0
 40
1.0
 10
80.18302288455499
 20
-96.04450382706406
 30
0.0
 10
80.56037141357439
 20
-96.04386465130389
 30
0.0
 10
81.30060682667437
 20
-96.04273410238418
 30
0.0
 10
82.37513341269396
 20
-96.04145625378439
 30
0.0
 10
83.22468859953398
 20
-96.0407683735243
 30
0.0
 10
83.85187842465468
 20
-96.04048850616434
 30
0.0
 10
84.27210645389397
 20
-96.04041682228396
 30
0.0
 10
84.65288320313385
 20
-96.04047646656406
 30
0.0
 10
84.99057593897424
 20
-96.04066568640426
 30
0.0
 10
85.28196697671347
 20
-96.04098174114412
 30
0.0
 10
85.49454346545491
 20
-96.041363264384
 30
0.0
 10
85.63941700349397
 20
-96.04174706346427
 30
0.0
 10
85.72854113309341
 20
-96.04204928282385
 30
0.0
 10
85.80433333609319
 20
-96.04237219048398
 30
0.0
 10
85.86657808333468
 20
-96.04273896902393
 30
0.0
 10
85.90997826577433
 20
-96.04304091660422
 30
0.0
 10
85.93773137511409
 20
-96.04338089052404
 30
0.0
 10
85.95353204455415
 20
-96.04349110874407
 30
0.0
 10
85.96540650645357
 20
-96.04395243878432
 30
0.0
 10
85.97487991397457
 20
-96.04359306180411
 30
0.0
 10
85.97881377961432
 20
-96.04478980566407
 30
0.0
 10
85.98251524541348
 20
-96.04391442768426
 30
0.0
 10
85.98252598453502
 20
-96.04450389818428
 30
0.0
  0
SPLINE
  5
1AD1
330
242
100
AcDbEntity
  8
0
  6
Continuous
 62
     7
100
AcDbSpline
210
0.0
220
0.0
230
1.0
 70
     8
 71
     3
 72
    27
 73
    23
 74
     0
 42
0.000000001
 43
0.0000001
 40
0.0
 40
0.0
 40
0.0
 40
0.0
 40
0.0003063598
 40
0.0012144861
 40
0.0027242884
 40
0.0048343941
 40
0.0075432868
 40
0.0108494107
 40
0.0192470595
 40
0.0300141114
 40
0.0431245065
 40
0.0585398992
 40
0.0762214423
 40
0.1182225537
 40
0.1687178863
 40
0.2272115206
 40
0.2931391339
 40
0.3658598953999999
 40
0.4446714176
 40
0.6174877209
 40
0.8049702732
 40
1.0
 40
1.0
 40
1.0
 40
1.0
 10
40.42132203473403
 20
-96.04450382706406
 30
0.0
 10
40.42133988585402
 20
-96.04391184704397
 30
0.0
 10
40.42503818681353
 20
-96.04479244218417
 30
0.0
 10
40.42900088145444
 20
-96.04359131428417
 30
0.0
 10
40.43849077865371
 20
-96.04395265214405
 30
0.0
 10
40.45039789479353
 20
-96.04349039246423
 30
0.0
 10
40.46622983925345
 20
-96.04338028346408
 30
0.0
 10
40.4940306548736
 20
-96.04303997172426
 30
0.0
 10
40.53750875943416
 20
-96.04273746534406
 30
0.0
 10
40.59988428365369
 20
-96.04237034898412
 30
0.0
 10
40.67584984673459
 20
-96.04204738798395
 30
0.0
 10
40.7651743391537
 20
-96.04174494256447
 30
0.0
 10
40.91035274069446
 20
-96.04136090472408
 30
0.0
 10
41.12334574625339
 20
-96.04097967104415
 30
0.0
 10
41.41523675505351
 20
-96.04066415986379
 30
0.0
 10
41.75338181917441
 20
-96.04047560042406
 30
0.0
 10
42.13449277145383
 20
-96.04041687308424
 30
0.0
 10
42.55488181891297
 20
-96.04048943072392
 30
0.0
 10
43.18190586077372
 20
-96.04077019978419
 30
0.0
 10
44.03078486659461
 20
-96.0414584686641
 30
0.0
 10
45.10433405553368
 20
-96.04273560098405
 30
0.0
 10
45.8437981722339
 20
-96.04386554030405
 30
0.0
 10
46.22082513471406
 20
-96.04450389818428
 30
0.0
  0
SPLINE
  5
1AE0
330
242
100
AcDbEntity
  8
0
  6
Continuous
 62
     7
100
AcDbSpline
210
0.0
220
0.0
230
1.0
 70
     8
 71
     3
 72
    27
 73
    23
 74
     0
 42
0.000000001
 43
0.0000001
 40
0.0
 40
0.0
 40
0.0
 40
0.0
 40
0.0003092974
 40
0.0012186973
 40
0.0027292531
 40
0.0048397696
 40
0.0075487971
 40
0.0108548162
 40
0.0192516276
 40
0.0300171739
 40
0.0431257865
 40
0.0585392328
 40
0.0762187241
 40
0.118215791
 40
0.1687080967
 40
0.227199928
 40
0.293127274
 40
0.3658490256
 40
0.4446625295000001
 40
0.6174837371000001
 40
0.8049696154999999
 40
1.0
 40
1.0
 40
1.0
 40
1.0
 10
107.8883246518947
 20
-187.7035412207996
 30
0.0
 10
107.8877273505744
 20
-187.7035173778194
 30
0.0
 10
107.8884351114132
 20
-187.6998481877994
 30
0.0
 10
107.8872848038339
 20
-187.6958427932199
 30
0.0
 10
107.887509647175
 20
-187.6863745139598
 30
0.0
 10
107.8870070878541
 20
-187.6744593663401
 30
0.0
 10
107.8868166183341
 20
-187.65863545844
 30
0.0
 10
107.8863841274545
 20
-187.6308425599995
 30
0.0
 10
107.8859675090346
 20
-187.5873822938596
 30
0.0
 10
107.8854843857946
 20
-187.5250307218402
 30
0.0
 10
107.8850520549334
 20
-187.4490951586994
 30
0.0
 10
107.8846499170543
 20
-187.3598046921201
 30
0.0
 10
107.8841380714942
 20
-187.2146788736599
 30
0.0
 10
107.8836304143936
 20
-187.0017574503799
 30
0.0
 10
107.8832100062939
 20
-186.7099573532595
 30
0.0
 10
107.8829588206147
 20
-186.3719074680197
 30
0.0
 10
107.8828805911537
 20
-185.9908947400794
 30
0.0
 10
107.8829772635538
 20
-185.5706065128401
 30
0.0
 10
107.8833513039547
 20
-184.9437254653598
 30
0.0
 10
107.8842682287143
 20
-184.0950410514796
 30
0.0
 10
107.8859693225943
 20
-183.0217460708194
 30
0.0
 10
107.8874745926344
 20
-182.2824614457599
 30
0.0
 10
107.8883247204742
 20
-181.9055287375999
 30
0.0
  0
SPLINE
  5
1AE1
330
242
100
AcDbEntity
  8
0
  6
Continuous
 62
     7
100
AcDbSpline
210
0.0
220
0.0
230
1.0
 70
     8
 71
     3
 72
    27
 73
    23
 74
     0
 42
0.000000001
 43
0.0000001
 40
0.0
 40
0.0
 40
0.0
 40
0.0
 40
0.1951991382
 40
0.3829181719
 40
0.5558452274
 40
0.6346691955
 40
0.7073593750000001
 40
0.7732240443000001
 40
0.8316366418999999
 40
0.8820361914999999
 40
0.9239460545
 40
0.9415895112999999
 40
0.9569680593999999
 40
0.9700435570999999
 40
0.9807871297
 40
0.9891712455
 40
0.9924711639999999
 40
0.9951743351000001
 40
0.9972795826
 40
0.9987858000000001
 40
0.9996921361
 40
1.0
 40
1.0
 40
1.0
 40
1.0
 10
107.8883246518947
 20
-147.7379124704798
 30
0.0
 10
107.8874734293134
 20
-147.3606536059996
 30
0.0
 10
107.8859673109148
 20
-146.6205921955997
 30
0.0
 10
107.8842652289734
 20
-145.5463158452993
 30
0.0
 10
107.8833488757148
 20
-144.6969559971598
 30
0.0
 10
107.8829760113333
 20
-144.0699111552398
 30
0.0
 10
107.8828805225742
 20
-143.64978484538
 30
0.0
 10
107.8829599940939
 20
-143.2691073974396
 30
0.0
 10
107.8832120509944
 20
-142.9315110393599
 30
0.0
 10
107.8836331575933
 20
-142.6402118759597
 30
0.0
 10
107.8841412261739
 20
-142.4277079067596
 30
0.0
 10
107.8846528126544
 20
-142.2828877061796
 30
0.0
 10
107.8850546711349
 20
-142.1937983466395
 30
0.0
 10
107.8854869156342
 20
-142.11803665158
 30
0.0
 10
107.8859695410349
 20
-142.0558162299198
 30
0.0
 10
107.8863853568148
 20
-142.0124344015198
 30
0.0
 10
107.8868174006532
 20
-141.9846896792596
 30
0.0
 10
107.8870079590745
 20
-141.9688980166597
 30
0.0
 10
107.8875094642947
 20
-141.9570153149997
 30
0.0
 10
107.8872867113744
 20
-141.9475661060596
 30
0.0
 10
107.8884323453533
 20
-141.9435865559798
 30
0.0
 10
107.887729987094
 20
-141.9399180288996
 30
0.0
 10
107.8883247204742
 20
-141.9398999847394
 30
0.0
  0
SPLINE
  5
1AE2
330
242
100
AcDbEntity
  8
0
  6
Continuous
 62
     7
100
AcDbSpline
210
0.0
220
0.0
230
1.0
 70
     8
 71
     3
 72
    19
 73
    15
 74
     0
 42
0.000000001
 43
0.0000001
 40
0.0
 40
0.0
 40
0.0
 40
0.0
 40
0.0171901822
 40
0.0489553908
 40
0.0961915571
 40
0.1576114587
 40
0.3148663493
 40
0.4996942543
 40
0.6844409579000001
 40
0.8418140629999999
 40
0.9034768097
 40
0.9509732271
 40
0.9829709109999999
 40
1.0
 40
1.0
 40
1.0
 40
1.0
 10
128.0514131927933
 20
-187.5608063652993
 30
0.0
 10
128.0514131927933
 20
-187.5488066864795
 30
0.0
 10
128.0243281593341
 20
-187.5203191437599
 30
0.0
 10
127.9671907170944
 20
-187.4897924483997
 30
0.0
 10
127.8748093600737
 20
-187.4530876805597
 30
0.0
 10
127.6967206484335
 20
-187.4022460651994
 30
0.0
 10
127.4177830630536
 20
-187.3547233992594
 30
0.0
 10
127.0495422602937
 20
-187.3384591594994
 30
0.0
 10
126.6820835921137
 20
-187.3679174317994
 30
0.0
 10
126.4046549318348
 20
-187.4243467169598
 30
0.0
 10
126.2276573660941
 20
-187.4801049950792
 30
0.0
 10
126.1355162270341
 20
-187.5189081610596
 30
0.0
 10
126.0788080727337
 20
-187.5503364141795
 30
0.0
 10
126.0515021380145
 20
-187.5786658418996
 30
0.0
 10
126.0514885972737
 20
-187.5905530622198
 30
0.0
  0
SPLINE
  5
1AE3
330
242
100
AcDbEntity
  8
0
  6
Continuous
 62
     7
100
AcDbSpline
210
0.0
220
0.0
230
1.0
 70
     8
 71
     3
 72
    27
 73
    23
 74
     0
 42
0.000000001
 43
0.0000001
 40
0.0
 40
0.0
 40
0.0
 40
0.0
 40
0.1951960649
 40
0.3829112524
 40
0.5558341650000001
 40
0.6346562122
 40
0.7073455911
 40
0.7732107676000001
 40
0.8316253416
 40
0.8820281859999999
 40
0.9239422172000001
 40
0.941587874
 40
0.9569685266
 40
0.970045915
 40
0.9807910040999999
 40
0.989176072
 40
0.9924761951
 40
0.9951793472
 40
0.9972843029999999
 40
0.9987898766999999
 40
0.9996950266999999
 40
1.0
 40
1.0
 40
1.0
 40
1.0
 10
129.1612304626135
 20
-181.8028194764196
 30
0.0
 10
129.1618696358339
 20
-182.1801680054395
 30
0.0
 10
129.1630001872939
 20
-182.9204034210797
 30
0.0
 10
129.1642780358946
 20
-183.9949300070997
 30
0.0
 10
129.1649659161542
 20
-184.8444851939402
 30
0.0
 10
129.1652457835146
 20
-185.4716750190595
 30
0.0
 10
129.1653174673941
 20
-185.8919030482997
 30
0.0
 10
129.1652578231144
 20
-186.2726797975396
 30
0.0
 10
129.1650686032747
 20
-186.61037253338
 30
0.0
 10
129.1647525459933
 20
-186.9017635711197
 30
0.0
 10
129.1643710252941
 20
-187.1143400598598
 30
0.0
 10
129.1639872262133
 20
-187.2592135953595
 30
0.0
 10
129.1636850068547
 20
-187.3483377274996
 30
0.0
 10
129.1633620966543
 20
-187.4241299304999
 30
0.0
 10
129.1629953181139
 20
-187.48637467774
 30
0.0
 10
129.1626933730743
 20
-187.5297748601801
 30
0.0
 10
129.1623533966142
 20
-187.5575279669801
 30
0.0
 10
129.1622431809331
 20
-187.5733286389595
 30
0.0
 10
129.161781848354
 20
-187.5852031008598
 30
0.0
 10
129.1621412278739
 20
-187.5946765083799
 30
0.0
 10
129.1609444840135
 20
-187.5986103714799
 30
0.0
 10
129.1618198594536
 20
-187.6023118398192
 30
0.0
 10
129.1612303914938
 20
-187.6023225789399
 30
0.0
  0
SPLINE
  5
1AE4
330
242
100
AcDbEntity
  8
0
  6
Continuous
 62
     7
100
AcDbSpline
210
0.0
220
0.0
230
1.0
 70
     8
 71
     3
 72
    27
 73
    23
 74
     0
 42
0.000000001
 43
0.0000001
 40
0.0
 40
0.0
 40
0.0
 40
0.0
 40
0.0003063598
 40
0.0012144861
 40
0.0027242884
 40
0.0048343941
 40
0.0075432868
 40
0.0108494107
 40
0.0192470595
 40
0.0300141114
 40
0.0431245065
 40
0.0585398992
 40
0.0762214423
 40
0.1182225537
 40
0.1687178863
 40
0.2272115206
 40
0.2931391339
 40
0.3658598953999999
 40
0.4446714176
 40
0.6174877209
 40
0.8049702732
 40
1.0
 40
1.0
 40
1.0
 40
1.0
 10
129.1612304626135
 20
-142.0411186291398
 30
0.0
 10
129.1618224400929
 20
-142.0411364802598
 30
0.0
 10
129.160941847493
 20
-142.0448347812198
 30
0.0
 10
129.1621429753934
 20
-142.0487974733195
 30
0.0
 10
129.161781637534
 20
-142.0582873705197
 30
0.0
 10
129.1622438946745
 20
-142.0701944891993
 30
0.0
 10
129.1623540062149
 20
-142.0860264311194
 30
0.0
 10
129.1626943154136
 20
-142.1138272492794
 30
0.0
 10
129.1629968243335
 20
-142.1573053538395
 30
0.0
 10
129.1633639406939
 20
-142.2196808755197
 30
0.0
 10
129.1636868991548
 20
-142.2956464385997
 30
0.0
 10
129.163989347114
 20
-142.3849709335599
 30
0.0
 10
129.1643733824142
 20
-142.5301493350998
 30
0.0
 10
129.1647546186344
 20
-142.7431423406596
 30
0.0
 10
129.1650701298143
 20
-143.0350333469195
 30
0.0
 10
129.1652586892535
 20
-143.3731784135797
 30
0.0
 10
129.1653174165943
 20
-143.7542893658596
 30
0.0
 10
129.1652448589541
 20
-144.1746784107794
 30
0.0
 10
129.164964087355
 20
-144.8017024526397
 30
0.0
 10
129.1642758184746
 20
-145.6505814584597
 30
0.0
 10
129.162998688694
 20
-146.7241306473997
 30
0.0
 10
129.161868749374
 20
-147.4635947640999
 30
0.0
 10
129.1612303914938
 20
-147.8406217291198
 30
0.0
  0
SPLINE
  5
1AE5
330
242
100
AcDbEntity
  8
0
  6
Continuous
 62
     7
100
AcDbSpline
210
0.0
220
0.0
230
1.0
 70
     8
 71
     3
 72
    13
 73
     9
 74
     0
 42
0.000000001
 43
0.0000001
 40
0.0
 40
0.0
 40
0.0
 40
0.0
 40
0.0926821496
 40
0.1759803036
 40
0.2877310774
 40
0.4276468957000001
 40
0.5946460559000001
 40
1.0
 40
1.0
 40
1.0
 40
1.0
 10
128.0514131927933
 20
-187.5608063652993
 30
0.0
 10
128.0514131927933
 20
-187.5735847623995
 30
0.0
 10
128.025238749334
 20
-187.5907986776801
 30
0.0
 10
127.9889754893741
 20
-187.6002396671797
 30
0.0
 10
127.9426554372333
 20
-187.6084401206794
 30
0.0
 10
127.8854656252736
 20
-187.6140007166199
 30
0.0
 10
127.7872911861134
 20
-187.6198515101
 30
0.0
 10
127.7084258091739
 20
-187.6213408314797
 30
0.0
 10
127.6525430939148
 20
-187.6220723768796
 30
0.0
  0
SPLINE
  5
1AE6
330
242
100
AcDbEntity
  8
0
  6
Continuous
 62
     7
100
AcDbSpline
210
0.0
220
0.0
230
1.0
 70
     8
 71
     3
 72
    13
 73
     9
 74
     0
 42
0.000000001
 43
0.0000001
 40
0.0
 40
0.0
 40
0.0
 40
0.0
 40
0.0910240022
 40
0.1737251029
 40
0.2850842584
 40
0.4251720753
 40
0.5928117476
 40
1.0
 40
1.0
 40
1.0
 40
1.0
 10
126.0514885972737
 20
-187.5905530622198
 30
0.0
 10
126.0514750946334
 20
-187.6024077298998
 30
0.0
 10
126.0762893477743
 20
-187.6182712846593
 30
0.0
 10
126.1104838336135
 20
-187.6258724226195
 30
0.0
 10
126.1543157906538
 20
-187.6325278220601
 30
0.0
 10
126.2085174653333
 20
-187.6362795061995
 30
0.0
 10
126.3017135679941
 20
-187.63932112572
 30
0.0
 10
126.3765435859744
 20
-187.6387761255395
 30
0.0
 10
126.4295699416937
 20
-187.6380819714799
 30
0.0
  0
LINE
  5
1AF4
330
242
100
AcDbEntity
  8
0
  6
Continuous
 62
     7
100
AcDbLine
 10
66.12726713277362
 20
-210.5738369558602
 30
0.0
 11
66.12756301737346
 21
-210.5690323070998
 31
0.0
  0
LINE
  5
1AF5
330
242
100
AcDbEntity
  8
0
  6
Continuous
 62
     7
100
AcDbLine
 10
60.27785372621412
 20
-210.5738045073594
 30
0.0
 11
60.27756308671389
 21
-210.5690323070998
 31
0.0
  0
SPLINE
  5
1AF6
330
242
100
AcDbEntity
  8
0
  6
Continuous
 62
     7
100
AcDbSpline
210
0.0
220
0.0
230
1.0
 70
     8
 71
     3
 72
     9
 73
     5
 74
     0
 42
0.000000001
 43
0.0000001
 40
0.0
 40
0.0
 40
0.0
 40
0.0
 40
0.5000195086
 40
1.0
 40
1.0
 40
1.0
 40
1.0
 10
60.30728511769422
 20
-210.5143954465993
 30
0.0
 10
60.28074217865498
 20
-210.5143954465993
 30
0.0
 10
60.22724260569458
 20
-210.5245083143595
 30
0.0
 10
60.18086919831358
 20
-210.55290867158
 30
0.0
 10
60.1610753212147
 20
-210.5705897360394
 30
0.0
  0
SPLINE
  5
1AF7
330
242
100
AcDbEntity
  8
0
  6
Continuous
 62
     7
100
AcDbSpline
210
0.0
220
0.0
230
1.0
 70
     8
 71
     3
 72
     9
 73
     5
 74
     0
 42
0.000000001
 43
0.0000001
 40
0.0
 40
0.0
 40
0.0
 40
0.0
 40
0.5000227004
 40
1.0
 40
1.0
 40
1.0
 40
1.0
 10
66.24397189555321
 20
-210.5707988643993
 30
0.0
 10
66.22413972033365
 20
-210.5530232027199
 30
0.0
 10
66.17759018173302
 20
-210.5245333892394
 30
0.0
 10
66.12391514811434
 20
-210.5143954465993
 30
0.0
 10
66.09728507691335
 20
-210.5143954465993
 30
0.0
  0
SPLINE
  5
1AF8
330
242
100
AcDbEntity
  8
0
  6
Continuous
 62
     7
100
AcDbSpline
210
0.0
220
0.0
230
1.0
 70
     8
 71
     3
 72
     9
 73
     5
 74
     0
 42
0.000000001
 43
0.0000001
 40
0.0
 40
0.0
 40
0.0
 40
0.0
 40
0.5000253556000001
 40
1.0
 40
1.0
 40
1.0
 40
1.0
 10
60.16098438159435
 20
-211.1983403525195
 30
0.0
 10
60.18079550529392
 20
-211.2160120316793
 30
0.0
 10
60.22723985233489
 20
-211.2443223941595
 30
0.0
 10
60.28074032699379
 20
-211.2543954474199
 30
0.0
 10
60.30728511769422
 20
-211.2543954474199
 30
0.0
  0
SPLINE
  5
1AF9
330
242
100
AcDbEntity
  8
0
  6
Continuous
 62
     7
100
AcDbSpline
210
0.0
220
0.0
230
1.0
 70
     8
 71
     3
 72
     9
 73
     5
 74
     0
 42
0.000000001
 43
0.0000001
 40
0.0
 40
0.0
 40
0.0
 40
0.0
 40
0.4999772717
 40
1.0
 40
1.0
 40
1.0
 40
1.0
 10
66.09728507691335
 20
-211.2543954474199
 30
0.0
 10
66.12391514557322
 20
-211.2543954474199
 30
0.0
 10
66.17759016141491
 20
-211.2442574616002
 30
0.0
 10
66.22413975843421
 20
-211.21576775226
 30
0.0
 10
66.24397194635395
 20
-211.1979920981998
 30
0.0
  0
SPLINE
  5
1AFA
330
242
100
AcDbEntity
  8
0
  6
Continuous
 62
     7
100
AcDbSpline
210
0.0
220
0.0
230
1.0
 70
     8
 71
     3
 72
    27
 73
    23
 74
     0
 42
0.000000001
 43
0.0000001
 40
0.0
 40
0.0
 40
0.0
 40
0.0
 40
0.0003092974
 40
0.0012186973
 40
0.0027292531
 40
0.0048397696
 40
0.0075487971
 40
0.0108548162
 40
0.0192516276
 40
0.0300171739
 40
0.0431257865
 40
0.0585392328
 40
0.0762187241
 40
0.118215791
 40
0.1687080967
 40
0.227199928
 40
0.293127274
 40
0.3658490256
 40
0.4446625295000001
 40
0.6174837371000001
 40
0.8049696154999999
 40
1.0
 40
1.0
 40
1.0
 40
1.0
 10
40.32010339287473
 20
-202.7517859756594
 30
0.0
 10
40.32012723331383
 20
-202.7511886743395
 30
0.0
 10
40.32379642333336
 20
-202.7518964351797
 30
0.0
 10
40.32780182045491
 20
-202.7507461276
 30
0.0
 10
40.33727009717341
 20
-202.7509709709397
 30
0.0
 10
40.34918524479445
 20
-202.7504684116197
 30
0.0
 10
40.36500915523385
 20
-202.7502779420992
 30
0.0
 10
40.39280205367441
 20
-202.7498454512196
 30
0.0
 10
40.43626231981335
 20
-202.7494288327998
 30
0.0
 10
40.49861389183326
 20
-202.7489457095598
 30
0.0
 10
40.57454945243472
 20
-202.7485133786994
 30
0.0
 10
40.66383991901449
 20
-202.7481112408195
 30
0.0
 10
40.80896574001445
 20
-202.7475993952602
 30
0.0
 10
41.02188716329448
 20
-202.7470917381597
 30
0.0
 10
41.3136872578737
 20
-202.7466713300595
 30
0.0
 10
41.65173714565327
 20
-202.7464201443799
 30
0.0
 10
42.03274987359447
 20
-202.7463419149198
 30
0.0
 10
42.45303809829358
 20
-202.7464385873194
 30
0.0
 10
43.0799191483141
 20
-202.7468126277199
 30
0.0
 10
43.9286035596536
 20
-202.7477295524795
 30
0.0
 10
45.00189854285446
 20
-202.7494306463599
 30
0.0
 10
45.74118316791401
 20
-202.7509359163996
 30
0.0
 10
46.118115876074
 20
-202.7517860442394
 30
0.0
  0
SPLINE
  5
1AFB
330
242
100
AcDbEntity
  8
0
  6
Continuous
 62
     7
100
AcDbSpline
210
0.0
220
0.0
230
1.0
 70
     8
 71
     3
 72
    27
 73
    23
 74
     0
 42
0.000000001
 43
0.0000001
 40
0.0
 40
0.0
 40
0.0
 40
0.0
 40
0.1951991382
 40
0.3829181719
 40
0.5558452274
 40
0.6346691955
 40
0.7073593750000001
 40
0.7732240443000001
 40
0.8316366418999999
 40
0.8820361914999999
 40
0.9239460545
 40
0.9415895112999999
 40
0.9569680593999999
 40
0.9700435570999999
 40
0.9807871297
 40
0.9891712455
 40
0.9924711639999999
 40
0.9951743351000001
 40
0.9972795826
 40
0.9987858000000001
 40
0.9996921361
 40
1.0
 40
1.0
 40
1.0
 40
1.0
 10
80.28573214319322
 20
-202.7517859756594
 30
0.0
 10
80.66299100767475
 20
-202.7509347530799
 30
0.0
 10
81.40305241807373
 20
-202.74942863468
 30
0.0
 10
82.47732876583478
 20
-202.7477265527395
 30
0.0
 10
83.32668861651411
 20
-202.7468101994799
 30
0.0
 10
83.9537334584341
 20
-202.7464373350999
 30
0.0
 10
84.37385976829437
 20
-202.7463418463394
 30
0.0
 10
84.75453721623427
 20
-202.74642131786
 30
0.0
 10
85.09213357177333
 20
-202.7466733747596
 30
0.0
 10
85.38343273517359
 20
-202.7470944813599
 30
0.0
 10
85.59593670691475
 20
-202.7476025499399
 30
0.0
 10
85.74075690749424
 20
-202.7481141364201
 30
0.0
 10
85.82984626703392
 20
-202.7485159948996
 30
0.0
 10
85.90560795955417
 20
-202.7489482393993
 30
0.0
 10
85.96782838375322
 20
-202.7494308647992
 30
0.0
 10
86.01121021215414
 20
-202.74984668058
 30
0.0
 10
86.03895493441479
 20
-202.7502787244197
 30
0.0
 10
86.05474659447493
 20
-202.7504692828397
 30
0.0
 10
86.06662929613349
 20
-202.7509707880599
 30
0.0
 10
86.07607850761388
 20
-202.7507480351395
 30
0.0
 10
86.08005805515432
 20
-202.7518936691198
 30
0.0
 10
86.0837265847743
 20
-202.7511913108596
 30
0.0
 10
86.08374462893364
 20
-202.7517860442394
 30
0.0
  0
LINE
  5
1AFC
330
242
100
AcDbEntity
  8
0
  6
Continuous
 62
     7
100
AcDbLine
 10
86.0028267033943
 20
-221.9148745175802
 30
0.0
 11
86.01925897685424
 21
-221.2186580207598
 31
0.0
  0
LINE
  5
1AFD
330
242
100
AcDbEntity
  8
0
  6
Continuous
 62
     7
100
AcDbLine
 10
86.00078817051445
 20
-222.6296430854999
 30
0.0
 11
86.0028267033943
 21
-221.9148745175802
 31
0.0
  0
SPLINE
  5
1AFE
330
242
100
AcDbEntity
  8
0
  6
Continuous
 62
     7
100
AcDbSpline
210
0.0
220
0.0
230
1.0
 70
     8
 71
     3
 72
    12
 73
     8
 74
     0
 42
0.000000001
 43
0.0000001
 40
0.0
 40
0.0
 40
0.0
 40
0.0
 40
0.2506992086
 40
0.5018474884000001
 40
0.7543014529000001
 40
0.8782671812
 40
1.0
 40
1.0
 40
1.0
 40
1.0
 10
58.1858255201335
 20
-210.5887503270996
 30
0.0
 10
58.1858255201335
 20
-210.3503138291198
 30
0.0
 10
58.28199736487324
 20
-209.8678742555198
 30
0.0
 10
58.69176072873443
 20
-209.2571370822797
 30
0.0
 10
59.20550060295437
 20
-208.9207437926593
 30
0.0
 10
59.6616801401745
 20
-208.7844323152193
 30
0.0
 10
59.89614563517472
 20
-208.7626518380798
 30
0.0
 10
60.01192400915289
 20
-208.7626518380798
 30
0.0
  0
SPLINE
  5
1AFF
330
242
100
AcDbEntity
  8
0
  6
Continuous
 62
     7
100
AcDbSpline
210
0.0
220
0.0
230
1.0
 70
     8
 71
     3
 72
    27
 73
    23
 74
     0
 42
0.000000001
 43
0.0000001
 40
0.0
 40
0.0
 40
0.0
 40
0.0
 40
0.1951960649
 40
0.3829112524
 40
0.5558341650000001
 40
0.6346562122
 40
0.7073455911
 40
0.7732107676000001
 40
0.8316253416
 40
0.8820281859999999
 40
0.9239422172000001
 40
0.941587874
 40
0.9569685266
 40
0.970045915
 40
0.9807910040999999
 40
0.989176072
 40
0.9924761951
 40
0.9951793472
 40
0.9972843029999999
 40
0.9987898766999999
 40
0.9996950266999999
 40
1.0
 40
1.0
 40
1.0
 40
1.0
 10
46.22082513471406
 20
-224.0246917863796
 30
0.0
 10
45.84347660569375
 20
-224.0253309596
 30
0.0
 10
45.10324119259377
 20
-224.0264615110595
 30
0.0
 10
44.02871460403395
 20
-224.0277393596593
 30
0.0
 10
43.17915941973325
 20
-224.0284272399198
 30
0.0
 10
42.55196959461438
 20
-224.0287071072793
 30
0.0
 10
42.13174156537326
 20
-224.0287787911597
 30
0.0
 10
41.75096481359406
 20
-224.0287191468801
 30
0.0
 10
41.41327208029389
 20
-224.0285299270394
 30
0.0
 10
41.12188104255375
 20
-224.0282138697598
 30
0.0
 10
40.90930455381413
 20
-224.0278323490601
 30
0.0
 10
40.76443101577416
 20
-224.0274485499798
 30
0.0
 10
40.67530688617381
 20
-224.0271463306198
 30
0.0
 10
40.59951468317405
 20
-224.0268234204195
 30
0.0
 10
40.53726993593437
 20
-224.02645664188
 30
0.0
 10
40.4938697534938
 20
-224.0261546968394
 30
0.0
 10
40.46611664415405
 20
-224.0258147203794
 30
0.0
 10
40.45031597471489
 20
-224.0257045046996
 30
0.0
 10
40.43844151027434
 20
-224.0252431721196
 30
0.0
 10
40.42896810275425
 20
-224.02560255164
 30
0.0
 10
40.42503423965473
 20
-224.0244058077796
 30
0.0
 10
40.42133277385374
 20
-224.0252811832196
 30
0.0
 10
40.42132203473403
 20
-224.0246917152599
 30
0.0
  0
SPLINE
  5
1B00
330
242
100
AcDbEntity
  8
0
  6
Continuous
 62
     7
100
AcDbSpline
210
0.0
220
0.0
230
1.0
 70
     8
 71
     3
 72
    27
 73
    23
 74
     0
 42
0.000000001
 43
0.0000001
 40
0.0
 40
0.0
 40
0.0
 40
0.0
 40
0.0003063598
 40
0.0012144861
 40
0.0027242884
 40
0.0048343941
 40
0.0075432868
 40
0.0108494107
 40
0.0192470595
 40
0.0300141114
 40
0.0431245065
 40
0.0585398992
 40
0.0762214423
 40
0.1182225537
 40
0.1687178863
 40
0.2272115206
 40
0.2931391339
 40
0.3658598953999999
 40
0.4446714176
 40
0.6174877209
 40
0.8049702732
 40
1.0
 40
1.0
 40
1.0
 40
1.0
 10
85.98252598453502
 20
-224.0246917863796
 30
0.0
 10
85.98250813341412
 20
-224.0252837638595
 30
0.0
 10
85.97880982991439
 20
-224.0244031712595
 30
0.0
 10
85.9748471378146
 20
-224.02560429916
 30
0.0
 10
85.96535724061352
 20
-224.0252429613001
 30
0.0
 10
85.95345012447371
 20
-224.0257052184396
 30
0.0
 10
85.93761818001377
 20
-224.0258153299796
 30
0.0
 10
85.90981736439363
 20
-224.0261556391792
 30
0.0
 10
85.86633925983397
 20
-224.0264581480996
 30
0.0
 10
85.80396373561445
 20
-224.02682526446
 30
0.0
 10
85.72799817253354
 20
-224.0271482229195
 30
0.0
 10
85.63867368011353
 20
-224.0274506708801
 30
0.0
 10
85.49349527857458
 20
-224.0278347061793
 30
0.0
 10
85.28050227301383
 20
-224.0282159423995
 30
0.0
 10
84.98861126421463
 20
-224.0285314535794
 30
0.0
 10
84.65046620009463
 20
-224.0287200130196
 30
0.0
 10
84.2693552478134
 20
-224.0287787403599
 30
0.0
 10
83.84896620035425
 20
-224.0287061827197
 30
0.0
 10
83.2219421584935
 20
-224.0284254111197
 30
0.0
 10
82.37306315267444
 20
-224.0277371422398
 30
0.0
 10
81.29951396373446
 20
-224.0264600124596
 30
0.0
 10
80.56004984703333
 20
-224.0253300731396
 30
0.0
 10
80.18302288455499
 20
-224.0246917152599
 30
0.0
  0
SPLINE
  5
1B01
330
242
100
AcDbEntity
  8
0
  6
Continuous
 62
     7
100
AcDbSpline
210
0.0
220
0.0
230
1.0
 70
     8
 71
     3
 72
    12
 73
     8
 74
     0
 42
0.000000001
 43
0.0000001
 40
0.0
 40
0.0
 40
0.0
 40
0.0
 40
0.2506745889
 40
0.5018143860000001
 40
0.7542779702
 40
0.8782548126
 40
1.0
 40
1.0
 40
1.0
 40
1.0
 10
60.01192400915289
 20
-213.0148488149993
 30
0.0
 10
59.77351084869434
 20
-213.0148488149993
 30
0.0
 10
59.29110420873377
 20
-212.9186928401795
 30
0.0
 10
58.68036759683429
 20
-212.5089716834995
 30
0.0
 10
58.34394368497334
 20
-211.9952353195599
 30
0.0
 10
58.20761084105317
 20
-211.5390285687794
 30
0.0
 10
58.1858255201335
 20
-211.3045405033394
 30
0.0
 10
58.1858255201335
 20
-211.1887503259795
 30
0.0
  0
SPLINE
  5
1B02
330
242
100
AcDbEntity
  8
0
  6
Continuous
 62
     7
100
AcDbSpline
210
0.0
220
0.0
230
1.0
 70
     8
 71
     3
 72
    12
 73
     8
 74
     0
 42
0.000000001
 43
0.0000001
 40
0.0
 40
0.0
 40
0.0
 40
0.0
 40
0.2506992086
 40
0.5018474884000001
 40
0.7543014529000001
 40
0.8782671812
 40
1.0
 40
1.0
 40
1.0
 40
1.0
 10
68.21802249913372
 20
-211.1887503259795
 30
0.0
 10
68.21802249913372
 20
-211.4271868264995
 30
0.0
 10
68.121850654394
 20
-211.9096263975598
 30
0.0
 10
67.7120872905337
 20
-212.5203635707998
 30
0.0
 10
67.19834741631377
 20
-212.85675686296
 30
0.0
 10
66.74216787909455
 20
-212.9930683403999
 30
0.0
 10
66.50770238409433
 20
-213.0148488149993
 30
0.0
 10
66.39192401011434
 20
-213.0148488149993
 30
0.0
  0
SPLINE
  5
1B03
330
242
100
AcDbEntity
  8
0
  6
Continuous
 62
     7
100
AcDbSpline
210
0.0
220
0.0
230
1.0
 70
     8
 71
     3
 72
    12
 73
     8
 74
     0
 42
0.000000001
 43
0.0000001
 40
0.0
 40
0.0
 40
0.0
 40
0.0
 40
0.2506745889
 40
0.5018143860000001
 40
0.7542779702
 40
0.8782548126
 40
1.0
 40
1.0
 40
1.0
 40
1.0
 10
66.39192401011434
 20
-208.7626518380798
 30
0.0
 10
66.6303371705747
 20
-208.7626518380798
 30
0.0
 10
67.11274381053437
 20
-208.8588078128995
 30
0.0
 10
67.72348042243385
 20
-209.26852896958
 30
0.0
 10
68.05990433429389
 20
-209.7822653360599
 30
0.0
 10
68.19623717821406
 20
-210.2384720842997
 30
0.0
 10
68.21802249913372
 20
-210.4729601497397
 30
0.0
 10
68.21802249913372
 20
-210.5887503270996
 30
0.0
  0
SPLINE
  5
1B12
330
242
100
AcDbEntity
  8
0
  6
Continuous
 62
     7
100
AcDbSpline
210
0.0
220
0.0
230
1.0
 70
     8
 71
     3
 72
    21
 73
    17
 74
     0
 42
0.000000001
 43
0.0000001
 40
0.0
 40
0.0
 40
0.0
 40
0.0
 40
0.0013404538
 40
0.0047475296
 40
0.0103286536
 40
0.018096557
 40
0.0401736934
 40
0.070861509
 40
0.1099987513
 40
0.1573508119
 40
0.2126438538
 40
0.2755655686
 40
0.4227235003
 40
0.5953625920000001
 40
0.7893452581
 40
1.0
 40
1.0
 40
1.0
 40
1.0
 10
169.1722603997535
 20
-140.8818864924396
 30
0.0
 10
169.1722617942135
 20
-140.88115138596
 30
0.0
 10
169.175666417834
 20
-140.8801967345798
 30
0.0
 10
169.1804070839937
 20
-140.87915651822
 30
0.0
 10
169.1899791349545
 20
-140.87798429044
 30
0.0
 10
169.209053742474
 20
-140.8762052261799
 30
0.0
 10
169.2423937316737
 20
-140.8741547400599
 30
0.0
 10
169.2926439156538
 20
-140.8718548183196
 30
0.0
 10
169.3569027203342
 20
-140.8695924504795
 30
0.0
 10
169.4346117927546
 20
-140.8673775882598
 30
0.0
 10
169.5253885301738
 20
-140.8652379836994
 30
0.0
 10
169.6708891942138
 20
-140.8623546137996
 30
0.0
 10
169.8807505474136
 20
-140.8591539445596
 30
0.0
 10
170.1624903369941
 20
-140.8559733540196
 30
0.0
 10
170.4790597622744
 20
-140.8533788938798
 30
0.0
 10
170.7009603141535
 20
-140.8521252057598
 30
0.0
 10
170.8164825596134
 20
-140.8515984605596
 30
0.0
  0
LINE
  5
1B13
330
242
100
AcDbEntity
  8
0
  6
Continuous
 62
     7
100
AcDbLine
 10
170.8164825596134
 20
-140.8515984605596
 30
0.0
 11
171.8370558600948
 21
-140.84993773236
 31
0.0
  0
LINE
  5
1B14
330
242
100
AcDbEntity
  8
0
  6
Continuous
 62
     7
100
AcDbLine
 10
171.8370558600948
 20
-140.84993773236
 30
0.0
 11
171.8528407281931
 21
-140.8499565918595
 31
0.0
  0
LINE
  5
1B15
330
242
100
AcDbEntity
  8
0
  6
Continuous
 62
     7
100
AcDbLine
 10
172.2711129929933
 20
-140.8509594422793
 30
0.0
 11
172.2852518674338
 21
-140.85101086966
 31
0.0
  0
LINE
  5
1B16
330
242
100
AcDbEntity
  8
0
  6
Continuous
 62
     7
100
AcDbLine
 10
172.2852518674338
 20
-140.85101086966
 30
0.0
 11
172.6488427734742
 21
-140.8527655194397
 31
0.0
  0
LINE
  5
1B17
330
242
100
AcDbEntity
  8
0
  6
Continuous
 62
     7
100
AcDbLine
 10
172.6488427734742
 20
-140.8527655194397
 30
0.0
 11
172.967020366734
 21
-140.8550772902794
 31
0.0
  0
SPLINE
  5
1B18
330
242
100
AcDbEntity
  8
0
  6
Continuous
 62
     7
100
AcDbSpline
210
0.0
220
0.0
230
1.0
 70
     8
 71
     3
 72
    18
 73
    14
 74
     0
 42
0.000000001
 43
0.0000001
 40
0.0
 40
0.0
 40
0.0
 40
0.0
 40
0.2192527446
 40
0.4165376971
 40
0.5888508341
 40
0.7335736165000001
 40
0.8485122741999999
 40
0.8942507876
 40
0.9319280585999999
 40
0.961405603
 40
0.9825808628
 40
0.9953981549999999
 40
1.0
 40
1.0
 40
1.0
 40
1.0
 10
172.967020366734
 20
-140.8550772902794
 30
0.0
 10
173.0478586810544
 20
-140.8557721555398
 30
0.0
 10
173.2014355189333
 20
-140.85725987164
 30
0.0
 10
173.4185317014538
 20
-140.8599599424396
 30
0.0
 10
173.6081576417348
 20
-140.8629639699597
 30
0.0
 10
173.7673633634543
 20
-140.8662434350798
 30
0.0
 10
173.8800129044733
 20
-140.8692662458997
 30
0.0
 10
173.9529706833748
 20
-140.8719616405596
 30
0.0
 10
173.9948322506546
 20
-140.8737352539796
 30
0.0
 10
174.0266270816531
 20
-140.8758225269197
 30
0.0
 10
174.0516064297147
 20
-140.8771368499196
 30
0.0
 10
174.0628073318733
 20
-140.8797458617195
 30
0.0
 10
174.0722593017947
 20
-140.8801897343396
 30
0.0
 10
174.0722603990737
 20
-140.8818864924396
 30
0.0
  0
SPLINE
  5
1B19
330
242
100
AcDbEntity
  8
0
  6
Continuous
 62
     7
100
AcDbSpline
210
0.0
220
0.0
230
1.0
 70
     8
 71
     3
 72
    37
 73
    33
 74
     0
 42
0.000000001
 43
0.0000001
 40
0.0
 40
0.0
 40
0.0
 40
0.0
 40
0.0006824752
 40
0.0025139496
 40
0.0055308515
 40
0.0097346153
 40
0.0151163683
 40
0.0216632892
 40
0.0381956115
 40
0.0591748734
 40
0.084407941
 40
0.1136507861
 40
0.1466266223
 40
0.2224739864
 40
0.3090205971
 40
0.4028885688
 40
0.5004544911
 40
0.5979701569
 40
0.6916922995999999
 40
0.7780290715000002
 40
0.8536759183
 40
0.8865679962999999
 40
0.9157418358000001
 40
0.9409189226
 40
0.9618593009999999
 40
0.9783634861999999
 40
0.9849015666999999
 40
0.9902757626999999
 40
0.9944741795999998
 40
0.9974887621999998
 40
0.9993184276
 40
1.0
 40
1.0
 40
1.0
 40
1.0
 10
174.0722603990737
 20
-140.8818864924396
 30
0.0
 10
174.0722582832543
 20
-140.8830016337196
 30
0.0
 10
174.0664917720544
 20
-140.8838604000997
 30
0.0
 10
174.0591813345548
 20
-140.8854762972996
 30
0.0
 10
174.0435507003333
 20
-140.8867902799397
 30
0.0
 10
174.0234104815348
 20
-140.8883461188397
 30
0.0
 10
173.9969389977735
 20
-140.8898203475395
 30
0.0
 10
173.9505568654943
 20
-140.8919917122597
 30
0.0
 10
173.8785619345538
 20
-140.8945043386797
 30
0.0
 10
173.7760965209948
 20
-140.8972793877396
 30
0.0
 10
173.6528258556739
 20
-140.8999211248996
 30
0.0
 10
173.5099563776342
 20
-140.9024111503994
 30
0.0
 10
173.2843826961946
 20
-140.9056314157396
 30
0.0
 10
172.9651715007342
 20
-140.9089481096397
 30
0.0
 10
172.5464568009541
 20
-140.9118064554595
 30
0.0
 10
172.0922486390139
 20
-140.9135681715197
 30
0.0
 10
171.6201143711944
 20
-140.9141603344196
 30
0.0
 10
171.1482184010931
 20
-140.9135575847999
 30
0.0
 10
170.6946735372933
 20
-140.9117882436594
 30
0.0
 10
170.2768676799936
 20
-140.9089259963997
 30
0.0
 10
169.958463876874
 20
-140.9056109407997
 30
0.0
 10
169.7334674663137
 20
-140.9023936142397
 30
0.0
 10
169.5909390620148
 20
-140.8999066849996
 30
0.0
 10
169.4679361863539
 20
-140.8972672033596
 30
0.0
 10
169.3656716918743
 20
-140.8944959109598
 30
0.0
 10
169.2938007942142
 20
-140.8919848136196
 30
0.0
 10
169.2474913414947
 20
-140.8898157196594
 30
0.0
 10
169.221055504094
 20
-140.88834230376
 30
0.0
 10
169.2009399385336
 20
-140.8867880498196
 30
0.0
 10
169.1853248389546
 20
-140.8854743491196
 30
0.0
 10
169.1780222119535
 20
-140.8838622009597
 30
0.0
 10
169.1722611211137
 20
-140.8830001579799
 30
0.0
 10
169.1722603997535
 20
-140.8818864924396
 30
0.0
  0
SPLINE
  5
1B1A
330
242
100
AcDbEntity
  8
0
  6
Continuous
 62
     7
100
AcDbSpline
210
0.0
220
0.0
230
1.0
 70
     8
 71
     3
 72
    21
 73
    17
 74
     0
 42
0.000000001
 43
0.0000001
 40
0.0
 40
0.0
 40
0.0
 40
0.0
 40
0.0013404538
 40
0.0047475296
 40
0.0103286536
 40
0.018096557
 40
0.0401736934
 40
0.070861509
 40
0.1099987513
 40
0.1573508119
 40
0.2126438538
 40
0.2755655686
 40
0.4227235003
 40
0.5953625920000001
 40
0.7893452581
 40
1.0
 40
1.0
 40
1.0
 40
1.0
 10
179.1722603997135
 20
-140.8818864924396
 30
0.0
 10
179.1722617941735
 20
-140.88115138596
 30
0.0
 10
179.175666417794
 20
-140.8801967345798
 30
0.0
 10
179.1804070839537
 20
-140.87915651822
 30
0.0
 10
179.1899791349136
 20
-140.87798429044
 30
0.0
 10
179.2090537424349
 20
-140.8762052261799
 30
0.0
 10
179.2423937316337
 20
-140.8741547400599
 30
0.0
 10
179.2926439156138
 20
-140.8718548183196
 30
0.0
 10
179.356902720295
 20
-140.8695924504795
 30
0.0
 10
179.4346117927146
 20
-140.8673775882598
 30
0.0
 10
179.5253885301338
 20
-140.8652379836994
 30
0.0
 10
179.6708891941737
 20
-140.8623546137996
 30
0.0
 10
179.8807505473744
 20
-140.8591539445596
 30
0.0
 10
180.1624903369541
 20
-140.8559733540196
 30
0.0
 10
180.4790597622335
 20
-140.8533788938798
 30
0.0
 10
180.7009603141144
 20
-140.8521252057598
 30
0.0
 10
180.8164825595743
 20
-140.8515984605596
 30
0.0
  0
LINE
  5
1B1B
330
242
100
AcDbEntity
  8
0
  6
Continuous
 62
     7
100
AcDbLine
 10
180.8164825595743
 20
-140.8515984605596
 30
0.0
 11
181.8370558600548
 21
-140.84993773236
 31
0.0
  0
LINE
  5
1B1C
330
242
100
AcDbEntity
  8
0
  6
Continuous
 62
     7
100
AcDbLine
 10
181.8370558600548
 20
-140.84993773236
 30
0.0
 11
181.852840728154
 21
-140.8499565918595
 31
0.0
  0
LINE
  5
1B1D
330
242
100
AcDbEntity
  8
0
  6
Continuous
 62
     7
100
AcDbLine
 10
182.2711129929533
 20
-140.8509594422793
 30
0.0
 11
182.2852518673947
 21
-140.85101086966
 31
0.0
  0
LINE
  5
1B1E
330
242
100
AcDbEntity
  8
0
  6
Continuous
 62
     7
100
AcDbLine
 10
182.2852518673947
 20
-140.85101086966
 30
0.0
 11
182.6488427734341
 21
-140.8527655194397
 31
0.0
  0
LINE
  5
1B1F
330
242
100
AcDbEntity
  8
0
  6
Continuous
 62
     7
100
AcDbLine
 10
182.6488427734341
 20
-140.8527655194397
 30
0.0
 11
182.967020366694
 21
-140.8550772902794
 31
0.0
  0
SPLINE
  5
1B20
330
242
100
AcDbEntity
  8
0
  6
Continuous
 62
     7
100
AcDbSpline
210
0.0
220
0.0
230
1.0
 70
     8
 71
     3
 72
    18
 73
    14
 74
     0
 42
0.000000001
 43
0.0000001
 40
0.0
 40
0.0
 40
0.0
 40
0.0
 40
0.2192527446
 40
0.4165376971
 40
0.5888508341
 40
0.7335736165000001
 40
0.8485122741999999
 40
0.8942507876
 40
0.9319280585999999
 40
0.961405603
 40
0.9825808628
 40
0.9953981549999999
 40
1.0
 40
1.0
 40
1.0
 40
1.0
 10
182.967020366694
 20
-140.8550772902794
 30
0.0
 10
183.0478586810143
 20
-140.8557721555398
 30
0.0
 10
183.2014355188933
 20
-140.85725987164
 30
0.0
 10
183.4185317014138
 20
-140.8599599424396
 30
0.0
 10
183.6081576416939
 20
-140.8629639699597
 30
0.0
 10
183.7673633634143
 20
-140.8662434350798
 30
0.0
 10
183.8800129044342
 20
-140.8692662458997
 30
0.0
 10
183.952970683333
 20
-140.8719616405596
 30
0.0
 10
183.9948322506137
 20
-140.8737352539796
 30
0.0
 10
184.026627081614
 20
-140.8758225269197
 30
0.0
 10
184.0516064296737
 20
-140.8771368499196
 30
0.0
 10
184.0628073318342
 20
-140.8797458617195
 30
0.0
 10
184.0722593017538
 20
-140.8801897343396
 30
0.0
 10
184.0722603990346
 20
-140.8818864924396
 30
0.0
  0
SPLINE
  5
1B21
330
242
100
AcDbEntity
  8
0
  6
Continuous
 62
     7
100
AcDbSpline
210
0.0
220
0.0
230
1.0
 70
     8
 71
     3
 72
    37
 73
    33
 74
     0
 42
0.000000001
 43
0.0000001
 40
0.0
 40
0.0
 40
0.0
 40
0.0
 40
0.0006824752
 40
0.0025139496
 40
0.0055308515
 40
0.0097346153
 40
0.0151163683
 40
0.0216632892
 40
0.0381956115
 40
0.0591748734
 40
0.084407941
 40
0.1136507861
 40
0.1466266223
 40
0.2224739864
 40
0.3090205971
 40
0.4028885688
 40
0.5004544911
 40
0.5979701569
 40
0.6916922995999999
 40
0.7780290715000002
 40
0.8536759183
 40
0.8865679962999999
 40
0.9157418358000001
 40
0.9409189226
 40
0.9618593009999999
 40
0.9783634861999999
 40
0.9849015666999999
 40
0.9902757626999999
 40
0.9944741795999998
 40
0.9974887621999998
 40
0.9993184276
 40
1.0
 40
1.0
 40
1.0
 40
1.0
 10
184.0722603990346
 20
-140.8818864924396
 30
0.0
 10
184.0722582857536
 20
-140.8830016337196
 30
0.0
 10
184.0664917720144
 20
-140.8838604000997
 30
0.0
 10
184.0591813345148
 20
-140.8854762972996
 30
0.0
 10
184.0435507002942
 20
-140.8867902799397
 30
0.0
 10
184.0234104814938
 20
-140.8883461188397
 30
0.0
 10
183.9969389977344
 20
-140.8898203475395
 30
0.0
 10
183.9505568654543
 20
-140.8919917122597
 30
0.0
 10
183.8785619345147
 20
-140.8945043386797
 30
0.0
 10
183.776096520953
 20
-140.8972793877396
 30
0.0
 10
183.6528258556348
 20
-140.8999211248996
 30
0.0
 10
183.5099563775941
 20
-140.9024111503994
 30
0.0
 10
183.2843826961546
 20
-140.9056314157396
 30
0.0
 10
182.9651715006942
 20
-140.9089481096397
 30
0.0
 10
182.5464568009141
 20
-140.9118064554595
 30
0.0
 10
182.0922486389739
 20
-140.9135681715197
 30
0.0
 10
181.6201143711544
 20
-140.9141603344196
 30
0.0
 10
181.148218401054
 20
-140.9135575847999
 30
0.0
 10
180.6946735372542
 20
-140.9117882436594
 30
0.0
 10
180.2768676799535
 20
-140.9089259963997
 30
0.0
 10
179.9584638768349
 20
-140.9056109407997
 30
0.0
 10
179.7334674662746
 20
-140.9023936142397
 30
0.0
 10
179.5909390619748
 20
-140.8999066849996
 30
0.0
 10
179.4679361863139
 20
-140.8972672033596
 30
0.0
 10
179.3656716918343
 20
-140.8944959109598
 30
0.0
 10
179.2938007941741
 20
-140.8919848136196
 30
0.0
 10
179.2474913414547
 20
-140.8898157196594
 30
0.0
 10
179.221055504054
 20
-140.88834230376
 30
0.0
 10
179.2009399384936
 20
-140.8867880498196
 30
0.0
 10
179.1853248389146
 20
-140.8854743491196
 30
0.0
 10
179.1780222119144
 20
-140.8838622009597
 30
0.0
 10
179.1722611210737
 20
-140.8830001579799
 30
0.0
 10
179.1722603997135
 20
-140.8818864924396
 30
0.0
  0
SPLINE
  5
1B22
330
242
100
AcDbEntity
  8
0
  6
Continuous
 62
     7
100
AcDbSpline
210
0.0
220
0.0
230
1.0
 70
     8
 71
     3
 72
    39
 73
    35
 74
     0
 42
0.000000001
 43
0.0000001
 40
0.0
 40
0.0
 40
0.0
 40
0.0
 40
0.0006713224
 40
0.0024988895
 40
0.0055136642
 40
0.0097160484
 40
0.0150968387
 40
0.0216431011
 40
0.0381748579
 40
0.0591543084
 40
0.0843880916
 40
0.1136320518
 40
0.1466093314
 40
0.1830053737
 40
0.2224603664
 40
0.3090112481
 40
0.4028838378000001
 40
0.5004545262
 40
0.5979749567
 40
0.691701713
 40
0.7780427473999999
 40
0.8173960467
 40
0.8536932527999999
 40
0.8865867729000001
 40
0.9157617252999999
 40
0.9409395120999999
 40
0.9618800638999999
 40
0.9783837229999999
 40
0.9849211744999999
 40
0.9902943962999998
 40
0.9944913597999999
 40
0.9975037237
 40
0.9993294734999999
 40
1.0
 40
1.0
 40
1.0
 40
1.0
 10
174.2722604003932
 20
-141.0818693589198
 30
0.0
 10
174.2722593005749
 20
-141.0830557548196
 30
0.0
 10
174.265945315234
 20
-141.0837622050198
 30
0.0
 10
174.2581429178347
 20
-141.0855127882595
 30
0.0
 10
174.2411867820731
 20
-141.0867491027797
 30
0.0
 10
174.2194266655745
 20
-141.0883387693997
 30
0.0
 10
174.1907854782533
 20
-141.089799879
 30
0.0
 10
174.1406201759949
 20
-141.0919774514795
 30
0.0
 10
174.0627447894542
 20
-141.0944860469198
 30
0.0
 10
173.9519157273938
 20
-141.0972627926994
 30
0.0
 10
173.8185811299548
 20
-141.0999039939196
 30
0.0
 10
173.6640483376744
 20
-141.1023938238399
 30
0.0
 10
173.4897805607346
 20
-141.1046955616797
 30
0.0
 10
173.2974646486948
 20
-141.1067858521396
 30
0.0
 10
173.0104701502935
 20
-141.1093410108596
 30
0.0
 10
172.6218958829943
 20
-141.1117878080994
 30
0.0
 10
172.1306119379545
 20
-141.1135515155196
 30
0.0
 10
171.6199392000947
 20
-141.1141429621397
 30
0.0
 10
171.1095242011136
 20
-141.1135408957797
 30
0.0
 10
170.6189576841537
 20
-141.1117697131398
 30
0.0
 10
170.2311917566142
 20
-141.1093189026996
 30
0.0
 10
169.9449225145738
 20
-141.1067651765397
 30
0.0
 10
169.7531090348532
 20
-141.1046758309593
 30
0.0
 10
169.579285917934
 20
-141.1023763130796
 30
0.0
 10
169.4251220555737
 20
-141.0998895489396
 30
0.0
 10
169.2920771502143
 20
-141.0972506108596
 30
0.0
 10
169.1814653724544
 20
-141.0944776217397
 30
0.0
 10
169.1037240775934
 20
-141.0919705553796
 30
0.0
 10
169.0536372283143
 20
-141.0897952434997
 30
0.0
 10
169.0250348191742
 20
-141.08833496448
 30
0.0
 10
169.0033013472742
 20
-141.0867468548799
 30
0.0
 10
168.9863630702542
 20
-141.0855109289795
 30
0.0
 10
168.9785678762931
 20
-141.0837638255397
 30
0.0
 10
168.9722607667348
 20
-141.0830543501997
 30
0.0
 10
168.9722604009742
 20
-141.0818693589198
 30
0.0
  0
SPLINE
  5
1B23
330
242
100
AcDbEntity
  8
0
  6
Continuous
 62
     7
100
AcDbSpline
210
0.0
220
0.0
230
1.0
 70
     8
 71
     3
 72
    39
 73
    35
 74
     0
 42
0.000000001
 43
0.0000001
 40
0.0
 40
0.0
 40
0.0
 40
0.0
 40
0.0006713224
 40
0.0024988895
 40
0.0055136642
 40
0.0097160484
 40
0.0150968387
 40
0.0216431011
 40
0.0381748579
 40
0.0591543084
 40
0.0843880916
 40
0.1136320518
 40
0.1466093314
 40
0.1830053737
 40
0.2224603664
 40
0.3090112481
 40
0.4028838378000001
 40
0.5004545262
 40
0.5979749567
 40
0.691701713
 40
0.7780427473999999
 40
0.8173960467
 40
0.8536932527999999
 40
0.8865867729000001
 40
0.9157617252999999
 40
0.9409395120999999
 40
0.9618800638999999
 40
0.9783837229999999
 40
0.9849211744999999
 40
0.9902943962999998
 40
0.9944913597999999
 40
0.9975037237
 40
0.9993294734999999
 40
1.0
 40
1.0
 40
1.0
 40
1.0
 10
184.2722604003541
 20
-141.0818693589198
 30
0.0
 10
184.2722593005349
 20
-141.0830557548196
 30
0.0
 10
184.2659453151939
 20
-141.0837622050198
 30
0.0
 10
184.2581429177947
 20
-141.0855127882595
 30
0.0
 10
184.241186782034
 20
-141.0867491027797
 30
0.0
 10
184.2194266655336
 20
-141.0883387693997
 30
0.0
 10
184.1907854782142
 20
-141.089799879
 30
0.0
 10
184.140620175953
 20
-141.0919774514795
 30
0.0
 10
184.0627447894133
 20
-141.0944860469198
 30
0.0
 10
183.9519157273537
 20
-141.0972627926994
 30
0.0
 10
183.8185811299138
 20
-141.0999039939196
 30
0.0
 10
183.6640483376343
 20
-141.1023938238399
 30
0.0
 10
183.4897805606945
 20
-141.1046955616797
 30
0.0
 10
183.297464648653
 20
-141.1067858521396
 30
0.0
 10
183.0104701502535
 20
-141.1093410108596
 30
0.0
 10
182.6218958829543
 20
-141.1117878080994
 30
0.0
 10
182.1306119379135
 20
-141.1135515155196
 30
0.0
 10
181.6199392000547
 20
-141.1141429621397
 30
0.0
 10
181.1095242010736
 20
-141.1135408957797
 30
0.0
 10
180.6189576841146
 20
-141.1117697131398
 30
0.0
 10
180.2311917565742
 20
-141.1093189026996
 30
0.0
 10
179.9449225145347
 20
-141.1067651765397
 30
0.0
 10
179.7531090348132
 20
-141.1046758309593
 30
0.0
 10
179.579285917894
 20
-141.1023763130796
 30
0.0
 10
179.4251220555336
 20
-141.0998895489396
 30
0.0
 10
179.2920771501743
 20
-141.0972506108596
 30
0.0
 10
179.1814653724143
 20
-141.0944776217397
 30
0.0
 10
179.1037240775534
 20
-141.0919705553796
 30
0.0
 10
179.0536372282743
 20
-141.0897952434997
 30
0.0
 10
179.0250348191342
 20
-141.08833496448
 30
0.0
 10
179.0033013472342
 20
-141.0867468548799
 30
0.0
 10
178.9863630702141
 20
-141.0855109289795
 30
0.0
 10
178.9785678762539
 20
-141.0837638255397
 30
0.0
 10
178.9722607666947
 20
-141.0830543501997
 30
0.0
 10
178.9722604009342
 20
-141.0818693589198
 30
0.0
  0
SPLINE
  5
1B24
330
242
100
AcDbEntity
  8
0
  6
Continuous
 62
     7
100
AcDbSpline
210
0.0
220
0.0
230
1.0
 70
     8
 71
     3
 72
    39
 73
    35
 74
     0
 42
0.000000001
 43
0.0000001
 40
0.0
 40
0.0
 40
0.0
 40
0.0
 40
0.0006713224
 40
0.0024988895
 40
0.0055136642
 40
0.0097160484
 40
0.0150968387
 40
0.0216431011
 40
0.0381748579
 40
0.0591543084
 40
0.0843880916
 40
0.1136320518
 40
0.1466093314
 40
0.1830053737
 40
0.2224603664
 40
0.3090112481
 40
0.4028838378000001
 40
0.5004545262
 40
0.5979749567
 40
0.691701713
 40
0.7780427473999999
 40
0.8173960467
 40
0.8536932527999999
 40
0.8865867729000001
 40
0.9157617252999999
 40
0.9409395120999999
 40
0.9618800638999999
 40
0.9783837229999999
 40
0.9849211744999999
 40
0.9902943962999998
 40
0.9944913597999999
 40
0.9975037237
 40
0.9993294734999999
 40
1.0
 40
1.0
 40
1.0
 40
1.0
 10
164.2722604004332
 20
-141.0818693589198
 30
0.0
 10
164.272259300614
 20
-141.0830557548196
 30
0.0
 10
164.265945315274
 20
-141.0837622050198
 30
0.0
 10
164.2581429178738
 20
-141.0855127882595
 30
0.0
 10
164.241186782115
 20
-141.0867491027797
 30
0.0
 10
164.2194266656145
 20
-141.0883387693997
 30
0.0
 10
164.1907854782933
 20
-141.089799879
 30
0.0
 10
164.1406201760349
 20
-141.0919774514795
 30
0.0
 10
164.0627447894942
 20
-141.0944860469198
 30
0.0
 10
163.9519157274338
 20
-141.0972627926994
 30
0.0
 10
163.8185811299948
 20
-141.0999039939196
 30
0.0
 10
163.6640483377144
 20
-141.1023938238399
 30
0.0
 10
163.4897805607746
 20
-141.1046955616797
 30
0.0
 10
163.2974646487349
 20
-141.1067858521396
 30
0.0
 10
163.0104701503344
 20
-141.1093410108596
 30
0.0
 10
162.6218958830343
 20
-141.1117878080994
 30
0.0
 10
162.1306119379945
 20
-141.1135515155196
 30
0.0
 10
161.6199392001338
 20
-141.1141429621397
 30
0.0
 10
161.1095242011536
 20
-141.1135408957797
 30
0.0
 10
160.6189576841937
 20
-141.1117697131398
 30
0.0
 10
160.2311917566542
 20
-141.1093189026996
 30
0.0
 10
159.9449225146139
 20
-141.1067651765397
 30
0.0
 10
159.7531090348951
 20
-141.1046758309593
 30
0.0
 10
159.579285917974
 20
-141.1023763130796
 30
0.0
 10
159.4251220556137
 20
-141.0998895489396
 30
0.0
 10
159.2920771502543
 20
-141.0972506108596
 30
0.0
 10
159.1814653724944
 20
-141.0944776217397
 30
0.0
 10
159.1037240776343
 20
-141.0919705553796
 30
0.0
 10
159.0536372283543
 20
-141.0897952434997
 30
0.0
 10
159.0250348192142
 20
-141.08833496448
 30
0.0
 10
159.0033013473133
 20
-141.0867468548799
 30
0.0
 10
158.9863630702942
 20
-141.0855109289795
 30
0.0
 10
158.9785678763331
 20
-141.0837638255397
 30
0.0
 10
158.9722607667748
 20
-141.0830543501997
 30
0.0
 10
158.9722604010133
 20
-141.0818693589198
 30
0.0
  0
SPLINE
  5
1B25
330
242
100
AcDbEntity
  8
0
  6
Continuous
 62
     7
100
AcDbSpline
210
0.0
220
0.0
230
1.0
 70
     8
 71
     3
 72
    21
 73
    17
 74
     0
 42
0.000000001
 43
0.0000001
 40
0.0
 40
0.0
 40
0.0
 40
0.0
 40
0.0013404538
 40
0.0047475296
 40
0.0103286536
 40
0.018096557
 40
0.0401736934
 40
0.070861509
 40
0.1099987513
 40
0.1573508119
 40
0.2126438538
 40
0.2755655686
 40
0.4227235003
 40
0.5953625920000001
 40
0.7893452581
 40
1.0
 40
1.0
 40
1.0
 40
1.0
 10
159.1722603997935
 20
-140.8818864924396
 30
0.0
 10
159.1722617942535
 20
-140.88115138596
 30
0.0
 10
159.1756664178731
 20
-140.8801967345798
 30
0.0
 10
159.1804070840347
 20
-140.87915651822
 30
0.0
 10
159.1899791349945
 20
-140.87798429044
 30
0.0
 10
159.2090537425141
 20
-140.8762052261799
 30
0.0
 10
159.2423937317138
 20
-140.8741547400599
 30
0.0
 10
159.2926439156929
 20
-140.8718548183196
 30
0.0
 10
159.3569027203742
 20
-140.8695924504795
 30
0.0
 10
159.4346117927937
 20
-140.8673775882598
 30
0.0
 10
159.5253885302139
 20
-140.8652379836994
 30
0.0
 10
159.6708891942538
 20
-140.8623546137996
 30
0.0
 10
159.8807505474536
 20
-140.8591539445596
 30
0.0
 10
160.1624903370342
 20
-140.8559733540196
 30
0.0
 10
160.4790597623144
 20
-140.8533788938798
 30
0.0
 10
160.7009603141935
 20
-140.8521252057598
 30
0.0
 10
160.8164825596535
 20
-140.8515984605596
 30
0.0
  0
LINE
  5
1B26
330
242
100
AcDbEntity
  8
0
  6
Continuous
 62
     7
100
AcDbLine
 10
160.8164825596535
 20
-140.8515984605596
 30
0.0
 11
161.8370558601339
 21
-140.84993773236
 31
0.0
  0
LINE
  5
1B27
330
242
100
AcDbEntity
  8
0
  6
Continuous
 62
     7
100
AcDbLine
 10
161.8370558601339
 20
-140.84993773236
 30
0.0
 11
161.8528407282331
 21
-140.8499565918595
 31
0.0
  0
LINE
  5
1B28
330
242
100
AcDbEntity
  8
0
  6
Continuous
 62
     7
100
AcDbLine
 10
162.2711129930351
 20
-140.8509594422793
 30
0.0
 11
162.2852518674738
 21
-140.85101086966
 31
0.0
  0
LINE
  5
1B29
330
242
100
AcDbEntity
  8
0
  6
Continuous
 62
     7
100
AcDbLine
 10
162.2852518674738
 20
-140.85101086966
 30
0.0
 11
162.6488427735142
 21
-140.8527655194397
 31
0.0
  0
LINE
  5
1B2A
330
242
100
AcDbEntity
  8
0
  6
Continuous
 62
     7
100
AcDbLine
 10
162.6488427735142
 20
-140.8527655194397
 30
0.0
 11
162.9670203667741
 21
-140.8550772902794
 31
0.0
  0
SPLINE
  5
1B2B
330
242
100
AcDbEntity
  8
0
  6
Continuous
 62
     7
100
AcDbSpline
210
0.0
220
0.0
230
1.0
 70
     8
 71
     3
 72
    18
 73
    14
 74
     0
 42
0.000000001
 43
0.0000001
 40
0.0
 40
0.0
 40
0.0
 40
0.0
 40
0.2192527446
 40
0.4165376971
 40
0.5888508341
 40
0.7335736165000001
 40
0.8485122741999999
 40
0.8942507876
 40
0.9319280585999999
 40
0.961405603
 40
0.9825808628
 40
0.9953981549999999
 40
1.0
 40
1.0
 40
1.0
 40
1.0
 10
162.9670203667741
 20
-140.8550772902794
 30
0.0
 10
163.0478586810944
 20
-140.8557721555398
 30
0.0
 10
163.2014355189743
 20
-140.85725987164
 30
0.0
 10
163.4185317014938
 20
-140.8599599424396
 30
0.0
 10
163.6081576417748
 20
-140.8629639699597
 30
0.0
 10
163.7673633634943
 20
-140.8662434350798
 30
0.0
 10
163.8800129045133
 20
-140.8692662458997
 30
0.0
 10
163.9529706834149
 20
-140.8719616405596
 30
0.0
 10
163.9948322506946
 20
-140.8737352539796
 30
0.0
 10
164.0266270816949
 20
-140.8758225269197
 30
0.0
 10
164.0516064297547
 20
-140.8771368499196
 30
0.0
 10
164.0628073319133
 20
-140.8797458617195
 30
0.0
 10
164.0722593018347
 20
-140.8801897343396
 30
0.0
 10
164.0722603991137
 20
-140.8818864924396
 30
0.0
  0
SPLINE
  5
1B2C
330
242
100
AcDbEntity
  8
0
  6
Continuous
 62
     7
100
AcDbSpline
210
0.0
220
0.0
230
1.0
 70
     8
 71
     3
 72
    37
 73
    33
 74
     0
 42
0.000000001
 43
0.0000001
 40
0.0
 40
0.0
 40
0.0
 40
0.0
 40
0.0006824752
 40
0.0025139496
 40
0.0055308515
 40
0.0097346153
 40
0.0151163683
 40
0.0216632892
 40
0.0381956115
 40
0.0591748734
 40
0.084407941
 40
0.1136507861
 40
0.1466266223
 40
0.2224739864
 40
0.3090205971
 40
0.4028885688
 40
0.5004544911
 40
0.5979701569
 40
0.6916922995999999
 40
0.7780290715000002
 40
0.8536759183
 40
0.8865679962999999
 40
0.9157418358000001
 40
0.9409189226
 40
0.9618593009999999
 40
0.9783634861999999
 40
0.9849015666999999
 40
0.9902757626999999
 40
0.9944741795999998
 40
0.9974887621999998
 40
0.9993184276
 40
1.0
 40
1.0
 40
1.0
 40
1.0
 10
164.0722603991137
 20
-140.8818864924396
 30
0.0
 10
164.0722582832944
 20
-140.8830016337196
 30
0.0
 10
164.0664917720945
 20
-140.8838604000997
 30
0.0
 10
164.0591813345939
 20
-140.8854762972996
 30
0.0
 10
164.0435507003734
 20
-140.8867902799397
 30
0.0
 10
164.0234104815748
 20
-140.8883461188397
 30
0.0
 10
163.9969389978135
 20
-140.8898203475395
 30
0.0
 10
163.9505568655343
 20
-140.8919917122597
 30
0.0
 10
163.8785619345938
 20
-140.8945043386797
 30
0.0
 10
163.7760965210348
 20
-140.8972793877396
 30
0.0
 10
163.6528258557139
 20
-140.8999211248996
 30
0.0
 10
163.5099563776733
 20
-140.9024111503994
 30
0.0
 10
163.2843826962347
 20
-140.9056314157396
 30
0.0
 10
162.9651715007742
 20
-140.9089481096397
 30
0.0
 10
162.5464568009941
 20
-140.9118064554595
 30
0.0
 10
162.0922486390539
 20
-140.9135681715197
 30
0.0
 10
161.6201143712345
 20
-140.9141603344196
 30
0.0
 10
161.148218401135
 20
-140.9135575847999
 30
0.0
 10
160.6946735373333
 20
-140.9117882436594
 30
0.0
 10
160.2768676800345
 20
-140.9089259963997
 30
0.0
 10
159.9584638769141
 20
-140.9056109407997
 30
0.0
 10
159.7334674663537
 20
-140.9023936142397
 30
0.0
 10
159.5909390620539
 20
-140.8999066849996
 30
0.0
 10
159.4679361863939
 20
-140.8972672033596
 30
0.0
 10
159.3656716919143
 20
-140.8944959109598
 30
0.0
 10
159.2938007942542
 20
-140.8919848136196
 30
0.0
 10
159.2474913415338
 20
-140.8898157196594
 30
0.0
 10
159.2210555041331
 20
-140.88834230376
 30
0.0
 10
159.2009399385736
 20
-140.8867880498196
 30
0.0
 10
159.1853248389937
 20
-140.8854743491196
 30
0.0
 10
159.1780222119935
 20
-140.8838622009597
 30
0.0
 10
159.1722611211538
 20
-140.8830001579799
 30
0.0
 10
159.1722603997935
 20
-140.8818864924396
 30
0.0
  0
SPLINE
  5
1B2D
330
242
100
AcDbEntity
  8
0
  6
Continuous
 62
     7
100
AcDbSpline
210
0.0
220
0.0
230
1.0
 70
     8
 71
     3
 72
    19
 73
    15
 74
     0
 42
0.000000001
 43
0.0000001
 40
0.0
 40
0.0
 40
0.0
 40
0.0
 40
0.0027670682
 40
0.0089915158
 40
0.0184959698
 40
0.0310697046
 40
0.0645624627
 40
0.1077762422
 40
0.159074012
 40
0.2168634753
 40
0.3477578804999999
 40
0.4950396640000001
 40
0.6551069601
 40
1.0
 40
1.0
 40
1.0
 40
1.0
 10
151.5955583573944
 20
-180.1217215381397
 30
0.0
 10
151.5944351389146
 20
-180.1217039638799
 30
0.0
 10
151.591299328574
 20
-180.1241976545997
 30
0.0
 10
151.5851974738737
 20
-180.1280920968997
 30
0.0
 10
151.5761436921341
 20
-180.1354140024995
 30
0.0
 10
151.5587235390142
 20
-180.1496181371598
 30
0.0
 10
151.5314372969144
 20
-180.1735794506798
 30
0.0
 10
151.4933278582742
 20
-180.2088780999197
 30
0.0
 10
151.4492801206145
 20
-180.2522990189199
 30
0.0
 10
151.3821914816138
 20
-180.3229629898596
 30
0.0
 10
151.2938115770942
 20
-180.4270246664195
 30
0.0
 10
151.1893087685733
 20
-180.5712764632598
 30
0.0
 10
151.0525695906947
 20
-180.7982892604395
 30
0.0
 10
150.9714575227929
 20
-180.9883315321198
 30
0.0
 10
150.9288873158341
 20
-181.1217206023997
 30
0.0
  0
SPLINE
  5
1B2E
330
242
100
AcDbEntity
  8
0
  6
Continuous
 62
     7
100
AcDbSpline
210
0.0
220
0.0
230
1.0
 70
     8
 71
     3
 72
    18
 73
    14
 74
     0
 42
0.000000001
 43
0.0000001
 40
0.0
 40
0.0
 40
0.0
 40
0.0
 40
0.0053308824
 40
0.0201094303
 40
0.0443722978
 40
0.077789152
 40
0.1199859669
 40
0.1705984238
 40
0.2949749748
 40
0.4462536333
 40
0.6188596569
 40
0.8061622459
 40
1.0
 40
1.0
 40
1.0
 40
1.0
 10
152.8223169020942
 20
-184.0869243239999
 30
0.0
 10
152.8223269477942
 20
-184.0887244346999
 30
0.0
 10
152.8320715282546
 20
-184.0896204019195
 30
0.0
 10
152.8436920942943
 20
-184.0939808224597
 30
0.0
 10
152.8694241637334
 20
-184.0978429229394
 30
0.0
 10
152.9020488508343
 20
-184.1031826328598
 30
0.0
 10
152.9446304166734
 20
-184.1083078829601
 30
0.0
 10
153.0175195622344
 20
-184.1153324129795
 30
0.0
 10
153.1277172641142
 20
-184.1207720744396
 30
0.0
 10
153.2791552340343
 20
-184.1179571727797
 30
0.0
 10
153.451222926474
 20
-184.1018210531596
 30
0.0
 10
153.6354473459335
 20
-184.0685499132
 30
0.0
 10
153.7599036146742
 20
-184.0349944303997
 30
0.0
 10
153.8222603987736
 20
-184.0150936878798
 30
0.0
  0
SPLINE
  5
1B2F
330
242
100
AcDbEntity
  8
0
  6
Continuous
 62
     7
100
AcDbSpline
210
0.0
220
0.0
230
1.0
 70
     8
 71
     3
 72
    21
 73
    17
 74
     0
 42
0.000000001
 43
0.0000001
 40
0.0
 40
0.0
 40
0.0
 40
0.0
 40
0.0019226156
 40
0.0061680755
 40
0.0127632544
 40
0.0217008434
 40
0.046549057
 40
0.080556634
 40
0.123361995
 40
0.1745355489
 40
0.2336422718
 40
0.3001959415
 40
0.4535544244
 40
0.6279881539
 40
0.8121803907999998
 40
1.0
 40
1.0
 40
1.0
 40
1.0
 10
166.6063064816338
 20
-187.7700555124597
 30
0.0
 10
166.6071203662134
 20
-187.76921418064
 30
0.0
 10
166.6112120039545
 20
-187.7687188069794
 30
0.0
 10
166.6185797667133
 20
-187.7673896300597
 30
0.0
 10
166.6307461406534
 20
-187.7664470538402
 30
0.0
 10
166.6551771204934
 20
-187.7646889394995
 30
0.0
 10
166.6964835606134
 20
-187.7628435558394
 30
0.0
 10
166.758309850474
 20
-187.7607004155997
 30
0.0
 10
166.8362205709539
 20
-187.7586688600995
 30
0.0
 10
166.9294011973937
 20
-187.7567083610992
 30
0.0
 10
167.0370517212344
 20
-187.7548720960394
 30
0.0
 10
167.2069138935742
 20
-187.7524908688996
 30
0.0
 10
167.4469982927533
 20
-187.7500556184995
 30
0.0
 10
167.7587109230738
 20
-187.7479851070197
 30
0.0
 10
168.0914096607751
 20
-187.7467163160599
 30
0.0
 10
168.3179073535742
 20
-187.7464493163392
 30
0.0
 10
168.4322603989342
 20
-187.7464493163392
 30
0.0
  0
SPLINE
  5
1B30
330
242
100
AcDbEntity
  8
0
  6
Continuous
 62
     7
100
AcDbSpline
210
0.0
220
0.0
230
1.0
 70
     8
 71
     3
 72
    18
 73
    14
 74
     0
 42
0.000000001
 43
0.0000001
 40
0.0
 40
0.0
 40
0.0
 40
0.0
 40
0.0060802465
 40
0.0215034587
 40
0.046322416
 40
0.080488858
 40
0.1236801121
 40
0.1754825468
 40
0.302925034
 40
0.4569516914000001
 40
0.6299722756000001
 40
0.8129025535
 40
1.0
 40
1.0
 40
1.0
 40
1.0
 10
194.5723329624737
 20
-170.8677551997797
 30
0.0
 10
194.5711735083535
 20
-170.8666326416996
 30
0.0
 10
194.5716256004137
 20
-170.8600711460598
 30
0.0
 10
194.5697181188337
 20
-170.8485860686996
 30
0.0
 10
194.5693565879331
 20
-170.8284342217798
 30
0.0
 10
194.5681934558946
 20
-170.8015115298798
 30
0.0
 10
194.5673845166941
 20
-170.7671721929195
 30
0.0
 10
194.5661081082747
 20
-170.7081768676798
 30
0.0
 10
194.5648271938938
 20
-170.6197081215795
 30
0.0
 10
194.5635927792949
 20
-170.4990901052596
 30
0.0
 10
194.5627052880539
 20
-170.3637304750399
 30
0.0
 10
194.5621602446939
 20
-170.2195946393598
 30
0.0
 10
194.5620434377136
 20
-170.1213805584197
 30
0.0
 10
194.5620434377136
 20
-170.0717206044
 30
0.0
  0
SPLINE
  5
1B31
330
242
100
AcDbEntity
  8
0
  6
Continuous
 62
     7
100
AcDbSpline
210
0.0
220
0.0
230
1.0
 70
     8
 71
     3
 72
    21
 73
    17
 74
     0
 42
0.000000001
 43
0.0000001
 40
0.0
 40
0.0
 40
0.0
 40
0.0
 40
0.1938848892
 40
0.380832563
 40
0.5532314221
 40
0.7048085711
 40
0.7709544249000001
 40
0.8297275570999998
 40
0.8804897397999999
 40
0.922715368
 40
0.9558899806000001
 40
0.9796719509
 40
0.9880939242
 40
0.9942540394999999
 40
0.9981967356999998
 40
1.0
 40
1.0
 40
1.0
 40
1.0
 10
174.8122603998939
 20
-187.7464493163392
 30
0.0
 10
174.9303058254739
 20
-187.7464493163392
 30
0.0
 10
175.1621730935151
 20
-187.7467431105196
 30
0.0
 10
175.4990020388534
 20
-187.7480430393397
 30
0.0
 10
175.8100673755737
 20
-187.7501608151396
 30
0.0
 10
176.0475787826947
 20
-187.75261216152
 30
0.0
 10
176.215904158513
 20
-187.7550003558794
 30
0.0
 10
176.3228519456336
 20
-187.7568552188194
 30
0.0
 10
176.4152251924345
 20
-187.7588430939399
 30
0.0
 10
176.4920234310141
 20
-187.7608916826793
 30
0.0
 10
176.5523424162941
 20
-187.76301819862
 30
0.0
 10
176.5921715060533
 20
-187.7648355381397
 30
0.0
 10
176.6153859554345
 20
-187.7665387503793
 30
0.0
 10
176.6267664533737
 20
-187.7674721521193
 30
0.0
 10
176.6336581439339
 20
-187.7687171788397
 30
0.0
 10
176.6374346794348
 20
-187.7692538224195
 30
0.0
 10
176.6382036364942
 20
-187.7700374657592
 30
0.0
  0
SPLINE
  5
1B32
330
242
100
AcDbEntity
  8
0
  6
Continuous
 62
     7
100
AcDbSpline
210
0.0
220
0.0
230
1.0
 70
     8
 71
     3
 72
    18
 73
    14
 74
     0
 42
0.000000001
 43
0.0000001
 40
0.0
 40
0.0
 40
0.0
 40
0.0
 40
0.1932205727
 40
0.3804647548
 40
0.5545158892000001
 40
0.7073426435
 40
0.8321429127
 40
0.8822898307999999
 40
0.9237784315999999
 40
0.9563426695999998
 40
0.9798092243000001
 40
0.9942898368999999
 40
1.0
 40
1.0
 40
1.0
 40
1.0
 10
194.5620434377136
 20
-158.5717206021599
 30
0.0
 10
194.5620434377136
 20
-158.5204354875595
 30
0.0
 10
194.5621691905738
 20
-158.4194512851595
 30
0.0
 10
194.5627402511539
 20
-158.2722719452794
 30
0.0
 10
194.563662875675
 20
-158.1358125814194
 30
0.0
 10
194.5649242447537
 20
-158.0159411752396
 30
0.0
 10
194.5662195304533
 20
-157.9289326090997
 30
0.0
 10
194.5674971885549
 20
-157.8715291170996
 30
0.0
 10
194.568304781554
 20
-157.8385104658395
 30
0.0
 10
194.5694326482346
 20
-157.8128122520597
 30
0.0
 10
194.5698206052942
 20
-157.7937265675995
 30
0.0
 10
194.5716008760531
 20
-157.7828845242597
 30
0.0
 10
194.5712451388938
 20
-157.7767472289396
 30
0.0
 10
194.5723294090133
 20
-157.7756882572197
 30
0.0
  0
SPLINE
  5
1B33
330
242
100
AcDbEntity
  8
0
  6
Continuous
 62
     7
100
AcDbSpline
210
0.0
220
0.0
230
1.0
 70
     8
 71
     3
 72
    19
 73
    15
 74
     0
 42
0.000000001
 43
0.0000001
 40
0.0
 40
0.0
 40
0.0
 40
0.0
 40
0.1923820683
 40
0.3783356590999999
 40
0.5501426885000001
 40
0.7017936261
 40
0.7682775906
 40
0.8276106180999999
 40
0.8791030084999999
 40
0.9220755744999999
 40
0.9560160029
 40
0.9805296017999999
 40
0.9952385331
 40
1.0
 40
1.0
 40
1.0
 40
1.0
 10
153.8222603987736
 20
-187.5608063652993
 30
0.0
 10
153.7572569727738
 20
-187.5517038663597
 30
0.0
 10
153.6297062982333
 20
-187.5317270025798
 30
0.0
 10
153.4451602411148
 20
-187.4973175260601
 30
0.0
 10
153.2752774515932
 20
-187.4605326897999
 30
0.0
 10
153.1459267781131
 20
-187.4293172607394
 30
0.0
 10
153.054254502734
 20
-187.4057712956395
 30
0.0
 10
152.9957263571544
 20
-187.3902690558797
 30
0.0
 10
152.9452027802729
 20
-187.3766803657599
 30
0.0
 10
152.9025223677939
 20
-187.3650020426598
 30
0.0
 10
152.8701214064334
 20
-187.3566629127799
 30
0.0
 10
152.843572117394
 20
-187.3491182745796
 30
0.0
 10
152.8330829435547
 20
-187.3481781824798
 30
0.0
 10
152.8222558277942
 20
-187.3448219788796
 30
0.0
 10
152.8223104809743
 20
-187.3464455951393
 30
0.0
  0
LINE
  5
1B34
330
242
100
AcDbEntity
  8
0
  6
Continuous
 62
     7
100
AcDbLine
 10
148.8233962385341
 20
-181.8210816649397
 30
0.0
 11
148.8213577056543
 21
-182.1217206039195
 31
0.0
  0
SPLINE
  5
1B35
330
242
100
AcDbEntity
  8
0
  6
Continuous
 62
     7
100
AcDbSpline
210
0.0
220
0.0
230
1.0
 70
     8
 71
     3
 72
     9
 73
     5
 74
     0
 42
0.000000001
 43
0.0000001
 40
0.0
 40
0.0
 40
0.0
 40
0.0
 40
0.2868727632
 40
1.0
 40
1.0
 40
1.0
 40
1.0
 10
153.8222603987736
 20
-187.5608063652993
 30
0.0
 10
153.8981923881341
 20
-187.5714392015397
 30
0.0
 10
154.1635526397334
 20
-187.6037262565996
 30
0.0
 10
154.4308421889739
 20
-187.6187558937999
 30
0.0
 10
154.6214117265538
 20
-187.6220723768796
 30
0.0
  0
SPLINE
  5
1B36
330
242
100
AcDbEntity
  8
0
  6
Continuous
 62
     7
100
AcDbSpline
210
0.0
220
0.0
230
1.0
 70
     8
 71
     3
 72
    19
 73
    15
 74
     0
 42
0.000000001
 43
0.0000001
 40
0.0
 40
0.0
 40
0.0
 40
0.0
 40
0.0027941705
 40
0.0090397895
 40
0.0185591497
 40
0.031141609
 40
0.0646335463
 40
0.1078330955
 40
0.1591426465
 40
0.2170021762
 40
0.3479112115
 40
0.4951379311000001
 40
0.655147349
 40
1.0
 40
1.0
 40
1.0
 40
1.0
 10
154.8222604002942
 20
-183.34842106644
 30
0.0
 10
154.8222604002942
 20
-183.3495554253599
 30
0.0
 10
154.8197797905744
 20
-183.3527032676797
 30
0.0
 10
154.8158505147142
 20
-183.3588302963193
 30
0.0
 10
154.8085290282136
 20
-183.3678970803197
 30
0.0
 10
154.794312284994
 20
-183.38532506426
 30
0.0
 10
154.7703501078743
 20
-183.4126028303798
 30
0.0
 10
154.7350406712542
 20
-183.4507026170194
 30
0.0
 10
154.6915942227136
 20
-183.4947627473397
 30
0.0
 10
154.620921095074
 20
-183.5618992526396
 30
0.0
 10
154.5168288826347
 20
-183.6502636910995
 30
0.0
 10
154.3726061941937
 20
-183.7547371397599
 30
0.0
 10
154.1456399272732
 20
-183.8914343441397
 30
0.0
 10
153.9556340614147
 20
-183.9725283983593
 30
0.0
 10
153.8222603987736
 20
-184.0150936878798
 30
0.0
  0
SPLINE
  5
1B37
330
242
100
AcDbEntity
  8
0
  6
Continuous
 62
     7
100
AcDbSpline
210
0.0
220
0.0
230
1.0
 70
     8
 71
     3
 72
    18
 73
    14
 74
     0
 42
0.000000001
 43
0.0000001
 40
0.0
 40
0.0
 40
0.0
 40
0.0
 40
0.0053900882
 40
0.0202231265
 40
0.0444389767
 40
0.0778458582
 40
0.1200675903
 40
0.1706523351
 40
0.2950443679
 40
0.4463064268000001
 40
0.6189004060000001
 40
0.8061062548
 40
1.0
 40
1.0
 40
1.0
 40
1.0
 10
150.8571303143138
 20
-182.1217206039195
 30
0.0
 10
150.8553100309348
 20
-182.1217206039195
 30
0.0
 10
150.8543533373934
 20
-182.1119221881599
 30
0.0
 10
150.8499523555941
 20
-182.1002959121996
 30
0.0
 10
150.8461803336743
 20
-182.0745466825196
 30
0.0
 10
150.840837862774
 20
-182.0419320588998
 30
0.0
 10
150.835659839094
 20
-181.9993572494599
 30
0.0
 10
150.8286195331341
 20
-181.9264583249
 30
0.0
 10
150.8232567219141
 20
-181.8162588119998
 30
0.0
 10
150.8259647606949
 20
-181.6648105703197
 30
0.0
 10
150.8422114211137
 20
-181.4927811607599
 30
0.0
 10
150.8753503870942
 20
-181.3085370740795
 30
0.0
 10
150.9089791768341
 20
-181.1841005690793
 30
0.0
 10
150.9288873158341
 20
-181.1217206023997
 30
0.0
  0
SPLINE
  5
1B38
330
242
100
AcDbEntity
  8
0
  6
Continuous
 62
     7
100
AcDbSpline
210
0.0
220
0.0
230
1.0
 70
     8
 71
     3
 72
    15
 73
    11
 74
     0
 42
0.000000001
 43
0.0000001
 40
0.0
 40
0.0
 40
0.0
 40
0.0
 40
0.1250697176
 40
0.2501576429
 40
0.3752048893
 40
0.5002170051000001
 40
0.6251821869
 40
0.7501154278
 40
0.8750382431999998
 40
1.0
 40
1.0
 40
1.0
 40
1.0
 10
193.6529266275532
 20
-147.8406217291198
 30
0.0
 10
193.6529036075338
 20
-147.5104727805796
 30
0.0
 10
193.5877259934144
 20
-146.8483026012395
 30
0.0
 10
193.2982688608747
 20
-145.8947307313996
 30
0.0
 10
192.8281573601537
 20
-145.0158123901796
 30
0.0
 10
192.1958632450135
 20
-144.2458323985196
 30
0.0
 10
191.4257316737742
 20
-143.6141943348993
 30
0.0
 10
190.5473089678347
 20
-143.14502537738
 30
0.0
 10
189.5946774364741
 20
-142.8560797094
 30
0.0
 10
188.9332232374148
 20
-142.7910614828196
 30
0.0
 10
188.6033592743336
 20
-142.7910543733596
 30
0.0
  0
SPLINE
  5
1B39
330
242
100
AcDbEntity
  8
0
  6
Continuous
 62
     7
100
AcDbSpline
210
0.0
220
0.0
230
1.0
 70
     8
 71
     3
 72
    15
 73
    11
 74
     0
 42
0.000000001
 43
0.0000001
 40
0.0
 40
0.0
 40
0.0
 40
0.0
 40
0.1250697176
 40
0.2501576429
 40
0.3752048893
 40
0.5002170051000001
 40
0.6251821869
 40
0.7501154278
 40
0.8750382431999998
 40
1.0
 40
1.0
 40
1.0
 40
1.0
 10
188.6033592743336
 20
-186.8523868321799
 30
0.0
 10
188.9335082228747
 20
-186.8523638121596
 30
0.0
 10
189.5956784022149
 20
-186.7871861954999
 30
0.0
 10
190.5492502720538
 20
-186.4977290629598
 30
0.0
 10
191.4281686107336
 20
-186.0276175647795
 30
0.0
 10
192.1981486049338
 20
-185.3953234470995
 30
0.0
 10
192.8297866685537
 20
-184.6251918758593
 30
0.0
 10
193.2989556260739
 20
-183.74676917246
 30
0.0
 10
193.5879012940543
 20
-182.7941376410994
 30
0.0
 10
193.6529195180949
 20
-182.1326834394999
 30
0.0
 10
193.6529266275532
 20
-181.8028194789598
 30
0.0
  0
SPLINE
  5
1B3A
330
242
100
AcDbEntity
  8
0
  6
Continuous
 62
     7
100
AcDbSpline
210
0.0
220
0.0
230
1.0
 70
     8
 71
     3
 72
    15
 73
    11
 74
     0
 42
0.000000001
 43
0.0000001
 40
0.0
 40
0.0
 40
0.0
 40
0.0
 40
0.1250697176
 40
0.2501576429
 40
0.3752048893
 40
0.5002170051000001
 40
0.6251821869
 40
0.7501154278
 40
0.8750382431999998
 40
1.0
 40
1.0
 40
1.0
 40
1.0
 10
149.591594171274
 20
-181.8028194789598
 30
0.0
 10
149.5916171912943
 20
-182.1329684249598
 30
0.0
 10
149.6567948054146
 20
-182.7951386068398
 30
0.0
 10
149.9462519404945
 20
-183.7487104741398
 30
0.0
 10
150.4163634386744
 20
-184.6276288153594
 30
0.0
 10
151.0486575563539
 20
-185.39760880956
 30
0.0
 10
151.8187891250539
 20
-186.0292468731795
 30
0.0
 10
152.6972118309944
 20
-186.4984158281594
 30
0.0
 10
153.6498433623549
 20
-186.7873614961394
 30
0.0
 10
154.3112975639545
 20
-186.8523797227198
 30
0.0
 10
154.6411615244936
 20
-186.8523868321799
 30
0.0
  0
SPLINE
  5
1B3B
330
242
100
AcDbEntity
  8
0
  6
Continuous
 62
     7
100
AcDbSpline
210
0.0
220
0.0
230
1.0
 70
     8
 71
     3
 72
    21
 73
    17
 74
     0
 42
0.000000001
 43
0.0000001
 40
0.0
 40
0.0
 40
0.0
 40
0.0
 40
0.1955359697
 40
0.3839397658
 40
0.5574242322999999
 40
0.7095622222
 40
0.77574727
 40
0.8343750817
 40
0.8848027606
 40
0.9264943212
 40
0.9589228626
 40
0.9817953439
 40
0.9897158509999998
 40
0.9953456434000001
 40
0.9987339710999998
 40
1.0
 40
1.0
 40
1.0
 40
1.0
 10
168.4322603989342
 20
-187.8021136246197
 30
0.0
 10
168.3131907666141
 20
-187.8021136246197
 30
0.0
 10
168.0793944981145
 20
-187.8018149282392
 30
0.0
 10
167.7399586542545
 20
-187.8004931274799
 30
0.0
 10
167.4269551222745
 20
-187.7983412445596
 30
0.0
 10
167.1883785559942
 20
-187.7958507237594
 30
0.0
 10
167.0197520352342
 20
-187.7934237842396
 30
0.0
 10
166.9130510599137
 20
-187.79154086192
 30
0.0
 10
166.8212960643534
 20
-187.7895278915993
 30
0.0
 10
166.7454281388748
 20
-187.7874540984393
 30
0.0
 10
166.6865403953337
 20
-187.7853184537397
 30
0.0
 10
166.6478042904348
 20
-187.7834662450995
 30
0.0
 10
166.6260568739347
 20
-187.7817722276599
 30
0.0
 10
166.6151891105549
 20
-187.7807822601193
 30
0.0
 10
166.6100823211739
 20
-187.7796811701195
 30
0.0
 10
166.6061619099139
 20
-187.7789796195797
 30
0.0
 10
166.6061619099139
 20
-187.7782086863994
 30
0.0
  0
SPLINE
  5
1B3C
330
242
100
AcDbEntity
  8
0
  6
Continuous
 62
     7
100
AcDbSpline
210
0.0
220
0.0
230
1.0
 70
     8
 71
     3
 72
    21
 73
    17
 74
     0
 42
0.000000001
 43
0.0000001
 40
0.0
 40
0.0
 40
0.0
 40
0.0
 40
0.0013775053
 40
0.0050779286
 40
0.0111649162
 40
0.0196342262
 40
0.0436668312
 40
0.0770293649
 40
0.1193716383
 40
0.1702541947
 40
0.2292329845
 40
0.2958151389
 40
0.4496557625000001
 40
0.6251380844
 40
0.8107136554
 40
1.0
 40
1.0
 40
1.0
 40
1.0
 10
176.6383588889133
 20
-187.7782086863994
 30
0.0
 10
176.6383588889133
 20
-187.7790474959997
 30
0.0
 10
176.6340040157332
 20
-187.7796745229397
 30
0.0
 10
176.6285146794938
 20
-187.7808935883194
 30
0.0
 10
176.6167648096746
 20
-187.7818716940596
 30
0.0
 10
176.5937380307344
 20
-187.7836342457798
 30
0.0
 10
176.5533692443144
 20
-187.7855056695193
 30
0.0
 10
176.4928182528941
 20
-187.78766534262
 30
0.0
 10
176.4157059814145
 20
-187.7897201289597
 30
0.0
 10
176.3230645715742
 20
-187.7917042347198
 30
0.0
 10
176.2156313726739
 20
-187.79356469836
 30
0.0
 10
176.0455137703141
 20
-187.7959808936797
 30
0.0
 10
175.8044437419133
 20
-187.7984527404
 30
0.0
 10
175.4909114860741
 20
-187.8005535210595
 30
0.0
 10
175.155789794115
 20
-187.8018424186593
 30
0.0
 10
174.9275233773945
 20
-187.8021136246197
 30
0.0
 10
174.8122603998939
 20
-187.8021136246197
 30
0.0
  0
SPLINE
  5
1B3D
330
242
100
AcDbEntity
  8
0
  6
Continuous
 62
     7
100
AcDbSpline
210
0.0
220
0.0
230
1.0
 70
     8
 71
     3
 72
    15
 73
    11
 74
     0
 42
0.000000001
 43
0.0000001
 40
0.0
 40
0.0
 40
0.0
 40
0.0
 40
0.1250697176
 40
0.2501576429
 40
0.3752048893
 40
0.5002170051000001
 40
0.6251821869
 40
0.7501154278
 40
0.8750382431999998
 40
1.0
 40
1.0
 40
1.0
 40
1.0
 10
154.6411615244936
 20
-142.7910543733596
 30
0.0
 10
154.3110125784945
 20
-142.7910773933799
 30
0.0
 10
153.6488423966141
 20
-142.8562550100395
 30
0.0
 10
152.6952705293136
 20
-143.1457121425796
 30
0.0
 10
151.8163521880945
 20
-143.6158236407599
 30
0.0
 10
151.0463721938934
 20
-144.2481177584395
 30
0.0
 10
150.4147341302744
 20
-145.0182493296797
 30
0.0
 10
149.9455651752935
 20
-145.8966720356197
 30
0.0
 10
149.6566195047738
 20
-146.8493035669793
 30
0.0
 10
149.5916012807341
 20
-147.5107577660396
 30
0.0
 10
149.591594171274
 20
-147.8406217291198
 30
0.0
  0
SPLINE
  5
1B3E
330
242
100
AcDbEntity
  8
0
  6
Continuous
 62
     7
100
AcDbSpline
210
0.0
220
0.0
230
1.0
 70
     8
 71
     3
 72
    18
 73
    14
 74
     0
 42
0.000000001
 43
0.0000001
 40
0.0
 40
0.0
 40
0.0
 40
0.0
 40
0.1948490714
 40
0.3835597153
 40
0.5587087539
 40
0.7120694777
 40
0.8367051066
 40
0.8864973365
 40
0.927456265
 40
0.9593095762
 40
0.9819096619999999
 40
0.9953905951999999
 40
1.0
 40
1.0
 40
1.0
 40
1.0
 10
194.5959771544542
 20
-170.0717206044
 30
0.0
 10
194.5959771544542
 20
-170.1234446208399
 30
0.0
 10
194.5958494508744
 20
-170.2252639625398
 30
0.0
 10
194.5952682582349
 20
-170.3735728937599
 30
0.0
 10
194.5943329159348
 20
-170.5108799140397
 30
0.0
 10
194.5930469113939
 20
-170.6311327977395
 30
0.0
 10
194.591746878434
 20
-170.7182124787995
 30
0.0
 10
194.5904291975542
 20
-170.7752565226996
 30
0.0
 10
194.5896571975739
 20
-170.8080415117396
 30
0.0
 10
194.588408289734
 20
-170.83270554928
 30
0.0
 10
194.5882600680345
 20
-170.8521727849197
 30
0.0
 10
194.5861062318538
 20
-170.8604019302597
 30
0.0
 10
194.5867792531147
 20
-170.8678190909394
 30
0.0
 10
194.5855556538338
 20
-170.8678190909394
 30
0.0
  0
SPLINE
  5
1B3F
330
242
100
AcDbEntity
  8
0
  6
Continuous
 62
     7
100
AcDbSpline
210
0.0
220
0.0
230
1.0
 70
     8
 71
     3
 72
    18
 73
    14
 74
     0
 42
0.000000001
 43
0.0000001
 40
0.0
 40
0.0
 40
0.0
 40
0.0
 40
0.0049609604
 40
0.0193897084
 40
0.0433653571
 40
0.0768560059
 40
0.1195586011
 40
0.1710499868
 40
0.2984005416
 40
0.4529900258
 40
0.6270943076
 40
0.8114135326999999
 40
1.0
 40
1.0
 40
1.0
 40
1.0
 10
194.5855556538338
 20
-157.7756221156195
 30
0.0
 10
194.5868725701742
 20
-157.7756221156195
 30
0.0
 10
194.5860529070945
 20
-157.7836017186595
 30
0.0
 10
194.5883849522145
 20
-157.7923505835596
 30
0.0
 10
194.5884795951536
 20
-157.8129623152594
 30
0.0
 10
194.5897754599739
 20
-157.8388556950194
 30
0.0
 10
194.5905452501541
 20
-157.8729992614793
 30
0.0
 10
194.5918626186142
 20
-157.93167536714
 30
0.0
 10
194.593146857854
 20
-158.0202536380397
 30
0.0
 10
194.5944052348144
 20
-158.1412761010996
 30
0.0
 10
194.5953042881349
 20
-158.2774655594798
 30
0.0
 10
194.5958586177342
 20
-158.4226685710795
 30
0.0
 10
194.5959771544542
 20
-158.5216592519395
 30
0.0
 10
194.5959771544542
 20
-158.5717206021599
 30
0.0
  0
SPLINE
  5
1B40
330
242
100
AcDbEntity
  8
0
  6
Continuous
 62
     7
100
AcDbSpline
210
0.0
220
0.0
230
1.0
 70
     8
 71
     3
 72
    19
 73
    15
 74
     0
 42
0.000000001
 43
0.0000001
 40
0.0
 40
0.0
 40
0.0
 40
0.0
 40
0.1941447742
 40
0.3816531067
 40
0.5546134893
 40
0.7062379265000001
 40
0.7722553522000001
 40
0.8308305488
 40
0.8813922584999998
 40
0.9234951284
 40
0.9566847467
 40
0.9805916204
 40
0.9950374680999999
 40
1.0
 40
1.0
 40
1.0
 40
1.0
 10
150.965560961053
 20
-181.1217206023997
 30
0.0
 10
150.9453374581938
 20
-181.1840291950797
 30
0.0
 10
150.9107826276334
 20
-181.3082668688798
 30
0.0
 10
150.875255551114
 20
-181.4921940321396
 30
0.0
 10
150.8556476020142
 20
-181.6640228909195
 30
0.0
 10
150.8495653713538
 20
-181.7957775702593
 30
0.0
 10
150.8492997178348
 20
-181.8889702591595
 30
0.0
 10
150.8505214273539
 20
-181.9481024472197
 30
0.0
 10
150.8524695311546
 20
-181.9989790434596
 30
0.0
 10
150.8548984315533
 20
-182.0417185693599
 30
0.0
 10
150.8564627159533
 20
-182.0742600485995
 30
0.0
 10
150.858670643974
 20
-182.1003629351793
 30
0.0
 10
150.8573426557744
 20
-182.1114392122398
 30
0.0
 10
150.8588047737542
 20
-182.1217206039195
 30
0.0
 10
150.8571303143138
 20
-182.1217206039195
 30
0.0
  0
SPLINE
  5
1B41
330
242
100
AcDbEntity
  8
0
  6
Continuous
 62
     7
100
AcDbSpline
210
0.0
220
0.0
230
1.0
 70
     8
 71
     3
 72
    15
 73
    11
 74
     0
 42
0.000000001
 43
0.0000001
 40
0.0
 40
0.0
 40
0.0
 40
0.0
 40
0.1250696115
 40
0.250157598
 40
0.3752048129
 40
0.5002170136000001
 40
0.6251822565000001
 40
0.7501155404000001
 40
0.8750383249
 40
1.0
 40
1.0
 40
1.0
 40
1.0
 10
154.6411615270338
 20
-142.0411186291398
 30
0.0
 10
154.2619838906733
 20
-142.0411379966398
 30
0.0
 10
153.5014789270547
 20
-142.1160318143397
 30
0.0
 10
152.4063054023939
 20
-142.4484945885796
 30
0.0
 10
151.3968694329535
 20
-142.9884341716396
 30
0.0
 10
150.5125476201941
 20
-143.7146324169793
 30
0.0
 10
149.7871032849537
 20
-144.5991288623599
 30
0.0
 10
149.2482444236341
 20
-145.6079940887197
 30
0.0
 10
148.9163696238341
 20
-146.7020895687996
 30
0.0
 10
148.8416701110539
 20
-147.4617713260395
 30
0.0
 10
148.8416584245135
 20
-147.8406217291198
 30
0.0
  0
SPLINE
  5
1B42
330
242
100
AcDbEntity
  8
0
  6
Continuous
 62
     7
100
AcDbSpline
210
0.0
220
0.0
230
1.0
 70
     8
 71
     3
 72
    15
 73
    11
 74
     0
 42
0.000000001
 43
0.0000001
 40
0.0
 40
0.0
 40
0.0
 40
0.0
 40
0.1250696115
 40
0.250157598
 40
0.3752048129
 40
0.5002170136000001
 40
0.6251822565000001
 40
0.7501155404000001
 40
0.8750383249
 40
1.0
 40
1.0
 40
1.0
 40
1.0
 10
194.4028623743136
 20
-147.8406217291198
 30
0.0
 10
194.402843006814
 20
-147.4614440927598
 30
0.0
 10
194.3279491891138
 20
-146.7009391316796
 30
0.0
 10
193.9954864148742
 20
-145.6057656044799
 30
0.0
 10
193.455546829274
 20
-144.59632963504
 30
0.0
 10
192.7293485864741
 20
-143.7120078248199
 30
0.0
 10
191.8448521410931
 20
-142.9865634895795
 30
0.0
 10
190.8359869147337
 20
-142.4477046257197
 30
0.0
 10
189.7418914321136
 20
-142.1158298259196
 30
0.0
 10
188.9822096774144
 20
-142.0411303131395
 30
0.0
 10
188.6033592743336
 20
-142.0411186291398
 30
0.0
  0
SPLINE
  5
1B43
330
242
100
AcDbEntity
  8
0
  6
Continuous
 62
     7
100
AcDbSpline
210
0.0
220
0.0
230
1.0
 70
     8
 71
     3
 72
    31
 73
    27
 74
     0
 42
0.000000001
 43
0.0000001
 40
0.0
 40
0.0
 40
0.0
 40
0.0
 40
0.0028775957
 40
0.012541309
 40
0.0283492249
 40
0.0495449695
 40
0.0752709257
 40
0.1046705999
 40
0.1370415708
 40
0.1720030431
 40
0.2484081999
 40
0.3317463566
 40
0.4204504411000001
 40
0.5125958162
 40
0.6056034971000001
 40
0.6961916375000001
 40
0.780488593
 40
0.8549242762
 40
0.8873974620999998
 40
0.9162859382999998
 40
0.9412829824999999
 40
0.9620977075
 40
0.9785331657999998
 40
0.9904103462999998
 40
0.9975633567
 40
1.0
 40
1.0
 40
1.0
 40
1.0
 10
154.8222604002942
 20
-183.34842106644
 30
0.0
 10
154.8222604002942
 20
-183.34630559188
 30
0.0
 10
154.8095548351542
 20
-183.3593908743195
 30
0.0
 10
154.800232306174
 20
-183.36660019188
 30
0.0
 10
154.7724123160936
 20
-183.39455734704
 30
0.0
 10
154.7406049476542
 20
-183.42492249332
 30
0.0
 10
154.6991950507948
 20
-183.4639196771999
 30
0.0
 10
154.6514905589541
 20
-183.5067003561798
 30
0.0
 10
154.5972227731539
 20
-183.5527941705199
 30
0.0
 10
154.5146919857137
 20
-183.6187584810599
 30
0.0
 10
154.3983919770137
 20
-183.7024463477195
 30
0.0
 10
154.2424776380942
 20
-183.7979241679399
 30
0.0
 10
154.0689733013335
 20
-183.8856995854798
 30
0.0
 10
153.8820892351735
 20
-183.9612588958797
 30
0.0
 10
153.6879641573344
 20
-184.0205148708396
 30
0.0
 10
153.4951894933531
 20
-184.0619610820799
 30
0.0
 10
153.3132493314536
 20
-184.0855991221792
 30
0.0
 10
153.172802792433
 20
-184.0937775081597
 30
0.0
 10
153.0729829260347
 20
-184.09484468154
 30
0.0
 10
153.0094550495335
 20
-184.0938533347798
 30
0.0
 10
152.9546991900336
 20
-184.0919324521596
 30
0.0
 10
152.9086333817343
 20
-184.0894754669797
 30
0.0
 10
152.8735224791338
 20
-184.0878270831794
 30
0.0
 10
152.8453257435533
 20
-184.0852988687797
 30
0.0
 10
152.8333812487738
 20
-184.08664415184
 30
0.0
 10
152.8223069046546
 20
-184.0851330448799
 30
0.0
 10
152.8223169020942
 20
-184.0869243239999
 30
0.0
  0
SPLINE
  5
1B44
330
242
100
AcDbEntity
  8
0
  6
Continuous
 62
     7
100
AcDbSpline
210
0.0
220
0.0
230
1.0
 70
     8
 71
     3
 72
    19
 73
    15
 74
     0
 42
0.000000001
 43
0.0000001
 40
0.0
 40
0.0
 40
0.0
 40
0.0
 40
0.1775561961
 40
0.3500769714
 40
0.5123769324000001
 40
0.6614501974
 40
0.7298546322
 40
0.7932753392000001
 40
0.8509672781999999
 40
0.9016669161000001
 40
0.9436045900999999
 40
0.9749786262
 40
0.994207976
 40
1.0
 40
1.0
 40
1.0
 40
1.0
 10
150.965560961053
 20
-181.1217206023997
 30
0.0
 10
150.9873631018538
 20
-181.0545482246797
 30
0.0
 10
151.0365231584749
 20
-180.9240390724398
 30
0.0
 10
151.1246652275543
 20
-180.7400170198597
 30
0.0
 10
151.2226161213141
 20
-180.5740874990396
 30
0.0
 10
151.309420253014
 20
-180.4502638579396
 30
0.0
 10
151.3783817051347
 20
-180.3623785091999
 30
0.0
 10
151.4268234243539
 20
-180.3045031105998
 30
0.0
 10
151.4719794452942
 20
-180.2535533140998
 30
0.0
 10
151.5134100609341
 20
-180.2093126024796
 30
0.0
 10
151.5458089166334
 20
-180.1751958838194
 30
0.0
 10
151.5758985948344
 20
-180.1454780666999
 30
0.0
 10
151.5835270454138
 20
-180.1352630604596
 30
0.0
 10
151.5978618198945
 20
-180.1217575807399
 30
0.0
 10
151.5955583573944
 20
-180.1217215381397
 30
0.0
  0
SPLINE
  5
1B45
330
242
100
AcDbEntity
  8
0
  6
Continuous
 62
     7
100
AcDbSpline
210
0.0
220
0.0
230
1.0
 70
     8
 71
     3
 72
    15
 73
    11
 74
     0
 42
0.000000001
 43
0.0000001
 40
0.0
 40
0.0
 40
0.0
 40
0.0
 40
0.1250696115
 40
0.250157598
 40
0.3752048129
 40
0.5002170136000001
 40
0.6251822565000001
 40
0.7501155404000001
 40
0.8750383249
 40
1.0
 40
1.0
 40
1.0
 40
1.0
 10
188.6033592743336
 20
-187.6023225763992
 30
0.0
 10
188.9825369106941
 20
-187.6023032089
 30
0.0
 10
189.7430418717734
 20
-187.5274093911998
 30
0.0
 10
190.8382153964342
 20
-187.1949466169598
 30
0.0
 10
191.8476513684139
 20
-186.6550070338994
 30
0.0
 10
192.7319731786349
 20
-185.9288087910995
 30
0.0
 10
193.4574175138735
 20
-185.0443123457202
 30
0.0
 10
193.996276375193
 20
-184.0354471168197
 30
0.0
 10
194.328151174994
 20
-182.9413516367398
 30
0.0
 10
194.4028506877733
 20
-182.1816698794996
 30
0.0
 10
194.4028623743136
 20
-181.8028194789598
 30
0.0
  0
SPLINE
  5
1B46
330
242
100
AcDbEntity
  8
0
  6
Continuous
 62
     7
100
AcDbSpline
210
0.0
220
0.0
230
1.0
 70
     8
 71
     3
 72
    15
 73
    11
 74
     0
 42
0.000000001
 43
0.0000001
 40
0.0
 40
0.0
 40
0.0
 40
0.0
 40
0.1250696115
 40
0.250157598
 40
0.3752048129
 40
0.5002170136000001
 40
0.6251822565000001
 40
0.7501155404000001
 40
0.8750383249
 40
1.0
 40
1.0
 40
1.0
 40
1.0
 10
148.8416584270538
 20
-181.8028194764196
 30
0.0
 10
148.8416777945534
 20
-182.1819971127797
 30
0.0
 10
148.9165716122537
 20
-182.9425020738594
 30
0.0
 10
149.2490343864941
 20
-184.03767560106
 30
0.0
 10
149.7889739695541
 20
-185.0471115704999
 30
0.0
 10
150.5151722123549
 20
-185.9314333832598
 30
0.0
 10
151.3996686577341
 20
-186.6568777184997
 30
0.0
 10
152.4085338840944
 20
-187.1957365798197
 30
0.0
 10
153.5026293667136
 20
-187.5276113796198
 30
0.0
 10
154.2623111239548
 20
-187.6023108923995
 30
0.0
 10
154.6411615244936
 20
-187.6023225789399
 30
0.0
  0
SPLINE
  5
1B47
330
242
100
AcDbEntity
  8
0
  6
Continuous
 62
     7
100
AcDbSpline
210
0.0
220
0.0
230
1.0
 70
     8
 71
     3
 72
    18
 73
    14
 74
     0
 42
0.000000001
 43
0.0000001
 40
0.0
 40
0.0
 40
0.0
 40
0.0
 40
0.0057986387
 40
0.0213230247
 40
0.0465261121
 40
0.0810971499
 40
0.1244833627
 40
0.1761167442
 40
0.30176498
 40
0.4527885991
 40
0.6236224889999999
 40
0.8081693076999998
 40
1.0
 40
1.0
 40
1.0
 40
1.0
 10
152.8223104809743
 20
-187.3464455951393
 30
0.0
 10
152.8223773058346
 20
-187.3484308362798
 30
0.0
 10
152.8318871826744
 20
-187.3507813395799
 30
0.0
 10
152.8438858632737
 20
-187.3578401418198
 30
0.0
 10
152.8694748392739
 20
-187.36653223264
 30
0.0
 10
152.9021104585338
 20
-187.3786555383398
 30
0.0
 10
152.944391608414
 20
-187.3928334017795
 30
0.0
 10
153.0162357725751
 20
-187.4160495859795
 30
0.0
 10
153.1241377005338
 20
-187.4480222195197
 30
0.0
 10
153.2723372110934
 20
-187.48722995162
 30
0.0
 10
153.4414851481345
 20
-187.5259128841598
 30
0.0
 10
153.6255740331938
 20
-187.5614499530397
 30
0.0
 10
153.7530320129738
 20
-187.5811215646994
 30
0.0
 10
153.8181434702549
 20
-187.5899929896795
 30
0.0
  0
SPLINE
  5
1B48
330
242
100
AcDbEntity
  8
0
  6
Continuous
 62
     7
100
AcDbSpline
210
0.0
220
0.0
230
1.0
 70
     8
 71
     3
 72
     9
 73
     5
 74
     0
 42
0.000000001
 43
0.0000001
 40
0.0
 40
0.0
 40
0.0
 40
0.0
 40
0.2865736155
 40
1.0
 40
1.0
 40
1.0
 40
1.0
 10
153.9873447041139
 20
-187.6103395834797
 30
0.0
 10
154.0461477157944
 20
-187.6164533279192
 30
0.0
 10
154.2516906625936
 20
-187.6342718317795
 30
0.0
 10
154.4582426574137
 20
-187.6405080854997
 30
0.0
 10
154.6054021319535
 20
-187.6380819714799
 30
0.0
  0
ELLIPSE
  5
1B54
330
242
100
AcDbEntity
  8
0
  6
Continuous
 62
     7
100
AcDbEllipse
 10
80.4014270680139
 20
-147.6222175456595
 30
0.0
 11
-4.101922083159998
 21
-4.101922083159998
 31
0.0
210
0.0
220
0.0
230
1.0
 40
0.9998286772000003
 41
2.356280158899984
 42
3.926905148200095
  0
ELLIPSE
  5
1B55
330
242
100
AcDbEntity
  8
0
  6
Continuous
 62
     7
100
AcDbEllipse
 10
80.4014270680139
 20
-182.0212236598799
 30
0.0
 11
-4.101922083159998
 21
4.101922083159998
 31
0.0
210
0.0
220
0.0
230
1.0
 40
0.9998286772000003
 41
2.356280158900142
 42
3.926905148200018
  0
ELLIPSE
  5
1B56
330
242
100
AcDbEntity
  8
0
  6
Continuous
 62
     7
100
AcDbEllipse
 10
46.00242095125333
 20
-182.0212236598799
 30
0.0
 11
4.101922083159998
 21
4.101922083159998
 31
0.0
210
0.0
220
0.0
230
1.0
 40
0.9998286772000003
 41
2.356280158899997
 42
3.926905148199941
  0
ELLIPSE
  5
1B57
102
{ACAD_REACTORS
330
1D89
330
1DA3
102
}
330
242
100
AcDbEntity
  8
0
  6
Continuous
 62
     7
100
AcDbEllipse
 10
46.00242095125333
 20
-147.6222175456595
 30
0.0
 11
4.101922083159998
 21
-4.101922083159998
 31
0.0
210
0.0
220
0.0
230
1.0
 40
0.9998286772000003
 41
2.356280158899837
 42
3.926905148200257
  0
ELLIPSE
  5
1B58
330
242
100
AcDbEntity
  8
0
  6
Continuous
 62
     7
100
AcDbEllipse
 10
46.0039122055744
 20
-147.6237087999797
 30
0.0
 11
-4.10403058288
 21
4.10403058288
 31
0.0
210
0.0
220
0.0
230
1.0
 40
0.9993150019999998
 41
-0.7850555471001375
 42
0.7850555470999021
  0
ELLIPSE
  5
1B59
102
{ACAD_REACTORS
330
1DA3
102
}
330
242
100
AcDbEntity
  8
0
  6
Continuous
 62
     7
100
AcDbEllipse
 10
46.0039122055744
 20
-182.0197324055597
 30
0.0
 11
4.10403058288
 21
4.10403058288
 31
0.0
210
0.0
220
0.0
230
1.0
 40
0.9993150019999998
 41
-3.926648200599942
 42
-2.356537106500161
  0
ELLIPSE
  5
1B5A
330
242
100
AcDbEntity
  8
0
  6
Continuous
 62
     7
100
AcDbEllipse
 10
80.39993581369463
 20
-182.0197324055597
 30
0.0
 11
4.10403058288
 21
-4.10403058288
 31
0.0
210
0.0
220
0.0
230
1.0
 40
0.9993150019999998
 41
-0.785055547100126
 42
0.7850555471000496
  0
ELLIPSE
  5
1B5B
102
{ACAD_REACTORS
330
1D89
102
}
330
242
100
AcDbEntity
  8
0
  6
Continuous
 62
     7
100
AcDbEllipse
 10
80.39993581369463
 20
-147.6237087999797
 30
0.0
 11
4.10403058288
 21
4.10403058288
 31
0.0
210
0.0
220
0.0
230
1.0
 40
0.9993150019999998
 41
-0.7850555470999794
 42
0.7850555471001384
  0
ELLIPSE
  5
1B5C
330
242
100
AcDbEntity
  8
0
  6
Continuous
 62
     7
100
AcDbEllipse
 10
10.66065780967466
 20
-160.9637503215198
 30
0.0
 11
0.59999999888
 21
-0.00051293522
 31
0.0
210
0.0
220
0.0
230
1.0
 40
0.03581373
 41
0.0000305197919333
 42
0.5462387881028772
  0
ELLIPSE
  5
1B5D
330
242
100
AcDbEntity
  8
0
  6
Continuous
 62
     7
100
AcDbEllipse
 10
10.66065780967466
 20
-167.9637073197995
 30
0.0
 11
0.59999999888
 21
-0.00051260756
 31
0.0
210
0.0
220
0.0
230
1.0
 40
0.0357909378
 41
0.0000304806980255
 42
0.5462387490080893
  0
ELLIPSE
  5
1B5E
330
242
100
AcDbEntity
  8
0
  6
Continuous
 62
     7
100
AcDbEllipse
 10
11.30153305573304
 20
-160.9503448847799
 30
0.0
 11
0.14999999972
 21
-0.00012823444
 31
0.0
210
0.0
220
0.0
230
1.0
 40
0.03581373
 41
-3.117668687381249
 42
-2.5953538655154
  0
ELLIPSE
  5
1B5F
330
242
100
AcDbEntity
  8
0
  6
Continuous
 62
     7
100
AcDbEllipse
 10
10.66065780967466
 20
-161.6290167989595
 30
0.0
 11
0.59999999888
 21
0.00051293014
 31
0.0
210
0.0
220
0.0
230
1.0
 40
0.0356399855
 41
-0.5462386391043613
 42
-0.0000295018911762
  0
ELLIPSE
  5
1B60
330
242
100
AcDbEntity
  8
0
  6
Continuous
 62
     7
100
AcDbEllipse
 10
11.30153305573304
 20
-161.6423545472398
 30
0.0
 11
0.14999999972
 21
0.0001282319
 31
0.0
210
0.0
220
0.0
230
1.0
 40
0.0356399855
 41
2.595354014371505
 42
3.117668836171035
  0
ELLIPSE
  5
1B61
330
242
100
AcDbEntity
  8
0
  6
Continuous
 62
     7
100
AcDbEllipse
 10
11.30153305573304
 20
-167.9503104123796
 30
0.0
 11
0.1499999997200002
 21
-0.00012815316
 31
0.0
210
0.0
220
0.0
230
1.0
 40
0.0357909378
 41
-3.117668726346594
 42
-2.595353904548685
  0
ELLIPSE
  5
1B62
330
242
100
AcDbEntity
  8
0
  6
Continuous
 62
     7
100
AcDbEllipse
 10
10.66065780967466
 20
-168.6290597482997
 30
0.0
 11
0.59999999888
 21
0.00051260248
 31
0.0
210
0.0
220
0.0
230
1.0
 40
0.0356171933
 41
-0.5462386002085245
 42
-0.000029462976598
  0
ELLIPSE
  5
1B63
330
242
100
AcDbEntity
  8
0
  6
Continuous
 62
     7
100
AcDbEllipse
 10
11.30153305573304
 20
-168.6423889672596
 30
0.0
 11
0.14999999972
 21
0.00012815062
 31
0.0
210
0.0
220
0.0
230
1.0
 40
0.0356171933
 41
2.59535405344484
 42
3.117668875166301
  0
ELLIPSE
  5
1B64
330
242
100
AcDbEntity
  8
0
  6
Continuous
 62
     7
100
AcDbEllipse
 10
66.12487135905422
 20
-211.0643954464194
 30
0.0
 11
-0.01410298932
 21
0.16999609384
 31
0.0
210
0.0
220
0.0
230
1.0
 40
0.0817277167
 41
-3.84332015205638
 42
-3.798091826107016
  0
ELLIPSE
  5
1B65
330
242
100
AcDbEntity
  8
0
  6
Continuous
 62
     7
100
AcDbEllipse
 10
67.7419651606736
 20
-210.7043954475998
 30
0.0
 11
0.0
 21
0.19999999878
 31
0.0
210
0.0
220
0.0
230
1.0
 40
0.5001163258
 41
-3.141592653589793
 42
-1.57079632679717
  0
ELLIPSE
  5
1B66
330
242
100
AcDbEntity
  8
0
  6
Continuous
 62
     7
100
AcDbEllipse
 10
58.66196522317506
 20
-210.7043954475998
 30
0.0
 11
0.0
 21
0.19999999878
 31
0.0
210
0.0
220
0.0
230
1.0
 40
0.4998836674
 41
-4.712388980400605
 42
-3.141592653607987
  0
ELLIPSE
  5
1B67
330
242
100
AcDbEntity
  8
0
  6
Continuous
 62
     7
100
AcDbEllipse
 10
188.8202722034742
 20
-147.6237087999797
 30
0.0
 11
-4.10403058288
 21
-4.10403058288
 31
0.0
210
0.0
220
0.0
230
1.0
 40
0.9993150019999998
 41
2.35653710650023
 42
3.926648200600276
  0
ELLIPSE
  5
1B68
330
242
100
AcDbEntity
  8
0
  6
Continuous
 62
     7
100
AcDbEllipse
 10
188.8202722034742
 20
-182.0197324055597
 30
0.0
 11
-4.10403058288
 21
4.10403058288
 31
0.0
210
0.0
220
0.0
230
1.0
 40
0.9993150019999998
 41
2.356537106500162
 42
3.926648200600256
  0
ELLIPSE
  5
1B69
330
242
100
AcDbEntity
  8
0
  6
Continuous
 62
     7
100
AcDbEllipse
 10
154.4242485953539
 20
-182.0197324055597
 30
0.0
 11
4.10403058288
 21
4.10403058288
 31
0.0
210
0.0
220
0.0
230
1.0
 40
0.9993150019999998
 41
8.639722413699974
 42
10.20983350779975
  0
ELLIPSE
  5
1B6A
330
242
100
AcDbEntity
  8
0
  6
Continuous
 62
     7
100
AcDbEllipse
 10
154.4242485953539
 20
-147.6237087999797
 30
0.0
 11
4.10403058288
 21
-4.10403058288
 31
0.0
210
0.0
220
0.0
230
1.0
 40
0.9993150019999998
 41
2.356537106500012
 42
3.926648200600109
  0
ELLIPSE
  5
1B6B
330
242
100
AcDbEntity
  8
0
  6
Continuous
 62
     7
100
AcDbEllipse
 10
154.422757343574
 20
-147.6222175456595
 30
0.0
 11
4.101922083159998
 21
-4.101922083159998
 31
0.0
210
0.0
220
0.0
230
1.0
 40
0.9998286772000003
 41
2.356280158899991
 42
3.926905148200028
  0
ELLIPSE
  5
1B6C
330
242
100
AcDbEntity
  8
0
  6
Continuous
 62
     7
100
AcDbEllipse
 10
154.422757343574
 20
-182.0212236598799
 30
0.0
 11
4.101922083159998
 21
4.101922083159998
 31
0.0
210
0.0
220
0.0
230
1.0
 40
0.9998286772000003
 41
-3.926905148200175
 42
-2.35628015889999
  0
ELLIPSE
  5
1B6D
330
242
100
AcDbEntity
  8
0
  6
Continuous
 62
     7
100
AcDbEllipse
 10
188.8217634577943
 20
-182.0212236598799
 30
0.0
 11
4.101922083159998
 21
-4.101922083159998
 31
0.0
210
0.0
220
0.0
230
1.0
 40
0.9998286772000003
 41
-0.7853124945999417
 42
0.7853124946000279
  0
ELLIPSE
  5
1B6E
330
242
100
AcDbEntity
  8
0
  6
Continuous
 62
     7
100
AcDbEllipse
 10
188.8217634577943
 20
-147.6222175456595
 30
0.0
 11
4.101922083159998
 21
4.101922083159998
 31
0.0
210
0.0
220
0.0
230
1.0
 40
0.9998286772000003
 41
-0.7853124946000376
 42
0.7853124945999319
  0
ELLIPSE
  5
1B6F
330
242
100
AcDbEntity
  8
0
  6
Continuous
 62
     7
100
AcDbEllipse
 10
148.7682218962539
 20
-169.8217206040198
 30
0.0
 11
0.0
 21
0.50000000076
 31
0.0
210
0.0
220
0.0
230
1.0
 40
0.0130907171
 41
-3.141592653589793
 42
0.0
  0
ELLIPSE
  5
1B70
330
242
100
AcDbEntity
  8
0
  6
Continuous
 62
     7
100
AcDbEllipse
 10
148.7911306490135
 20
-167.8217206035196
 30
0.0
 11
0.0
 21
0.50000000076
 31
0.0
210
0.0
220
0.0
230
1.0
 40
0.0130907171
 41
-3.141592653589793
 42
0.0
  0
ELLIPSE
  5
1B71
330
242
100
AcDbEntity
  8
0
  6
Continuous
 62
     7
100
AcDbEllipse
 10
148.7780399335136
 20
-165.8217206030198
 30
0.0
 11
0.0
 21
0.50000000076
 31
0.0
210
0.0
220
0.0
230
1.0
 40
0.0130907171
 41
-3.141592653589793
 42
0.0
  0
ELLIPSE
  5
1B72
330
242
100
AcDbEntity
  8
0
  6
Continuous
 62
     7
100
AcDbEllipse
 10
148.8042213670545
 20
-163.8217206025196
 30
0.0
 11
0.0
 21
0.50000000076
 31
0.0
210
0.0
220
0.0
230
1.0
 40
0.0130907171
 41
-3.141592653728745
 42
0.0
  0
ELLIPSE
  5
1B73
330
242
100
AcDbEntity
  8
0
  6
Continuous
 62
     7
100
AcDbEllipse
 10
148.7878579707742
 20
-161.8217206020198
 30
0.0
 11
0.0
 21
0.50000000076
 31
0.0
210
0.0
220
0.0
230
1.0
 40
0.0130907171
 41
-3.141592653589793
 42
0.0
  0
ELLIPSE
  5
1B74
330
242
100
AcDbEntity
  8
0
  6
Continuous
 62
     7
100
AcDbEllipse
 10
148.7682218962539
 20
-159.8217206040598
 30
0.0
 11
0.0
 21
0.50000000076
 31
0.0
210
0.0
220
0.0
230
1.0
 40
0.0130907171
 41
-3.141592653589793
 42
0.0
  0
ELLIPSE
  5
1B75
330
242
100
AcDbEntity
  8
0
  6
Continuous
 62
     7
100
AcDbEllipse
 10
153.8222603987736
 20
-187.6299415991393
 30
0.0
 11
0.9999999989799999
 21
0.0
 31
0.0
210
0.0
220
0.0
230
1.0
 40
0.0130907171
 41
0.0
 42
0.6449142334758231
  0
ELLIPSE
  5
1B76
330
242
100
AcDbEntity
  8
0
  6
Continuous
 62
     7
100
AcDbEllipse
 10
148.7551311782138
 20
-169.8217206040198
 30
0.0
 11
0.0
 21
0.50000000076
 31
0.0
210
0.0
220
0.0
230
1.0
 40
0.0130907171
 41
6.283185307179586
 42
9.424777960769379
  0
ELLIPSE
  5
1B77
330
242
100
AcDbEntity
  8
0
  6
Continuous
 62
     7
100
AcDbEllipse
 10
153.8222603987736
 20
-187.6299415991393
 30
0.0
 11
0.9999999989799999
 21
0.0
 31
0.0
210
0.0
220
0.0
230
1.0
 40
0.0130907171
 41
-0.6710941723344562
 42
-0.6403997317518933
  0
ELLIPSE
  5
1B78
330
242
100
AcDbEntity
  8
0
  6
Continuous
 62
     7
100
AcDbEllipse
 10
148.732222422914
 20
-167.8217206035196
 30
0.0
 11
0.0
 21
0.50000000076
 31
0.0
210
0.0
220
0.0
230
1.0
 40
0.0130907171
 41
6.283185307179586
 42
9.424777960769379
  0
ELLIPSE
  5
1B79
330
242
100
AcDbEntity
  8
0
  6
Continuous
 62
     7
100
AcDbEllipse
 10
148.7453131409532
 20
-165.8217206030198
 30
0.0
 11
0.0
 21
0.50000000076
 31
0.0
210
0.0
220
0.0
230
1.0
 40
0.0130907171
 41
6.283185307179586
 42
9.424777960769379
  0
ELLIPSE
  5
1B7A
330
242
100
AcDbEntity
  8
0
  6
Continuous
 62
     7
100
AcDbEllipse
 10
148.7191317074142
 20
-163.8217206025196
 30
0.0
 11
0.0
 21
0.50000000076
 31
0.0
210
0.0
220
0.0
230
1.0
 40
0.0130907171
 41
6.283185307179586
 42
9.424777960769379
  0
ELLIPSE
  5
1B7B
330
242
100
AcDbEntity
  8
0
  6
Continuous
 62
     7
100
AcDbEllipse
 10
148.7354951036944
 20
-161.8217206020198
 30
0.0
 11
0.0
 21
0.50000000076
 31
0.0
210
0.0
220
0.0
230
1.0
 40
0.0130907171
 41
6.283185307318539
 42
9.424777960769379
  0
ELLIPSE
  5
1B7C
330
242
100
AcDbEntity
  8
0
  6
Continuous
 62
     7
100
AcDbEllipse
 10
148.7551311782138
 20
-159.8217206040598
 30
0.0
 11
0.0
 21
0.50000000076
 31
0.0
210
0.0
220
0.0
230
1.0
 40
0.0130907171
 41
6.283185307179586
 42
9.424777960769379
  0
ELLIPSE
  5
1B7D
330
242
100
AcDbEntity
  8
0
  6
Continuous
 62
     7
100
AcDbEllipse
 10
148.6674233729348
 20
-151.8217206020594
 30
0.0
 11
0.0
 21
0.75000000114
 31
0.0
210
0.0
220
0.0
230
1.0
 40
0.0130907171
 41
0.0
 42
6.2831853072
  0
ELLIPSE
  5
1B7E
330
242
100
AcDbEntity
  8
0
  6
Continuous
 62
     7
100
AcDbEllipse
 10
194.5770974258942
 20
-151.8217206020594
 30
0.0
 11
0.0
 21
0.75000000114
 31
0.0
210
0.0
220
0.0
230
1.0
 40
0.0130907171
 41
0.0
 42
6.2831853072
  0
ELLIPSE
  5
1B7F
330
242
100
AcDbEntity
  8
0
  6
Continuous
 62
     7
100
AcDbEllipse
 10
171.6222603994141
 20
-141.8819379010196
 30
0.0
 11
2.800000000699999
 21
0.0
 31
0.0
210
0.0
220
0.0
230
1.0
 40
0.0130907171
 41
2.824731682901555
 42
6.600046281393888
  0
ELLIPSE
  5
1B80
330
242
100
AcDbEntity
  8
0
  6
Continuous
 62
     7
100
AcDbEllipse
 10
181.622260399374
 20
-141.8819379010196
 30
0.0
 11
2.800000000699999
 21
0.0
 31
0.0
210
0.0
220
0.0
230
1.0
 40
0.0130907171
 41
2.824731682901555
 42
6.600046281393888
  0
ELLIPSE
  5
1B81
330
242
100
AcDbEntity
  8
0
  6
Continuous
 62
     7
100
AcDbEllipse
 10
148.8140394043133
 20
-181.1217206023997
 30
0.0
 11
0.0
 21
0.9999999989799999
 31
0.0
210
0.0
220
0.0
230
1.0
 40
0.0130907171
 41
-2.345299522586107
 42
2.371479461442167
  0
ELLIPSE
  5
1B82
330
242
100
AcDbEntity
  8
0
  6
Continuous
 62
     7
100
AcDbEllipse
 10
161.6222603994541
 20
-141.8819379010196
 30
0.0
 11
2.800000000699999
 21
0.0
 31
0.0
210
0.0
220
0.0
230
1.0
 40
0.0130907171
 41
2.824731682901555
 42
6.600046281393888
  0
DIMENSION
  5
1B83
102
{ACAD_XDICTIONARY
360
1B84
102
}
102
{ACAD_REACTORS
330
1B85
102
}
330
242
100
AcDbEntity
  8
DIM
100
AcDbDimension
280
     0
  2
*D24
 10
190.1222603995945
 20
-136.9657179988345
 30
0.0
 11
171.6222603994145
 21
-136.9657179988345
 31
0.0
 70
    32
 71
     5
 42
37.00000000035999
 73
     0
 74
     0
 75
     0
  3
STANDARD
100
AcDbAlignedDimension
 13
153.1222603992345
 23
-147.8217206035997
 33
0.0
 14
190.1222603995945
 24
-147.8217206035997
 34
0.0
 50
0.0
100
AcDbRotatedDimension
1001
ACAD
1000
DSTYLE
1002
{
1070
   179
1070
     0
1070
   171
1070
     2
1070
    41
1040
2.0
1070
    79
1070
     0
1070
   343
1005
0
1070
   344
1005
0
1070
   141
1040
0.198
1070
    43
1040
0.8359999999999999
1070
   341
1005
0
1070
    40
1040
0.75
1070
   272
1070
     4
1070
    73
1070
     0
1070
    48
1040
0.0
1070
    47
1040
0.0
1070
   140
1040
2.0
1070
   284
1070
     0
1070
    78
1070
     0
1002
}
  0
DIMENSION
  5
1B86
102
{ACAD_XDICTIONARY
360
1B87
102
}
102
{ACAD_REACTORS
330
1B88
102
}
330
242
100
AcDbEntity
  8
DIM
100
AcDbDimension
280
     0
  2
*D25
 10
144.8718050812938
 20
-181.8217206019397
 30
0.0
 11
144.8718050812938
 21
-164.8217206027697
 31
0.0
 70
    32
 71
     5
 42
33.99999999834
 73
     0
 74
     0
 75
     0
  3
STANDARD
100
AcDbAlignedDimension
 13
153.1222603992345
 23
-147.8217206035997
 33
0.0
 14
153.1222603992345
 24
-181.8217206019397
 34
0.0
 50
90.0
100
AcDbRotatedDimension
1001
ACAD
1000
DSTYLE
1002
{
1070
   179
1070
     0
1070
   171
1070
     2
1070
    41
1040
2.0
1070
    79
1070
     0
1070
   343
1005
0
1070
   344
1005
0
1070
   141
1040
0.198
1070
    43
1040
0.8359999999999999
1070
   341
1005
0
1070
    40
1040
0.75
1070
   272
1070
     4
1070
    73
1070
     0
1070
    48
1040
0.0
1070
    47
1040
0.0
1070
   140
1040
2.0
1070
   284
1070
     0
1070
    78
1070
     0
1002
}
  0
DIMENSION
  5
1B89
102
{ACAD_XDICTIONARY
360
1B8A
102
}
102
{ACAD_REACTORS
330
1B8B
102
}
330
242
100
AcDbEntity
  8
DIM
100
AcDbDimension
280
     0
  2
*D26
 10
144.8718050812938
 20
-141.8217206038257
 30
0.0
 11
144.8718050812938
 21
-144.8217206037127
 31
0.0
 70
    32
 71
     5
 42
5.99999999977399
 73
     0
 74
     0
 75
     0
  3
STANDARD
100
AcDbAlignedDimension
 13
153.1222603992345
 23
-147.8217206035997
 33
0.0
 14
154.4217635012481
 24
-141.8217206038257
 34
0.0
 50
90.0
100
AcDbRotatedDimension
1001
ACAD
1000
DSTYLE
1002
{
1070
   179
1070
     0
1070
   171
1070
     2
1070
    41
1040
2.0
1070
    79
1070
     0
1070
   343
1005
0
1070
   344
1005
0
1070
   141
1040
0.198
1070
    43
1040
0.8359999999999999
1070
   341
1005
0
1070
    40
1040
0.75
1070
   272
1070
     4
1070
    73
1070
     0
1070
    48
1040
0.0
1070
    47
1040
0.0
1070
   140
1040
2.0
1070
   284
1070
     0
1070
    78
1070
     0
1002
}
  0
DIMENSION
  5
1B8C
102
{ACAD_XDICTIONARY
360
1B8D
102
}
102
{ACAD_REACTORS
330
1B8E
102
}
330
242
100
AcDbEntity
  8
DIM
100
AcDbDimension
280
     0
  2
*D27
 10
194.6222603996285
 20
-136.9657179988345
 30
0.0
 11
192.3722603996115
 21
-136.9657179988345
 31
0.0
 70
    32
 71
     5
 42
4.50000000003402
 73
     0
 74
     0
 75
     0
  3
STANDARD
100
AcDbAlignedDimension
 13
190.1222603995945
 23
-147.8217206035997
 33
0.0
 14
194.6222603996285
 24
-147.6212237028124
 34
0.0
 50
0.0
100
AcDbRotatedDimension
1001
ACAD
1000
DSTYLE
1002
{
1070
   179
1070
     0
1070
   171
1070
     2
1070
    41
1040
2.0
1070
    79
1070
     0
1070
   343
1005
0
1070
   344
1005
0
1070
   141
1040
0.198
1070
    43
1040
0.8359999999999999
1070
   341
1005
0
1070
    40
1040
0.75
1070
   272
1070
     4
1070
    73
1070
     0
1070
    48
1040
0.0
1070
    47
1040
0.0
1070
   140
1040
2.0
1070
   284
1070
     0
1070
    78
1070
     0
1002
}
  0
DIMENSION
  5
1BEB
330
242
100
AcDbEntity
  8
DIM
100
AcDbDimension
280
     0
  2
*D28
 10
19.7606560104544
 20
-137.9780382448679
 30
0.0
 11
15.60871810593886
 21
-137.9780382448679
 31
0.0
 70
    32
 71
     5
 42
8.303875809031069
 73
     0
 74
     0
 75
     0
  3
STANDARD
100
AcDbAlignedDimension
 13
11.45678020142333
 23
-157.7756221156195
 33
0.0
 14
19.7606560104544
 24
-157.7627004929998
 34
0.0
 50
0.0
100
AcDbRotatedDimension
1001
ACAD
1000
DSTYLE
1002
{
1070
   179
1070
     0
1070
   171
1070
     2
1070
    41
1040
2.0
1070
    79
1070
     0
1070
   343
1005
0
1070
   344
1005
0
1070
   141
1040
0.198
1070
    43
1040
0.8359999999999999
1070
   341
1005
0
1070
    40
1040
0.75
1070
   272
1070
     4
1070
    73
1070
     0
1070
    48
1040
0.0
1070
    47
1040
0.0
1070
   140
1040
2.0
1070
   284
1070
     0
1070
    78
1070
     0
1002
}
  0
DIMENSION
  5
1C19
330
242
100
AcDbEntity
  8
DIM
100
AcDbDimension
280
     0
  2
*D29
 10
36.69785165707902
 20
-108.2069495554641
 30
0.0
 11
36.69785165707902
 21
-113.0069495553941
 31
0.0
 70
    32
 71
     5
 42
9.599999999860017
 73
     0
 74
     0
 75
     0
  3
STANDARD
100
AcDbAlignedDimension
 13
40.83285361705449
 23
-117.8069495553241
 33
0.0
 14
53.20192400967452
 24
-108.2069495554641
 34
0.0
 50
90.0
100
AcDbRotatedDimension
1001
ACAD
1000
DSTYLE
1002
{
1070
   179
1070
     0
1070
   171
1070
     2
1070
    41
1040
2.0
1070
    79
1070
     0
1070
   343
1005
0
1070
   344
1005
0
1070
   141
1040
0.198
1070
    43
1040
0.8359999999999999
1070
   341
1005
0
1070
    40
1040
0.75
1070
   272
1070
     4
1070
    73
1070
     0
1070
    48
1040
0.0
1070
    47
1040
0.0
1070
   140
1040
2.0
1070
   284
1070
     0
1070
    78
1070
     0
1002
}
  0
DIMENSION
  5
1C1C
330
242
100
AcDbEntity
  8
DIM
100
AcDbDimension
280
     0
  2
*D30
 10
33.38069702484328
 20
-95.30694955414409
 30
0.0
 11
33.38069702484328
 21
-106.5569495547341
 31
0.0
 70
    32
 71
     5
 42
22.50000000118001
 73
     0
 74
     0
 75
     0
  3
STANDARD
100
AcDbAlignedDimension
 13
40.83285361705449
 23
-117.8069495553241
 33
0.0
 14
41.17125778149449
 24
-95.30694955414409
 34
0.0
 50
90.0
100
AcDbRotatedDimension
1001
ACAD
1000
DSTYLE
1002
{
1070
   179
1070
     0
1070
   171
1070
     2
1070
    41
1040
2.0
1070
    79
1070
     0
1070
   343
1005
0
1070
   344
1005
0
1070
   141
1040
0.198
1070
    43
1040
0.8359999999999999
1070
   341
1005
0
1070
    40
1040
0.75
1070
   272
1070
     4
1070
    73
1070
     0
1070
    48
1040
0.0
1070
    47
1040
0.0
1070
   140
1040
2.0
1070
   284
1070
     0
1070
    78
1070
     0
1002
}
  0
DIMENSION
  5
1C1F
330
242
100
AcDbEntity
  8
DIM
100
AcDbDimension
280
     0
  2
*D31
 10
63.20192400963453
 20
-119.9147263121114
 30
0.0
 11
58.20192400965452
 21
-119.9147263121114
 31
0.0
 70
    32
 71
     5
 42
9.999999999960003
 73
     0
 74
     0
 75
     0
  3
STANDARD
100
AcDbAlignedDimension
 13
53.20192400967452
 23
-108.2043210948841
 33
0.0
 14
63.20192400963453
 24
-108.2069495554641
 34
0.0
 50
0.0
100
AcDbRotatedDimension
1001
ACAD
1000
DSTYLE
1002
{
1070
   179
1070
     0
1070
   171
1070
     2
1070
    41
1040
2.0
1070
    79
1070
     0
1070
   343
1005
0
1070
   344
1005
0
1070
   141
1040
0.198
1070
    43
1040
0.8359999999999999
1070
   341
1005
0
1070
    40
1040
0.75
1070
   272
1070
     4
1070
    73
1070
     0
1070
    48
1040
0.0
1070
    47
1040
0.0
1070
   140
1040
2.0
1070
   284
1070
     0
1070
    78
1070
     0
1002
}
  0
DIMENSION
  5
1C22
330
242
100
AcDbEntity
  8
DIM
100
AcDbDimension
280
     0
  2
*D32
 10
73.20192400959451
 20
-119.9147263121114
 30
0.0
 11
68.20192400961452
 21
-119.9147263121114
 31
0.0
 70
    32
 71
     5
 42
9.999999999959982
 73
     0
 74
     0
 75
     0
  3
STANDARD
100
AcDbAlignedDimension
 13
63.20192400963453
 23
-108.2043210948841
 33
0.0
 14
73.20192400959451
 24
-108.2069495554641
 34
0.0
 50
0.0
100
AcDbRotatedDimension
1001
ACAD
1000
DSTYLE
1002
{
1070
   179
1070
     0
1070
   171
1070
     2
1070
    41
1040
2.0
1070
    79
1070
     0
1070
   343
1005
0
1070
   344
1005
0
1070
   141
1040
0.198
1070
    43
1040
0.8359999999999999
1070
   341
1005
0
1070
    40
1040
0.75
1070
   272
1070
     4
1070
    73
1070
     0
1070
    48
1040
0.0
1070
    47
1040
0.0
1070
   140
1040
2.0
1070
   284
1070
     0
1070
    78
1070
     0
1002
}
  0
DIMENSION
  5
1C81
102
{ACAD_XDICTIONARY
360
1C82
102
}
102
{ACAD_REACTORS
330
1C83
102
}
330
242
100
AcDbEntity
  8
DIM
100
AcDbDimension
280
     0
  2
*D33
 10
36.43403898953489
 20
-202.2648745161595
 30
0.0
 11
36.43403898953489
 21
-206.5768124213495
 31
0.0
 70
    32
 71
     5
 42
8.62387581038001
 73
     0
 74
     0
 75
     0
  3
STANDARD
100
AcDbAlignedDimension
 13
58.1858255201335
 23
-210.8887503265395
 33
0.0
 14
40.8328536170535
 24
-202.2648745161595
 34
0.0
 50
90.0
100
AcDbRotatedDimension
1001
ACAD
1000
DSTYLE
1002
{
1070
   271
1070
     1
1070
   179
1070
     0
1070
   171
1070
     2
1070
    41
1040
2.0
1070
    79
1070
     0
1070
   343
1005
0
1070
   344
1005
0
1070
   141
1040
0.198
1070
    43
1040
0.8359999999999999
1070
   341
1005
0
1070
    40
1040
0.75
1070
   272
1070
     4
1070
    73
1070
     0
1070
    48
1040
0.0
1070
    47
1040
0.0
1070
   140
1040
2.0
1070
   284
1070
     0
1070
    78
1070
     0
1002
}
  0
DIMENSION
  5
1CEB
330
242
100
AcDbEntity
  8
DIM
100
AcDbDimension
280
     0
  2
*D34
 10
82.69711991780926
 20
-136.63698314922
 30
0.0
 11
63.20191946379184
 21
-136.63698314922
 31
0.0
 70
    32
 71
     5
 42
38.99040090803485
 73
     0
 74
     0
 75
     0
  3
STANDARD
100
AcDbAlignedDimension
 13
43.70671900977441
 23
-153.0749606025596
 33
0.0
 14
82.69711991780926
 24
-153.0749606025596
 34
0.0
 50
0.0
100
AcDbRotatedDimension
1001
ACAD
1000
DSTYLE
1002
{
1070
   342
1005
244
1070
   179
1070
     0
1070
   171
1070
     2
1070
    41
1040
2.0
1070
    79
1070
     0
1070
   343
1005
0
1070
   344
1005
0
1070
   141
1040
0.198
1070
    43
1040
0.8359999999999999
1070
   341
1005
0
1070
     3
1000
VA: <>
1070
    40
1040
0.75
1070
    73
1070
     0
1070
    48
1040
0.1
1070
    71
1070
     1
1070
    47
1040
0.1
1070
   140
1040
2.0
1070
   284
1070
     0
1070
    78
1070
     0
1002
}
1001
ACAD_DSTYLE_DIMINSPECT
1070
   393
1070
     0
1070
   394
1070
     0
1070
   395
1000

1070
   396
1000

  0
DIMENSION
  5
1D03
102
{ACAD_XDICTIONARY
360
1D04
102
}
102
{ACAD_REACTORS
330
1D05
102
}
330
242
100
AcDbEntity
  8
DIM
100
AcDbDimension
280
     0
  2
*D35
 10
36.21772157746737
 20
-184.3169206026399
 30
0.0
 11
36.21772157746737
 21
-164.8217206027697
 31
0.0
 70
    32
 71
     5
 42
38.99039999974048
 73
     0
 74
     0
 75
     0
  3
STANDARD
100
AcDbAlignedDimension
 13
51.45555900863411
 23
-145.3265206028995
 33
0.0
 14
51.45555900863411
 24
-184.3169206026399
 34
0.0
 50
90.0
100
AcDbRotatedDimension
1001
ACAD
1000
DSTYLE
1002
{
1070
   342
1005
244
1070
   179
1070
     0
1070
   171
1070
     2
1070
    41
1040
2.0
1070
    79
1070
     0
1070
   343
1005
0
1070
   344
1005
0
1070
   141
1040
0.198
1070
    43
1040
0.8359999999999999
1070
   341
1005
0
1070
     3
1000
VA: <>
1070
    40
1040
0.75
1070
    73
1070
     0
1070
    48
1040
0.1
1070
    71
1070
     1
1070
    47
1040
0.1
1070
   140
1040
2.0
1070
   284
1070
     0
1070
    78
1070
     0
1002
}
1001
ACAD_DSTYLE_DIMINSPECT
1070
   393
1070
     0
1070
   394
1070
     0
1070
   395
1000

1070
   396
1000

  0
DIMENSION
  5
1D1D
102
{ACAD_XDICTIONARY
360
1D1E
102
}
102
{ACAD_REACTORS
330
1D1F
102
}
330
242
100
AcDbEntity
  8
DIM
100
AcDbDimension
280
     0
  2
*D36
 10
32.40829559727226
 20
-186.4717206034196
 30
0.0
 11
32.40829559727226
 21
-164.8217206027697
 31
0.0
 70
    32
 71
     5
 42
43.30000000129984
 73
     0
 74
     0
 75
     0
  3
STANDARD
100
AcDbAlignedDimension
 13
46.24692401063413
 23
-143.1717206021198
 33
0.0
 14
46.24692401063413
 24
-186.4717206034196
 34
0.0
 50
90.0
100
AcDbRotatedDimension
1001
ACAD
1000
DSTYLE
1002
{
1070
   342
1005
244
1070
   179
1070
     0
1070
   171
1070
     2
1070
    41
1040
2.0
1070
    79
1070
     0
1070
   343
1005
0
1070
   344
1005
0
1070
   141
1040
0.198
1070
    43
1040
0.8359999999999999
1070
   341
1005
0
1070
     3
1000
OD: <>
1070
    40
1040
0.75
1070
    73
1070
     0
1070
    48
1040
0.05
1070
    71
1070
     1
1070
    47
1040
0.05
1070
   140
1040
2.0
1070
   284
1070
     0
1070
    78
1070
     0
1002
}
1001
ACAD_DSTYLE_DIMINSPECT
1070
   393
1070
     0
1070
   394
1070
     0
1070
   395
1000

1070
   396
1000

  0
DIMENSION
  5
1D37
102
{ACAD_XDICTIONARY
360
1D38
102
}
102
{ACAD_REACTORS
330
1D39
102
}
330
242
100
AcDbEntity
  8
DIM
100
AcDbDimension
280
     0
  2
*D37
 10
84.8519240090148
 20
-133.6856291090383
 30
0.0
 11
63.20192400963453
 21
-133.6856291090383
 31
0.0
 70
    32
 71
     5
 42
43.29999999876053
 73
     0
 74
     0
 75
     0
  3
STANDARD
100
AcDbAlignedDimension
 13
41.55192401025425
 23
-147.8667206024997
 33
0.0
 14
84.8519240090148
 24
-147.8667206024997
 34
0.0
 50
0.0
100
AcDbRotatedDimension
1001
ACAD
1000
DSTYLE
1002
{
1070
   342
1005
244
1070
   179
1070
     0
1070
   171
1070
     2
1070
    41
1040
2.0
1070
    79
1070
     0
1070
   343
1005
0
1070
   344
1005
0
1070
   141
1040
0.198
1070
    43
1040
0.8359999999999999
1070
   341
1005
0
1070
     3
1000
OD: <>
1070
    40
1040
0.75
1070
    73
1070
     0
1070
    48
1040
0.05
1070
    71
1070
     1
1070
    47
1040
0.05
1070
   140
1040
2.0
1070
   284
1070
     0
1070
    78
1070
     0
1002
}
1001
ACAD_DSTYLE_DIMINSPECT
1070
   393
1070
     0
1070
   394
1070
     0
1070
   395
1000

1070
   396
1000

  0
DIMENSION
  5
1D87
102
{ACAD_XDICTIONARY
360
1D88
102
}
102
{ACAD_REACTORS
330
1D89
102
}
330
242
100
AcDbEntity
  8
DIM
100
AcDbDimension
280
     0
  2
*D39
 10
40.20192401340705
 20
-130.2287309479176
 30
0.0
 11
63.20192401123177
 21
-130.2287309479176
 31
0.0
 70
    32
 71
     5
 42
45.99999999564944
 73
     0
 74
     0
 75
     0
  3
STANDARD
100
AcDbAlignedDimension
 13
86.20192400905649
 23
-147.6197330878171
 33
0.0
 14
40.20192401340705
 24
-147.6214387881404
 34
0.0
 50
0.0
100
AcDbRotatedDimension
1001
ACAD
1000
DSTYLE
1002
{
1070
   179
1070
     0
1070
   171
1070
     2
1070
    41
1040
2.0
1070
    79
1070
     0
1070
   343
1005
0
1070
   344
1005
0
1070
   141
1040
0.198
1070
    43
1040
0.8359999999999999
1070
   341
1005
0
1070
    40
1040
0.75
1070
   272
1070
     4
1070
    73
1070
     0
1070
    48
1040
0.0
1070
    47
1040
0.0
1070
   140
1040
2.0
1070
   284
1070
     0
1070
    78
1070
     0
1002
}
  0
DIMENSION
  5
1DA1
102
{ACAD_XDICTIONARY
360
1DA2
102
}
102
{ACAD_REACTORS
330
1DA3
102
}
330
242
100
AcDbEntity
  8
DIM
100
AcDbDimension
280
     0
  2
*D40
 10
28.61447585871714
 20
-187.8217205969326
 30
0.0
 11
28.61447585871714
 21
-164.821720600379
 31
0.0
 70
    32
 71
     5
 42
45.99999999310703
 73
     0
 74
     0
 75
     0
  3
STANDARD
100
AcDbAlignedDimension
 13
46.00142710892789
 23
-141.8217206038255
 33
0.0
 14
45.99972134597851
 24
-187.8217205969326
 34
0.0
 50
90.0
100
AcDbRotatedDimension
1001
ACAD
1000
DSTYLE
1002
{
1070
   179
1070
     0
1070
   171
1070
     2
1070
    41
1040
2.0
1070
    79
1070
     0
1070
   343
1005
0
1070
   344
1005
0
1070
   141
1040
0.198
1070
    43
1040
0.8359999999999999
1070
   341
1005
0
1070
    40
1040
0.75
1070
   272
1070
     4
1070
    73
1070
     0
1070
    48
1040
0.0
1070
    47
1040
0.0
1070
   140
1040
2.0
1070
   284
1070
     0
1070
    78
1070
     0
1002
}
  0
DIMENSION
  5
1DBB
102
{ACAD_XDICTIONARY
360
1DBC
102
}
102
{ACAD_REACTORS
330
1DBD
102
}
330
242
100
AcDbEntity
  8
DIM
100
AcDbDimension
280
     0
  2
*D41
 10
36.21772157746737
 20
-143.1717206021198
 30
0.0
 11
33.05022157746737
 21
-140.1717206021198
 31
0.0
 70
    32
 71
     5
 42
2.154800000779686
 73
     0
 74
     0
 75
     0
  3
STANDARD
100
AcDbAlignedDimension
 13
51.45555900863411
 23
-145.3265206028995
 33
0.0
 14
46.24692401063413
 24
-143.1717206021198
 34
0.0
 50
90.0
100
AcDbRotatedDimension
1001
ACAD
1000
DSTYLE
1002
{
1070
   179
1070
     0
1070
   171
1070
     2
1070
    41
1040
2.0
1070
    79
1070
     0
1070
   343
1005
0
1070
   344
1005
0
1070
   141
1040
0.198
1070
    43
1040
0.8359999999999999
1070
   341
1005
0
1070
    40
1040
0.75
1070
   272
1070
     4
1070
    73
1070
     0
1070
    48
1040
0.0
1070
    47
1040
0.0
1070
   140
1040
2.0
1070
   284
1070
     0
1070
    78
1070
     0
1002
}
  0
DIMENSION
  5
1DD7
330
242
100
AcDbEntity
  8
DIM
100
AcDbDimension
280
     0
  2
*D42
 10
41.55192401025425
 20
-136.63698314922
 30
0.0
 11
36.88442401025425
 21
-136.63698314922
 31
0.0
 70
    32
 71
     5
 42
2.154794999520163
 73
     0
 74
     0
 75
     0
  3
STANDARD
100
AcDbAlignedDimension
 13
43.70671900977441
 23
-136.54323314922
 33
0.0
 14
41.55192401025425
 24
-136.54323314922
 34
0.0
 50
0.0
100
AcDbRotatedDimension
1001
ACAD
1000
DSTYLE
1002
{
1070
   179
1070
     0
1070
   171
1070
     2
1070
    41
1040
2.0
1070
    79
1070
     0
1070
   343
1005
0
1070
   344
1005
0
1070
   141
1040
0.198
1070
    43
1040
0.8359999999999999
1070
   341
1005
0
1070
    40
1040
0.75
1070
   272
1070
     4
1070
    73
1070
     0
1070
    48
1040
0.0
1070
    47
1040
0.0
1070
   140
1040
2.0
1070
   284
1070
     0
1070
    78
1070
     0
1002
}
  0
DIMENSION
  5
1DEF
102
{ACAD_XDICTIONARY
360
1DF0
102
}
102
{ACAD_REACTORS
330
1DF1
102
}
330
242
100
AcDbEntity
  8
DIM
100
AcDbDimension
280
     0
  2
*D43
 10
80.40473327034083
 20
-182.0245302658727
 30
0.0
 11
87.63247538873185
 21
-188.2378891432734
 31
0.0
 70
   164
 71
     5
 42
5.797190797013616
 73
     0
 74
     0
 75
     0
  3
STANDARD
100
AcDbRadialDimension
 15
84.80082894441119
 25
-185.803652381047
 35
0.0
 40
0.0
1001
ACAD
1000
DSTYLE
1002
{
1070
     3
1000
4*R<>
1070
   179
1070
     0
1070
   171
1070
     2
1070
    41
1040
2.0
1070
    79
1070
     0
1070
   343
1005
0
1070
   344
1005
0
1070
   141
1040
0.198
1070
    43
1040
0.8359999999999999
1070
   341
1005
0
1070
    40
1040
0.75
1070
   272
1070
     4
1070
    73
1070
     0
1070
    48
1040
0.0
1070
    47
1040
0.0
1070
   140
1040
2.0
1070
   284
1070
     0
1070
    78
1070
     0
1002
}
1001
ACAD_DSTYLE_DIMRADIAL_EXTENSION
1070
   387
1070
     1
1070
   388
1040
-1.571195202757752
1070
   390
1040
0.0001418183707345
  0
DIMENSION
  5
1E2D
102
{ACAD_XDICTIONARY
360
1E2E
102
}
102
{ACAD_REACTORS
330
1E2F
102
}
330
242
100
AcDbEntity
  8
DIM
100
AcDbDimension
280
     0
  2
*D44
 10
51.61644076773391
 20
-110.3277011585372
 30
0.0
 11
57.76160544402199
 21
-102.0977055229327
 31
0.0
 70
   163
 71
     5
 42
5.300000001960007
 73
     0
 74
     0
 75
     0
  3
STANDARD
100
AcDbDiametricDimension
 15
54.78740725161517
 25
-106.080941031231
 35
0.0
 40
0.0
1001
ACAD
1000
DSTYLE
1002
{
1070
     3
1000
3*%%C<>
1070
   179
1070
     0
1070
   171
1070
     2
1070
    41
1040
2.0
1070
    79
1070
     0
1070
   343
1005
0
1070
   344
1005
0
1070
   141
1040
0.198
1070
    43
1040
0.8359999999999999
1070
   341
1005
0
1070
    40
1040
0.75
1070
   272
1070
     4
1070
    73
1070
     0
1070
    48
1040
0.0
1070
    47
1040
0.0
1070
   140
1040
2.0
1070
   284
1070
     0
1070
    78
1070
     0
1002
}
1001
ACAD_DSTYLE_DIMRADIAL_EXTENSION
1070
   387
1070
     1
1070
   388
1040
0.0
1070
   390
1040
6.283185307179586
  0
DIMENSION
  5
1E43
102
{ACAD_XDICTIONARY
360
1E44
102
}
102
{ACAD_REACTORS
330
1E45
102
}
330
242
100
AcDbEntity
  8
DIM
100
AcDbDimension
280
     0
  2
*D45
 10
80.15692400863491
 20
-147.8667206024997
 30
0.0
 11
88.70005793658268
 21
-141.5333709250915
 31
0.0
 70
   164
 71
     5
 42
4.695000000379996
 73
     0
 74
     0
 75
     0
  3
STANDARD
100
AcDbRadialDimension
 15
83.92854734653836
 25
-145.0706729633221
 35
0.0
 40
0.0
1001
ACAD
1000
DSTYLE
1002
{
1070
     3
1000
4*R<>
1070
   179
1070
     0
1070
   171
1070
     2
1070
    41
1040
2.0
1070
    79
1070
     0
1070
   343
1005
0
1070
   344
1005
0
1070
   141
1040
0.198
1070
    43
1040
0.8359999999999999
1070
   341
1005
0
1070
    40
1040
0.75
1070
   272
1070
     4
1070
    73
1070
     0
1070
    48
1040
0.0
1070
    47
1040
0.0
1070
   140
1040
2.0
1070
   284
1070
     0
1070
    78
1070
     0
1002
}
1001
ACAD_DSTYLE_DIMRADIAL_EXTENSION
1070
   387
1070
     1
1070
   388
1040
0.0
1070
   390
1040
1.570796326794896
  0
ENDSEC
  0
SECTION
  2
OBJECTS
  0
DICTIONARY
  5
C
330
0
100
AcDbDictionary
281
     1
  3
ACAD_COLOR
350
90E
  3
ACAD_GROUP
350
D
  3
ACAD_IMAGE_VARS
350
C17
  3
ACAD_LAYOUT
350
1A
  3
ACAD_MATERIAL
350
8F1
  3
ACAD_MLEADERSTYLE
350
911
  3
ACAD_MLINESTYLE
350
17
  3
ACAD_PLOTSETTINGS
350
19
  3
ACAD_PLOTSTYLENAME
350
E
  3
ACAD_SCALELIST
350
913
  3
ACAD_TABLESTYLE
350
90F
  3
ACAD_VISUALSTYLE
350
8F5
  3
AcDbVariableDictionary
350
926
  0
DICTIONARY
  5
92C
330
2
100
AcDbDictionary
280
     1
281
     1
  3
ACLYDICTIONARY
360
9E8
  0
DICTIONARY
  5
1B84
330
1B83
100
AcDbDictionary
280
     1
281
     1
  3
ACAD_DIMASSOC
360
1B85
  0
DICTIONARY
  5
1B87
330
1B86
100
AcDbDictionary
280
     1
281
     1
  3
ACAD_DIMASSOC
360
1B88
  0
DICTIONARY
  5
1B8A
330
1B89
100
AcDbDictionary
280
     1
281
     1
  3
ACAD_DIMASSOC
360
1B8B
  0
DICTIONARY
  5
1B8D
330
1B8C
100
AcDbDictionary
280
     1
281
     1
  3
ACAD_DIMASSOC
360
1B8E
  0
DICTIONARY
  5
1C82
330
1C81
100
AcDbDictionary
280
     1
281
     1
  3
ACAD_DIMASSOC
360
1C83
  0
DICTIONARY
  5
1D04
330
1D03
100
AcDbDictionary
280
     1
281
     1
  3
ACAD_DIMASSOC
360
1D05
  0
DICTIONARY
  5
1D1E
330
1D1D
100
AcDbDictionary
280
     1
281
     1
  3
ACAD_DIMASSOC
360
1D1F
  0
DICTIONARY
  5
1D38
330
1D37
100
AcDbDictionary
280
     1
281
     1
  3
ACAD_DIMASSOC
360
1D39
  0
DICTIONARY
  5
1D88
330
1D87
100
AcDbDictionary
280
     1
281
     1
  3
ACAD_DIMASSOC
360
1D89
  0
DICTIONARY
  5
1DA2
330
1DA1
100
AcDbDictionary
280
     1
281
     1
  3
ACAD_DIMASSOC
360
1DA3
  0
DICTIONARY
  5
1DBC
330
1DBB
100
AcDbDictionary
280
     1
281
     1
  3
ACAD_DIMASSOC
360
1DBD
  0
DICTIONARY
  5
1DF0
330
1DEF
100
AcDbDictionary
280
     1
281
     1
  3
ACAD_DIMASSOC
360
1DF1
  0
DICTIONARY
  5
1E2E
330
1E2D
100
AcDbDictionary
280
     1
281
     1
  3
ACAD_DIMASSOC
360
1E2F
  0
DICTIONARY
  5
1E44
330
1E43
100
AcDbDictionary
280
     1
281
     1
  3
ACAD_DIMASSOC
360
1E45
  0
DICTIONARY
  5
90E
102
{ACAD_REACTORS
330
C
102
}
330
C
100
AcDbDictionary
281
     1
  0
DICTIONARY
  5
D
102
{ACAD_REACTORS
330
C
102
}
330
C
100
AcDbDictionary
281
     1
  0
RASTERVARIABLES
  5
C17
102
{ACAD_REACTORS
330
C
102
}
330
C
100
AcDbRasterVariables
 90
        0
 70
     1
 71
     1
 72
     5
  0
DICTIONARY
  5
1A
102
{ACAD_REACTORS
330
C
102
}
330
C
100
AcDbDictionary
281
     1
  3
Layout1
350
8F0
  3
Model
350
8EF
  0
DICTIONARY
  5
8F1
102
{ACAD_REACTORS
330
C
102
}
330
C
100
AcDbDictionary
281
     1
  3
ByBlock
350
8F3
  3
ByLayer
350
8F2
  3
Global
350
8F4
  0
DICTIONARY
  5
911
102
{ACAD_REACTORS
330
C
102
}
330
C
100
AcDbDictionary
281
     1
  3
Standard
350
912
  0
DICTIONARY
  5
17
102
{ACAD_REACTORS
330
C
102
}
330
C
100
AcDbDictionary
281
     1
  3
Standard
350
18
  0
DICTIONARY
  5
19
102
{ACAD_REACTORS
330
C
102
}
330
C
100
AcDbDictionary
281
     1
  0
ACDBDICTIONARYWDFLT
  5
E
102
{ACAD_REACTORS
330
C
102
}
330
C
100
AcDbDictionary
281
     1
  3
Normal
350
F
100
AcDbDictionaryWithDefault
340
F
  0
DICTIONARY
  5
913
102
{ACAD_REACTORS
330
C
102
}
330
C
100
AcDbDictionary
281
     1
  3
A0
350
914
  3
A1
350
915
  3
A2
350
916
  3
A3
350
917
  3
A4
350
918
  3
A5
350
919
  3
A6
350
91A
  3
A7
350
91B
  3
A8
350
91C
  3
A9
350
91D
  3
B0
350
91E
  3
B1
350
91F
  3
B2
350
920
  3
B3
350
921
  3
B4
350
922
  3
B5
350
923
  3
B6
350
924
  0
DICTIONARY
  5
90F
102
{ACAD_REACTORS
330
C
102
}
330
C
100
AcDbDictionary
281
     1
  3
Standard
350
910
  0
DICTIONARY
  5
8F5
102
{ACAD_REACTORS
330
C
102
}
330
C
100
AcDbDictionary
281
     1
  3
2dWireframe
350
8FA
  3
Basic
350
8FD
  3
Brighten
350
901
  3
ColorChange
350
905
  3
Conceptual
350
8FF
  3
Dim
350
900
  3
EdgeColorOff
350
908
  3
Facepattern
350
904
  3
Flat
350
8F6
  3
FlatWithEdges
350
8F7
  3
Gouraud
350
8F8
  3
GouraudWithEdges
350
8F9
  3
Hidden
350
8FC
  3
JitterOff
350
906
  3
Linepattern
350
903
  3
OverhangOff
350
907
  3
Realistic
350
8FE
  3
Shaded
350
90D
  3
Shaded with edges
350
90C
  3
Shades of Gray
350
909
  3
Sketchy
350
90A
  3
Thicken
350
902
  3
Wireframe
350
8FB
  3
X-Ray
350
90B
  0
DICTIONARY
  5
926
102
{ACAD_REACTORS
330
C
102
}
330
C
100
AcDbDictionary
281
     1
  3
CANNOSCALE
350
929
  3
CMLEADERSTYLE
350
928
  3
CTABLESTYLE
350
927
  0
DICTIONARY
  5
9E8
102
{ACAD_REACTORS
330
92C
102
}
330
92C
100
AcDbDictionary
281
     1
1001
ACAD
1000
<All
  0
DIMASSOC
  5
1B85
102
{ACAD_REACTORS
330
1B84
102
}
330
1B84
100
AcDbDimAssoc
330
1B83
 90
        3
 70
     0
 71
     0
  1
AcDbOsnapPointRef
 72
     3
331
7BA
 73
     2
 91
        0
 40
0.0
 10
0.0
 20
0.0
 30
0.0
 75
     0
  1
AcDbOsnapPointRef
 72
     3
331
807
 73
     2
 91
        0
 40
0.0
 10
0.0
 20
0.0
 30
0.0
 75
     0
  0
DIMASSOC
  5
1B88
102
{ACAD_REACTORS
330
1B87
102
}
330
1B87
100
AcDbDimAssoc
330
1B86
 90
        2
 70
     0
 71
     0
  1
AcDbOsnapPointRef
 72
     3
331
7A2
 73
     2
 91
        0
 40
0.0
 10
0.0
 20
0.0
 30
0.0
 75
     0
  0
DIMASSOC
  5
1B8B
102
{ACAD_REACTORS
330
1B8A
102
}
330
1B8A
100
AcDbDimAssoc
330
1B89
 90
        2
 70
     0
 71
     0
  1
AcDbOsnapPointRef
 72
    13
331
8D7
 73
     2
 91
        0
 40
2.356280158899993
 10
2.356280158899993
 20
3.92690514819999
 30
1.999999999999999E+50
 75
     0
  0
DIMASSOC
  5
1B8E
102
{ACAD_REACTORS
330
1B8D
102
}
330
1B8D
100
AcDbDimAssoc
330
1B8C
 90
        2
 70
     0
 71
     0
  1
AcDbOsnapPointRef
 72
    13
331
8DA
 73
     2
 91
        0
 40
-0.7853124945999959
 10
-0.7853124945999959
 20
0.7853124945999941
 30
1.999999999999999E+50
 75
     0
  0
DIMASSOC
  5
1C83
102
{ACAD_REACTORS
330
1C82
102
}
330
1C82
100
AcDbDimAssoc
330
1C81
 90
        3
 70
     0
 71
     0
  1
AcDbOsnapPointRef
 72
     2
331
48D
 73
     2
 91
        0
 40
0.5
 10
0.0
 20
0.0
 30
0.0
 75
     0
  1
AcDbOsnapPointRef
 72
     1
331
5B7
 73
     2
 91
        0
 40
1.0
 10
0.0
 20
0.0
 30
1.999999999999999E+50
 75
     0
  0
DIMASSOC
  5
1D05
102
{ACAD_REACTORS
330
1D04
102
}
330
1D04
100
AcDbDimAssoc
330
1D03
 90
        3
 70
     0
 71
     0
  1
AcDbOsnapPointRef
 72
     1
331
1A9D
 73
     2
 91
        0
 40
1.0
 10
0.0
 20
0.0
 30
2.000000000000000E+50
 75
     0
  1
AcDbOsnapPointRef
 72
     8
331
13F5
 73
     2
 91
        0
 40
0.999999574344511
 10
0.0
 20
0.0
 30
0.0
 75
     0
  0
DIMASSOC
  5
1D1F
102
{ACAD_REACTORS
330
1D1E
102
}
330
1D1E
100
AcDbDimAssoc
330
1D1D
 90
        3
 70
     0
 71
     0
  1
AcDbOsnapPointRef
 72
     1
331
1465
 73
     2
 91
        0
 40
1.0
 10
0.0
 20
0.0
 30
2.000000000000000E+50
 75
     0
  1
AcDbOsnapPointRef
 72
    13
331
13F2
 73
     2
 91
        0
 40
0.0
 10
0.0
 20
0.0
 30
2.000000000000000E+50
 75
     0
  0
DIMASSOC
  5
1D39
102
{ACAD_REACTORS
330
1D38
102
}
330
1D38
100
AcDbDimAssoc
330
1D37
 90
        3
 70
     0
 71
     0
  1
AcDbOsnapPointRef
 72
    13
331
13EC
 73
     2
 91
        0
 40
0.0
 10
0.0
 20
0.0
 30
2.000000000000000E+50
 75
     0
  1
AcDbOsnapPointRef
 72
     1
331
145F
 73
     2
 91
        0
 40
1.0
 10
0.0
 20
0.0
 30
2.000000000000000E+50
 75
     0
  0
DIMASSOC
  5
1D89
102
{ACAD_REACTORS
330
1D88
102
}
330
1D88
100
AcDbDimAssoc
330
1D87
 90
        3
 70
     0
 71
     0
  1
AcDbOsnapPointRef
 72
     6
331
1B5B
 73
     2
 91
        0
 40
5.49812976022515
 10
-0.7850555470999794
 20
0.7850555471001384
 30
2.000000000000000E+50
332
1445
 74
     2
 92
        0
 75
     0
  1
AcDbOsnapPointRef
 72
     8
331
1B57
 73
     2
 91
        0
 40
-2.356243078489153
 10
2.356280158899837
 20
3.926905148200257
 30
2.000000000000000E+50
 75
     0
  0
DIMASSOC
  5
1DA3
102
{ACAD_REACTORS
330
1DA2
102
}
330
1DA2
100
AcDbDimAssoc
330
1DA1
 90
        3
 70
     0
 71
     0
  1
AcDbOsnapPointRef
 72
    13
331
1B57
 73
     2
 91
        0
 40
2.356280158899837
 10
2.356280158899837
 20
3.926905148200257
 30
2.000000000000000E+50
 75
     0
  1
AcDbOsnapPointRef
 72
     8
331
1B59
 73
     2
 91
        0
 40
-2.356574188318286
 10
-3.926648200599942
 20
-2.356537106500161
 30
2.000000000000000E+50
 75
     0
  0
DIMASSOC
  5
1DBD
102
{ACAD_REACTORS
330
1DBC
102
}
330
1DBC
100
AcDbDimAssoc
330
1DBB
 90
        2
 70
     0
 71
     0
  1
AcDbOsnapPointRef
 72
     1
331
1465
 73
     2
 91
        0
 40
1.0
 10
0.0
 20
0.0
 30
2.000000000000000E+50
 75
     0
  0
DIMASSOC
  5
1DF1
102
{ACAD_REACTORS
330
1DF0
102
}
330
1DF0
100
AcDbDimAssoc
330
1DEF
 90
        2
 70
     0
 71
     0
  1
AcDbOsnapPointRef
 72
     3
331
ABA
 73
     2
 91
        0
 40
4.711990104421833
 10
0.0
 20
0.0
 30
0.0
 75
     0
  0
DIMASSOC
  5
1E2F
102
{ACAD_REACTORS
330
1E2E
102
}
330
1E2E
100
AcDbDimAssoc
330
1E2D
 90
        2
 70
     0
 71
     0
  1
AcDbOsnapPointRef
 72
     3
331
1979
 73
     2
 91
        0
 40
0.0
 10
0.0
 20
0.0
 30
0.0
 75
     0
  0
DIMASSOC
  5
1E45
102
{ACAD_REACTORS
330
1E44
102
}
330
1E44
100
AcDbDimAssoc
330
1E43
 90
        2
 70
     0
 71
     0
  1
AcDbOsnapPointRef
 72
     3
331
1956
 73
     2
 91
        0
 40
0.0
 10
0.0
 20
0.0
 30
0.0
 75
     0
  0
LAYOUT
  5
8F0
102
{ACAD_REACTORS
330
1A
102
}
330
1A
100
AcDbPlotSettings
  1

  2
none_device
  4
ANSI_C_(22.00_x_17.00_Inches)
  6

 40
0.0
 41
0.0
 42
0.0
 43
0.0
 44
558.8
 45
431.8
 46
0.0
 47
0.0
 48
0.0
 49
0.0
140
0.0
141
0.0
142
1.0
143
1.0
 70
     0
 72
     0
 73
     0
 74
     0
  7

 75
     0
 76
     0
 77
     2
 78
   300
147
1.0
148
0.0
149
0.0
100
AcDbLayout
  1
Layout1
 70
     0
 71
     1
 10
0.0
 20
0.0
 11
22.0
 21
17.0
 12
0.0
 22
0.0
 32
0.0
 14
0.0
 24
0.0
 34
0.0
 15
0.0
 25
0.0
 35
0.0
146
0.0
 13
0.0
 23
0.0
 33
0.0
 16
1.0
 26
0.0
 36
0.0
 17
0.0
 27
1.0
 37
0.0
 76
     0
330
243
  0
LAYOUT
  5
8EF
102
{ACAD_REACTORS
330
1A
102
}
330
1A
100
AcDbPlotSettings
  1

  2
None
  4
ANSI_C_(22.00_x_17.00_Inches)
  6

 40
0.0
 41
0.0
 42
0.0
 43
0.0
 44
558.8
 45
431.8
 46
0.0
 47
0.0
 48
0.0
 49
0.0
140
0.0
141
0.0
142
1.0
143
1.0
 70
  1024
 72
     0
 73
     0
 74
     0
  7

 75
     0
 76
     0
 77
     2
 78
   300
147
1.0
148
0.0
149
0.0
100
AcDbLayout
  1
Model
 70
     0
 71
     0
 10
0.0
 20
0.0
 11
22.0
 21
17.0
 12
0.0
 22
0.0
 32
0.0
 14
0.0
 24
0.0
 34
0.0
 15
0.0
 25
0.0
 35
0.0
146
0.0
 13
0.0
 23
0.0
 33
0.0
 16
1.0
 26
0.0
 36
0.0
 17
0.0
 27
1.0
 37
0.0
 76
     0
330
242
331
1F4
  0
MATERIAL
  5
8F3
102
{ACAD_REACTORS
330
8F1
102
}
330
8F1
100
AcDbMaterial
  1
ByBlock
 72
     0
 73
     2
 77
     0
 78
     2
171
     0
172
     2
175
     0
176
     2
179
     0
270
     2
274
     2
 94
      127
  0
MATERIAL
  5
8F2
102
{ACAD_REACTORS
330
8F1
102
}
330
8F1
100
AcDbMaterial
  1
ByLayer
 72
     0
 73
     2
 77
     0
 78
     2
171
     0
172
     2
175
     0
176
     2
179
     0
270
     2
274
     2
 94
      127
  0
MATERIAL
  5
8F4
102
{ACAD_REACTORS
330
8F1
102
}
330
8F1
100
AcDbMaterial
  1
Global
 72
     0
 73
     2
 77
     0
 78
     2
171
     0
172
     2
175
     0
176
     2
179
     0
270
     2
274
     2
 94
      127
  0
MLEADERSTYLE
  5
912
102
{ACAD_REACTORS
330
911
102
}
330
911
100
AcDbMLeaderStyle
179
     2
170
     2
171
     1
172
     0
 90
        2
 40
0.0
 41
0.0
173
     1
 91
-1056964608
340
14
 92
       -2
290
     1
 42
0.4
291
     1
 43
2.0
  3
Standard
 44
0.18
300

342
11
174
     1
178
     1
175
     1
176
     0
 93
-1056964608
 45
0.2
292
     0
297
     0
 46
5.0
 94
-1056964608
 47
1.0
 49
1.0
140
1.0
293
     1
141
0.0
294
     1
177
     0
142
1.0
295
     0
296
     0
143
0.125
271
     0
272
     9
273
     9
298
     0
  0
MLINESTYLE
  5
18
102
{ACAD_REACTORS
330
17
102
}
330
17
100
AcDbMlineStyle
  2
STANDARD
 70
     0
  3

 62
   256
 51
90.0
 52
90.0
 71
     2
 49
0.5
 62
   256
  6
BYLAYER
 49
-0.5
 62
   256
  6
BYLAYER
  0
ACDBPLACEHOLDER
  5
F
102
{ACAD_REACTORS
330
E
102
}
330
E
  0
SCALE
  5
914
102
{ACAD_REACTORS
330
913
102
}
330
913
100
AcDbScale
 70
     0
300
1:1
140
1.0
141
1.0
290
     1
  0
SCALE
  5
915
102
{ACAD_REACTORS
330
913
102
}
330
913
100
AcDbScale
 70
     0
300
1:2
140
1.0
141
2.0
290
     0
  0
SCALE
  5
916
102
{ACAD_REACTORS
330
913
102
}
330
913
100
AcDbScale
 70
     0
300
1:4
140
1.0
141
4.0
290
     0
  0
SCALE
  5
917
102
{ACAD_REACTORS
330
913
102
}
330
913
100
AcDbScale
 70
     0
300
1:5
140
1.0
141
5.0
290
     0
  0
SCALE
  5
918
102
{ACAD_REACTORS
330
913
102
}
330
913
100
AcDbScale
 70
     0
300
1:8
140
1.0
141
8.0
290
     0
  0
SCALE
  5
919
102
{ACAD_REACTORS
330
913
102
}
330
913
100
AcDbScale
 70
     0
300
1:10
140
1.0
141
10.0
290
     0
  0
SCALE
  5
91A
102
{ACAD_REACTORS
330
913
102
}
330
913
100
AcDbScale
 70
     0
300
1:16
140
1.0
141
16.0
290
     0
  0
SCALE
  5
91B
102
{ACAD_REACTORS
330
913
102
}
330
913
100
AcDbScale
 70
     0
300
1:20
140
1.0
141
20.0
290
     0
  0
SCALE
  5
91C
102
{ACAD_REACTORS
330
913
102
}
330
913
100
AcDbScale
 70
     0
300
1:30
140
1.0
141
30.0
290
     0
  0
SCALE
  5
91D
102
{ACAD_REACTORS
330
913
102
}
330
913
100
AcDbScale
 70
     0
300
1:40
140
1.0
141
40.0
290
     0
  0
SCALE
  5
91E
102
{ACAD_REACTORS
330
913
102
}
330
913
100
AcDbScale
 70
     0
300
1:50
140
1.0
141
50.0
290
     0
  0
SCALE
  5
91F
102
{ACAD_REACTORS
330
913
102
}
330
913
100
AcDbScale
 70
     0
300
1:100
140
1.0
141
100.0
290
     0
  0
SCALE
  5
920
102
{ACAD_REACTORS
330
913
102
}
330
913
100
AcDbScale
 70
     0
300
2:1
140
2.0
141
1.0
290
     0
  0
SCALE
  5
921
102
{ACAD_REACTORS
330
913
102
}
330
913
100
AcDbScale
 70
     0
300
4:1
140
4.0
141
1.0
290
     0
  0
SCALE
  5
922
102
{ACAD_REACTORS
330
913
102
}
330
913
100
AcDbScale
 70
     0
300
8:1
140
8.0
141
1.0
290
     0
  0
SCALE
  5
923
102
{ACAD_REACTORS
330
913
102
}
330
913
100
AcDbScale
 70
     0
300
10:1
140
10.0
141
1.0
290
     0
  0
SCALE
  5
924
102
{ACAD_REACTORS
330
913
102
}
330
913
100
AcDbScale
 70
     0
300
100:1
140
100.0
141
1.0
290
     0
  0
TABLESTYLE
  5
910
102
{ACAD_REACTORS
330
90F
102
}
330
90F
100
AcDbTableStyle
  3
Standard
 70
     0
 71
     0
 40
0.06
 41
0.06
280
     0
281
     0
  7
STANDARD
140
0.18
170
     2
 62
     7
 63
   257
283
     0
 90
        4
 91
        0
  1

274
    -2
284
     1
 64
     0
275
    -2
285
     1
 65
     0
276
    -2
286
     1
 66
     0
277
    -2
287
     1
 67
     0
278
    -2
288
     1
 68
     0
279
    -2
289
     1
 69
     0
  7
STANDARD
140
0.25
170
     5
 62
     7
 63
   257
283
     0
 90
        4
 91
        0
  1

274
    -2
284
     1
 64
     0
275
    -2
285
     1
 65
     0
276
    -2
286
     1
 66
     0
277
    -2
287
     1
 67
     0
278
    -2
288
     1
 68
     0
279
    -2
289
     1
 69
     0
  7
STANDARD
140
0.18
170
     5
 62
     7
 63
   257
283
     0
 90
        4
 91
        0
  1

274
    -2
284
     1
 64
     0
275
    -2
285
     1
 65
     0
276
    -2
286
     1
 66
     0
277
    -2
287
     1
 67
     0
278
    -2
288
     1
 68
     0
279
    -2
289
     1
 69
     0
  0
VISUALSTYLE
  5
8FA
102
{ACAD_REACTORS
330
8F5
102
}
330
8F5
100
AcDbVisualStyle
  2
2dWireframe
 70
     4
177
     3
291
     0
 70
    58
 90
        0
176
     1
 90
        2
176
     1
 90
        0
176
     1
 90
        0
176
     1
 40
0.6
176
     1
 40
30.0
176
     1
 62
     7
420
 16777215
176
     1
 90
        1
176
     1
 90
        4
176
     1
 62
     7
176
     1
 62
   257
176
     1
 90
        1
176
     1
 90
        1
176
     1
 40
1.0
176
     1
 90
        0
176
     1
 62
   257
176
     1
 40
1.0
176
     1
 90
        1
176
     1
 90
        6
176
     1
 90
        2
176
     1
 62
     7
176
     1
 90
        5
176
     1
 90
        0
176
     1
 90
        0
176
     1
290
     0
176
     1
 90
        1
176
     1
 40
0.0
176
     1
 90
        0
176
     1
290
     1
176
     1
290
     1
176
     1
290
     0
176
     1
290
     0
176
     1
290
     0
176
     1
290
     0
176
     1
290
     0
176
     1
290
     0
176
     1
290
     0
176
     1
 90
       50
176
     1
 40
0.0
176
     1
 40
1.0
176
     1
 90
        0
176
     1
 62
    18
420
        0
176
     1
 90
       50
176
     1
 90
        3
176
     1
 62
     5
420
      255
176
     1
290
     0
176
     1
 90
       50
176
     1
 90
       50
176
     1
 90
       50
176
     1
290
     0
176
     1
 90
       50
176
     1
 62
   256
176
     0
 40
1.0
176
     0
 90
        2
176
     1
  1
strokes_ogs.tif
176
     1
290
     0
176
     1
 40
1.0
176
     1
 40
1.0
176
     1
  0
VISUALSTYLE
  5
8FD
102
{ACAD_REACTORS
330
8F5
102
}
330
8F5
100
AcDbVisualStyle
  2
Basic
 70
     7
177
     3
291
     1
 70
    58
 90
        1
176
     1
 90
        0
176
     1
 90
        1
176
     1
 90
        0
176
     1
 40
0.6
176
     1
 40
30.0
176
     1
 62
     7
420
 16777215
176
     1
 90
        0
176
     1
 90
        4
176
     1
 62
     7
176
     1
 62
   257
176
     1
 90
        1
176
     1
 90
        1
176
     1
 40
1.0
176
     1
 90
        8
176
     1
 62
     7
176
     1
 40
1.0
176
     1
 90
        1
176
     1
 90
        6
176
     1
 90
        2
176
     1
 62
     7
176
     1
 90
        5
176
     1
 90
        0
176
     1
 90
        0
176
     1
290
     0
176
     1
 90
        1
176
     1
 40
0.0
176
     1
 90
        0
176
     1
290
     0
176
     1
290
     1
176
     1
290
     1
176
     1
290
     0
176
     1
290
     0
176
     1
290
     0
176
     1
290
     0
176
     1
290
     0
176
     1
290
     0
176
     1
 90
       50
176
     1
 40
0.0
176
     1
 40
1.0
176
     1
 90
        0
176
     1
 62
    18
420
        0
176
     1
 90
       50
176
     1
 90
        3
176
     1
 62
     5
420
      255
176
     1
290
     0
176
     1
 90
       50
176
     1
 90
       50
176
     1
 90
       50
176
     1
290
     0
176
     1
 90
       50
176
     1
 62
   256
176
     0
 40
1.0
176
     0
 90
        2
176
     1
  1
strokes_ogs.tif
176
     1
290
     0
176
     1
 40
1.0
176
     1
 40
1.0
176
     1
  0
VISUALSTYLE
  5
901
102
{ACAD_REACTORS
330
8F5
102
}
330
8F5
100
AcDbVisualStyle
  2
Brighten
 70
    12
177
     3
291
     1
 70
    58
 90
        2
176
     1
 90
        2
176
     1
 90
        0
176
     1
 90
        0
176
     1
 40
0.6
176
     1
 40
30.0
176
     1
 62
     7
420
 16777215
176
     1
 90
        1
176
     1
 90
        4
176
     1
 62
     7
176
     1
 62
   257
176
     1
 90
        1
176
     1
 90
        1
176
     1
 40
1.0
176
     1
 90
        8
176
     1
 62
     7
176
     1
 40
1.0
176
     1
 90
        1
176
     1
 90
        6
176
     1
 90
        2
176
     1
 62
     7
176
     1
 90
        5
176
     1
 90
        0
176
     1
 90
        0
176
     1
290
     0
176
     1
 90
        1
176
     1
 40
50.0
176
     1
 90
        0
176
     1
290
     0
176
     1
290
     1
176
     1
290
     1
176
     1
290
     0
176
     1
290
     0
176
     1
290
     0
176
     1
290
     0
176
     1
290
     0
176
     1
290
     0
176
     1
 90
       50
176
     1
 40
0.0
176
     1
 40
1.0
176
     1
 90
        0
176
     1
 62
    18
420
        0
176
     1
 90
       50
176
     1
 90
        3
176
     1
 62
     5
420
      255
176
     1
290
     0
176
     1
 90
       50
176
     1
 90
       50
176
     1
 90
       50
176
     1
290
     0
176
     1
 90
       50
176
     1
 62
   256
176
     0
 40
1.0
176
     0
 90
        2
176
     1
  1
strokes_ogs.tif
176
     1
290
     0
176
     1
 40
1.0
176
     1
 40
1.0
176
     1
  0
VISUALSTYLE
  5
905
102
{ACAD_REACTORS
330
8F5
102
}
330
8F5
100
AcDbVisualStyle
  2
ColorChange
 70
    16
177
     3
291
     1
 70
    58
 90
        2
176
     1
 90
        2
176
     1
 90
        3
176
     1
 90
        0
176
     1
 40
0.6
176
     1
 40
30.0
176
     1
 62
     8
420
  8421504
176
     1
 90
        1
176
     1
 90
        4
176
     1
 62
     7
176
     1
 62
   257
176
     1
 90
        1
176
     1
 90
        1
176
     1
 40
1.0
176
     1
 90
        8
176
     1
 62
     8
420
  8421504
176
     1
 40
1.0
176
     1
 90
        1
176
     1
 90
        6
176
     1
 90
        2
176
     1
 62
     7
176
     1
 90
        5
176
     1
 90
        0
176
     1
 90
        0
176
     1
290
     0
176
     1
 90
        1
176
     1
 40
0.0
176
     1
 90
        0
176
     1
290
     0
176
     1
290
     1
176
     1
290
     1
176
     1
290
     0
176
     1
290
     0
176
     1
290
     0
176
     1
290
     0
176
     1
290
     0
176
     1
290
     0
176
     1
 90
       50
176
     1
 40
0.0
176
     1
 40
1.0
176
     1
 90
        0
176
     1
 62
    18
420
        0
176
     1
 90
       50
176
     1
 90
        3
176
     1
 62
     5
420
      255
176
     1
290
     0
176
     1
 90
       50
176
     1
 90
       50
176
     1
 90
       50
176
     1
290
     0
176
     1
 90
       50
176
     1
 62
   256
176
     0
 40
1.0
176
     0
 90
        2
176
     1
  1
strokes_ogs.tif
176
     1
290
     0
176
     1
 40
1.0
176
     1
 40
1.0
176
     1
  0
VISUALSTYLE
  5
8FF
102
{ACAD_REACTORS
330
8F5
102
}
330
8F5
100
AcDbVisualStyle
  2
Conceptual
 70
     9
177
     3
291
     0
 70
    58
 90
        3
176
     1
 90
        2
176
     1
 90
        0
176
     1
 90
        0
176
     1
 40
0.6
176
     1
 40
30.0
176
     1
 62
     7
420
 16777215
176
     1
 90
        2
176
     1
 90
        2
176
     1
 62
     7
176
     1
 62
   257
176
     1
 90
        1
176
     1
 90
        1
176
     1
 40
179.0
176
     1
 90
        8
176
     1
 62
     7
176
     1
 40
1.0
176
     1
 90
        1
176
     1
 90
        6
176
     1
 90
        2
176
     1
 62
     7
176
     1
 90
        3
176
     1
 90
        0
176
     1
 90
        0
176
     1
290
     0
176
     1
 90
        1
176
     1
 40
0.0
176
     1
 90
        0
176
     1
290
     0
176
     1
290
     1
176
     1
290
     1
176
     1
290
     0
176
     1
290
     0
176
     1
290
     0
176
     1
290
     0
176
     1
290
     0
176
     1
290
     0
176
     1
 90
       50
176
     1
 40
0.0
176
     1
 40
1.0
176
     1
 90
        0
176
     1
 62
    18
420
        0
176
     1
 90
       50
176
     1
 90
        3
176
     1
 62
     5
420
      255
176
     1
290
     0
176
     1
 90
       50
176
     1
 90
       50
176
     1
 90
       50
176
     1
290
     0
176
     1
 90
       50
176
     1
 62
   256
176
     0
 40
1.0
176
     0
 90
        2
176
     1
  1
strokes_ogs.tif
176
     1
290
     0
176
     1
 40
1.0
176
     1
 40
1.0
176
     1
  0
VISUALSTYLE
  5
900
102
{ACAD_REACTORS
330
8F5
102
}
330
8F5
100
AcDbVisualStyle
  2
Dim
 70
    11
177
     3
291
     1
 70
    58
 90
        2
176
     1
 90
        2
176
     1
 90
        0
176
     1
 90
        0
176
     1
 40
0.6
176
     1
 40
30.0
176
     1
 62
     7
420
 16777215
176
     1
 90
        1
176
     1
 90
        4
176
     1
 62
     7
176
     1
 62
   257
176
     1
 90
        1
176
     1
 90
        1
176
     1
 40
1.0
176
     1
 90
        8
176
     1
 62
     7
176
     1
 40
1.0
176
     1
 90
        1
176
     1
 90
        6
176
     1
 90
        2
176
     1
 62
     7
176
     1
 90
        5
176
     1
 90
        0
176
     1
 90
        0
176
     1
290
     0
176
     1
 90
        1
176
     1
 40
-50.0
176
     1
 90
        0
176
     1
290
     0
176
     1
290
     1
176
     1
290
     1
176
     1
290
     0
176
     1
290
     0
176
     1
290
     0
176
     1
290
     0
176
     1
290
     0
176
     1
290
     0
176
     1
 90
       50
176
     1
 40
0.0
176
     1
 40
1.0
176
     1
 90
        0
176
     1
 62
    18
420
        0
176
     1
 90
       50
176
     1
 90
        3
176
     1
 62
     5
420
      255
176
     1
290
     0
176
     1
 90
       50
176
     1
 90
       50
176
     1
 90
       50
176
     1
290
     0
176
     1
 90
       50
176
     1
 62
   256
176
     0
 40
1.0
176
     0
 90
        2
176
     1
  1
strokes_ogs.tif
176
     1
290
     0
176
     1
 40
1.0
176
     1
 40
1.0
176
     1
  0
VISUALSTYLE
  5
908
102
{ACAD_REACTORS
330
8F5
102
}
330
8F5
100
AcDbVisualStyle
  2
EdgeColorOff
 70
    22
177
     3
291
     1
 70
    58
 90
        2
176
     0
 90
        2
176
     0
 90
        0
176
     0
 90
        0
176
     0
 40
0.6
176
     0
 40
30.0
176
     0
 62
     7
420
 16777215
176
     0
 90
        1
176
     0
 90
        4
176
     0
 62
     7
176
     0
 62
   257
176
     0
 90
        1
176
     0
 90
        1
176
     0
 40
1.0
176
     0
 90
        8
176
     2
 62
     7
176
     0
 40
1.0
176
     0
 90
        1
176
     0
 90
        6
176
     0
 90
        2
176
     0
 62
     7
176
     0
 90
        5
176
     0
 90
        0
176
     0
 90
        0
176
     0
290
     0
176
     0
 90
        1
176
     0
 40
0.0
176
     0
 90
        0
176
     0
290
     0
176
     0
290
     1
176
     0
290
     1
176
     0
290
     0
176
     0
290
     0
176
     0
290
     0
176
     0
290
     0
176
     0
290
     0
176
     0
290
     0
176
     0
 90
       50
176
     0
 40
0.0
176
     0
 40
1.0
176
     0
 90
        0
176
     0
 62
    18
420
        0
176
     0
 90
       50
176
     0
 90
        3
176
     0
 62
     5
420
      255
176
     0
290
     0
176
     0
 90
       50
176
     0
 90
       50
176
     0
 90
       50
176
     0
290
     0
176
     0
 90
       50
176
     0
 62
   256
176
     0
 40
1.0
176
     0
 90
        2
176
     0
  1
strokes_ogs.tif
176
     0
290
     0
176
     0
 40
1.0
176
     0
 40
1.0
176
     0
  0
VISUALSTYLE
  5
904
102
{ACAD_REACTORS
330
8F5
102
}
330
8F5
100
AcDbVisualStyle
  2
Facepattern
 70
    15
177
     3
291
     1
 70
    58
 90
        2
176
     1
 90
        2
176
     1
 90
        0
176
     1
 90
        0
176
     1
 40
0.6
176
     1
 40
30.0
176
     1
 62
     7
420
 16777215
176
     1
 90
        1
176
     1
 90
        4
176
     1
 62
     7
176
     1
 62
   257
176
     1
 90
        1
176
     1
 90
        1
176
     1
 40
1.0
176
     1
 90
        8
176
     1
 62
     7
176
     1
 40
1.0
176
     1
 90
        1
176
     1
 90
        6
176
     1
 90
        2
176
     1
 62
     7
176
     1
 90
        5
176
     1
 90
        0
176
     1
 90
        0
176
     1
290
     0
176
     1
 90
        1
176
     1
 40
0.0
176
     1
 90
        0
176
     1
290
     0
176
     1
290
     1
176
     1
290
     1
176
     1
290
     0
176
     1
290
     0
176
     1
290
     0
176
     1
290
     0
176
     1
290
     0
176
     1
290
     0
176
     1
 90
       50
176
     1
 40
0.0
176
     1
 40
1.0
176
     1
 90
        0
176
     1
 62
    18
420
        0
176
     1
 90
       50
176
     1
 90
        3
176
     1
 62
     5
420
      255
176
     1
290
     0
176
     1
 90
       50
176
     1
 90
       50
176
     1
 90
       50
176
     1
290
     0
176
     1
 90
       50
176
     1
 62
   256
176
     0
 40
1.0
176
     0
 90
        2
176
     1
  1
strokes_ogs.tif
176
     1
290
     0
176
     1
 40
1.0
176
     1
 40
1.0
176
     1
  0
VISUALSTYLE
  5
8F6
102
{ACAD_REACTORS
330
8F5
102
}
330
8F5
100
AcDbVisualStyle
  2
Flat
 70
     0
177
     3
291
     1
 70
    58
 90
        2
176
     1
 90
        1
176
     1
 90
        1
176
     1
 90
        2
176
     1
 40
0.6
176
     1
 40
30.0
176
     1
 62
     7
420
 16777215
176
     1
 90
        0
176
     1
 90
        0
176
     1
 62
     7
176
     1
 62
   257
176
     1
 90
        1
176
     1
 90
        1
176
     1
 40
1.0
176
     1
 90
        8
176
     1
 62
     7
176
     1
 40
1.0
176
     1
 90
        1
176
     1
 90
        6
176
     1
 90
        2
176
     1
 62
     7
176
     1
 90
        5
176
     1
 90
        0
176
     1
 90
        0
176
     1
290
     0
176
     1
 90
       13
176
     1
 40
0.0
176
     1
 90
        0
176
     1
290
     0
176
     1
290
     1
176
     1
290
     1
176
     1
290
     0
176
     1
290
     0
176
     1
290
     0
176
     1
290
     0
176
     1
290
     0
176
     1
290
     0
176
     1
 90
       50
176
     1
 40
0.0
176
     1
 40
1.0
176
     1
 90
        0
176
     1
 62
    18
420
        0
176
     1
 90
       50
176
     1
 90
        3
176
     1
 62
     5
420
      255
176
     1
290
     0
176
     1
 90
       50
176
     1
 90
       50
176
     1
 90
       50
176
     1
290
     0
176
     1
 90
       50
176
     1
 62
   256
176
     0
 40
1.0
176
     0
 90
        2
176
     1
  1
strokes_ogs.tif
176
     1
290
     0
176
     1
 40
1.0
176
     1
 40
1.0
176
     1
  0
VISUALSTYLE
  5
8F7
102
{ACAD_REACTORS
330
8F5
102
}
330
8F5
100
AcDbVisualStyle
  2
FlatWithEdges
 70
     1
177
     3
291
     1
 70
    58
 90
        2
176
     1
 90
        1
176
     1
 90
        1
176
     1
 90
        2
176
     1
 40
0.6
176
     1
 40
30.0
176
     1
 62
     7
420
 16777215
176
     1
 90
        1
176
     1
 90
        0
176
     1
 62
     7
176
     1
 62
   257
176
     1
 90
        1
176
     1
 90
        1
176
     1
 40
1.0
176
     1
 90
        0
176
     1
 62
   257
176
     1
 40
1.0
176
     1
 90
        1
176
     1
 90
        6
176
     1
 90
        2
176
     1
 62
     7
176
     1
 90
        5
176
     1
 90
        0
176
     1
 90
        0
176
     1
290
     0
176
     1
 90
       13
176
     1
 40
0.0
176
     1
 90
        0
176
     1
290
     0
176
     1
290
     1
176
     1
290
     1
176
     1
290
     0
176
     1
290
     0
176
     1
290
     0
176
     1
290
     0
176
     1
290
     0
176
     1
290
     0
176
     1
 90
       50
176
     1
 40
0.0
176
     1
 40
1.0
176
     1
 90
        0
176
     1
 62
    18
420
        0
176
     1
 90
       50
176
     1
 90
        3
176
     1
 62
     5
420
      255
176
     1
290
     0
176
     1
 90
       50
176
     1
 90
       50
176
     1
 90
       50
176
     1
290
     0
176
     1
 90
       50
176
     1
 62
   256
176
     0
 40
1.0
176
     0
 90
        2
176
     1
  1
strokes_ogs.tif
176
     1
290
     0
176
     1
 40
1.0
176
     1
 40
1.0
176
     1
  0
VISUALSTYLE
  5
8F8
102
{ACAD_REACTORS
330
8F5
102
}
330
8F5
100
AcDbVisualStyle
  2
Gouraud
 70
     2
177
     3
291
     1
 70
    58
 90
        2
176
     1
 90
        2
176
     1
 90
        1
176
     1
 90
        2
176
     1
 40
0.6
176
     1
 40
30.0
176
     1
 62
     7
420
 16777215
176
     1
 90
        0
176
     1
 90
        0
176
     1
 62
     7
176
     1
 62
   257
176
     1
 90
        1
176
     1
 90
        1
176
     1
 40
1.0
176
     1
 90
        0
176
     1
 62
     7
176
     1
 40
1.0
176
     1
 90
        1
176
     1
 90
        6
176
     1
 90
        2
176
     1
 62
     7
176
     1
 90
        5
176
     1
 90
        0
176
     1
 90
        0
176
     1
290
     0
176
     1
 90
       13
176
     1
 40
0.0
176
     1
 90
        0
176
     1
290
     0
176
     1
290
     1
176
     1
290
     1
176
     1
290
     0
176
     1
290
     0
176
     1
290
     0
176
     1
290
     0
176
     1
290
     0
176
     1
290
     0
176
     1
 90
       50
176
     1
 40
0.0
176
     1
 40
1.0
176
     1
 90
        0
176
     1
 62
    18
420
        0
176
     1
 90
       50
176
     1
 90
        3
176
     1
 62
     5
420
      255
176
     1
290
     0
176
     1
 90
       50
176
     1
 90
       50
176
     1
 90
       50
176
     1
290
     0
176
     1
 90
       50
176
     1
 62
   256
176
     0
 40
1.0
176
     0
 90
        2
176
     1
  1
strokes_ogs.tif
176
     1
290
     0
176
     1
 40
1.0
176
     1
 40
1.0
176
     1
  0
VISUALSTYLE
  5
8F9
102
{ACAD_REACTORS
330
8F5
102
}
330
8F5
100
AcDbVisualStyle
  2
GouraudWithEdges
 70
     3
177
     3
291
     1
 70
    58
 90
        2
176
     1
 90
        2
176
     1
 90
        1
176
     1
 90
        2
176
     1
 40
0.6
176
     1
 40
30.0
176
     1
 62
     7
420
 16777215
176
     1
 90
        1
176
     1
 90
        0
176
     1
 62
     7
176
     1
 62
   257
176
     1
 90
        1
176
     1
 90
        1
176
     1
 40
1.0
176
     1
 90
        0
176
     1
 62
   257
176
     1
 40
1.0
176
     1
 90
        1
176
     1
 90
        6
176
     1
 90
        2
176
     1
 62
     7
176
     1
 90
        5
176
     1
 90
        0
176
     1
 90
        0
176
     1
290
     0
176
     1
 90
       13
176
     1
 40
0.0
176
     1
 90
        0
176
     1
290
     0
176
     1
290
     1
176
     1
290
     1
176
     1
290
     0
176
     1
290
     0
176
     1
290
     0
176
     1
290
     0
176
     1
290
     0
176
     1
290
     0
176
     1
 90
       50
176
     1
 40
0.0
176
     1
 40
1.0
176
     1
 90
        0
176
     1
 62
    18
420
        0
176
     1
 90
       50
176
     1
 90
        3
176
     1
 62
     5
420
      255
176
     1
290
     0
176
     1
 90
       50
176
     1
 90
       50
176
     1
 90
       50
176
     1
290
     0
176
     1
 90
       50
176
     1
 62
   256
176
     0
 40
1.0
176
     0
 90
        2
176
     1
  1
strokes_ogs.tif
176
     1
290
     0
176
     1
 40
1.0
176
     1
 40
1.0
176
     1
  0
VISUALSTYLE
  5
8FC
102
{ACAD_REACTORS
330
8F5
102
}
330
8F5
100
AcDbVisualStyle
  2
Hidden
 70
     6
177
     3
291
     0
 70
    58
 90
        1
176
     1
 90
        2
176
     1
 90
        2
176
     1
 90
        0
176
     1
 40
0.6
176
     1
 40
30.0
176
     1
 62
     7
420
 16777215
176
     1
 90
        2
176
     1
 90
        2
176
     1
 62
     7
176
     1
 62
   257
176
     1
 90
        2
176
     1
 90
        1
176
     1
 40
40.0
176
     1
 90
        0
176
     1
 62
   257
176
     1
 40
1.0
176
     1
 90
        1
176
     1
 90
        6
176
     1
 90
        2
176
     1
 62
     7
176
     1
 90
        3
176
     1
 90
        0
176
     1
 90
        0
176
     1
290
     0
176
     1
 90
        1
176
     1
 40
0.0
176
     1
 90
        0
176
     1
290
     0
176
     1
290
     1
176
     1
290
     1
176
     1
290
     0
176
     1
290
     0
176
     1
290
     0
176
     1
290
     0
176
     1
290
     0
176
     1
290
     0
176
     1
 90
       50
176
     1
 40
0.0
176
     1
 40
1.0
176
     1
 90
        0
176
     1
 62
    18
420
        0
176
     1
 90
       50
176
     1
 90
        3
176
     1
 62
     5
420
      255
176
     1
290
     0
176
     1
 90
       50
176
     1
 90
       50
176
     1
 90
       50
176
     1
290
     0
176
     1
 90
       50
176
     1
 62
   256
176
     0
 40
1.0
176
     0
 90
        2
176
     1
  1
strokes_ogs.tif
176
     1
290
     0
176
     1
 40
1.0
176
     1
 40
1.0
176
     1
  0
VISUALSTYLE
  5
906
102
{ACAD_REACTORS
330
8F5
102
}
330
8F5
100
AcDbVisualStyle
  2
JitterOff
 70
    20
177
     3
291
     1
 70
    58
 90
        2
176
     0
 90
        2
176
     0
 90
        0
176
     0
 90
        0
176
     0
 40
0.6
176
     0
 40
30.0
176
     0
 62
     7
420
 16777215
176
     0
 90
        1
176
     0
 90
        4
176
     0
 62
     7
176
     0
 62
   257
176
     0
 90
        1
176
     0
 90
        1
176
     0
 40
1.0
176
     0
 90
       10
176
     2
 62
     7
176
     0
 40
1.0
176
     0
 90
        1
176
     0
 90
        6
176
     0
 90
        2
176
     0
 62
     7
176
     0
 90
        5
176
     0
 90
        0
176
     0
 90
        0
176
     0
290
     0
176
     0
 90
        1
176
     0
 40
0.0
176
     0
 90
        0
176
     0
290
     0
176
     0
290
     1
176
     0
290
     1
176
     0
290
     0
176
     0
290
     0
176
     0
290
     0
176
     0
290
     0
176
     0
290
     0
176
     0
290
     0
176
     0
 90
       50
176
     0
 40
0.0
176
     0
 40
1.0
176
     0
 90
        0
176
     0
 62
    18
420
        0
176
     0
 90
       50
176
     0
 90
        3
176
     0
 62
     5
420
      255
176
     0
290
     0
176
     0
 90
       50
176
     0
 90
       50
176
     0
 90
       50
176
     0
290
     0
176
     0
 90
       50
176
     0
 62
   256
176
     0
 40
1.0
176
     0
 90
        2
176
     0
  1
strokes_ogs.tif
176
     0
290
     0
176
     0
 40
1.0
176
     0
 40
1.0
176
     0
  0
VISUALSTYLE
  5
903
102
{ACAD_REACTORS
330
8F5
102
}
330
8F5
100
AcDbVisualStyle
  2
Linepattern
 70
    14
177
     3
291
     1
 70
    58
 90
        2
176
     1
 90
        2
176
     1
 90
        0
176
     1
 90
        0
176
     1
 40
0.6
176
     1
 40
30.0
176
     1
 62
     7
420
 16777215
176
     1
 90
        1
176
     1
 90
        4
176
     1
 62
     7
176
     1
 62
   257
176
     1
 90
        7
176
     1
 90
        7
176
     1
 40
1.0
176
     1
 90
        8
176
     1
 62
     7
176
     1
 40
1.0
176
     1
 90
        1
176
     1
 90
        6
176
     1
 90
        2
176
     1
 62
     7
176
     1
 90
        5
176
     1
 90
        0
176
     1
 90
        0
176
     1
290
     0
176
     1
 90
        1
176
     1
 40
0.0
176
     1
 90
        0
176
     1
290
     0
176
     1
290
     1
176
     1
290
     1
176
     1
290
     0
176
     1
290
     0
176
     1
290
     0
176
     1
290
     0
176
     1
290
     0
176
     1
290
     0
176
     1
 90
       50
176
     1
 40
0.0
176
     1
 40
1.0
176
     1
 90
        0
176
     1
 62
    18
420
        0
176
     1
 90
       50
176
     1
 90
        3
176
     1
 62
     5
420
      255
176
     1
290
     0
176
     1
 90
       50
176
     1
 90
       50
176
     1
 90
       50
176
     1
290
     0
176
     1
 90
       50
176
     1
 62
   256
176
     0
 40
1.0
176
     0
 90
        2
176
     1
  1
strokes_ogs.tif
176
     1
290
     0
176
     1
 40
1.0
176
     1
 40
1.0
176
     1
  0
VISUALSTYLE
  5
907
102
{ACAD_REACTORS
330
8F5
102
}
330
8F5
100
AcDbVisualStyle
  2
OverhangOff
 70
    21
177
     3
291
     1
 70
    58
 90
        2
176
     0
 90
        2
176
     0
 90
        0
176
     0
 90
        0
176
     0
 40
0.6
176
     0
 40
30.0
176
     0
 62
     7
420
 16777215
176
     0
 90
        1
176
     0
 90
        4
176
     0
 62
     7
176
     0
 62
   257
176
     0
 90
        1
176
     0
 90
        1
176
     0
 40
1.0
176
     0
 90
        9
176
     2
 62
     7
176
     0
 40
1.0
176
     0
 90
        1
176
     0
 90
        6
176
     0
 90
        2
176
     0
 62
     7
176
     0
 90
        5
176
     0
 90
        0
176
     0
 90
        0
176
     0
290
     0
176
     0
 90
        1
176
     0
 40
0.0
176
     0
 90
        0
176
     0
290
     0
176
     0
290
     1
176
     0
290
     1
176
     0
290
     0
176
     0
290
     0
176
     0
290
     0
176
     0
290
     0
176
     0
290
     0
176
     0
290
     0
176
     0
 90
       50
176
     0
 40
0.0
176
     0
 40
1.0
176
     0
 90
        0
176
     0
 62
    18
420
        0
176
     0
 90
       50
176
     0
 90
        3
176
     0
 62
     5
420
      255
176
     0
290
     0
176
     0
 90
       50
176
     0
 90
       50
176
     0
 90
       50
176
     0
290
     0
176
     0
 90
       50
176
     0
 62
   256
176
     0
 40
1.0
176
     0
 90
        2
176
     0
  1
strokes_ogs.tif
176
     0
290
     0
176
     0
 40
1.0
176
     0
 40
1.0
176
     0
  0
VISUALSTYLE
  5
8FE
102
{ACAD_REACTORS
330
8F5
102
}
330
8F5
100
AcDbVisualStyle
  2
Realistic
 70
     8
177
     3
291
     0
 70
    58
 90
        2
176
     1
 90
        3
176
     1
 90
        0
176
     1
 90
        2
176
     1
 40
0.6
176
     1
 40
30.0
176
     1
 62
     7
420
 16777215
176
     1
 90
        0
176
     1
 90
        0
176
     1
 62
     7
176
     1
 62
   257
176
     1
 90
        1
176
     1
 90
        1
176
     1
 40
1.0
176
     1
 90
        8
176
     1
 62
   257
176
     1
 40
1.0
176
     1
 90
        1
176
     1
 90
        6
176
     1
 90
        2
176
     1
 62
     7
176
     1
 90
        3
176
     1
 90
        0
176
     1
 90
        0
176
     1
290
     0
176
     1
 90
       13
176
     1
 40
0.0
176
     1
 90
        0
176
     1
290
     0
176
     1
290
     1
176
     1
290
     1
176
     1
290
     0
176
     1
290
     0
176
     1
290
     0
176
     1
290
     0
176
     1
290
     0
176
     1
290
     0
176
     1
 90
       50
176
     1
 40
0.0
176
     1
 40
1.0
176
     1
 90
        0
176
     1
 62
    18
420
        0
176
     1
 90
       50
176
     1
 90
        3
176
     1
 62
     5
420
      255
176
     1
290
     0
176
     1
 90
       50
176
     1
 90
       50
176
     1
 90
       50
176
     1
290
     0
176
     1
 90
       50
176
     1
 62
   256
176
     0
 40
1.0
176
     0
 90
        2
176
     1
  1
strokes_ogs.tif
176
     1
290
     0
176
     1
 40
1.0
176
     1
 40
1.0
176
     1
  0
VISUALSTYLE
  5
90D
102
{ACAD_REACTORS
330
8F5
102
}
330
8F5
100
AcDbVisualStyle
  2
Shaded
 70
    27
177
     3
291
     0
 70
    58
 90
        2
176
     1
 90
        2
176
     1
 90
        1
176
     1
 90
        2
176
     1
 40
0.6
176
     1
 40
30.0
176
     1
 62
     7
420
 16777215
176
     1
 90
        0
176
     1
 90
        4
176
     1
 62
     7
176
     1
 62
   257
176
     1
 90
        1
176
     1
 90
        1
176
     1
 40
1.0
176
     1
 90
        8
176
     1
 62
   257
176
     1
 40
1.0
176
     1
 90
        1
176
     1
 90
        6
176
     1
 90
        2
176
     1
 62
     8
420
  7895160
176
     1
 90
        3
176
     1
 90
        0
176
     1
 90
        0
176
     1
290
     0
176
     1
 90
        5
176
     1
 40
0.0
176
     1
 90
        0
176
     1
290
     0
176
     1
290
     1
176
     1
290
     1
176
     1
290
     0
176
     1
290
     0
176
     1
290
     0
176
     1
290
     0
176
     1
290
     0
176
     1
290
     0
176
     1
 90
       50
176
     1
 40
0.0
176
     1
 40
1.0
176
     1
 90
        0
176
     1
 62
    18
420
        0
176
     1
 90
       50
176
     1
 90
        3
176
     1
 62
     5
420
      255
176
     1
290
     0
176
     1
 90
       50
176
     1
 90
       50
176
     1
 90
       50
176
     1
290
     0
176
     1
 90
       50
176
     1
 62
   256
176
     0
 40
1.0
176
     0
 90
        2
176
     1
  1
strokes_ogs.tif
176
     1
290
     0
176
     1
 40
1.0
176
     1
 40
1.0
176
     1
  0
VISUALSTYLE
  5
90C
102
{ACAD_REACTORS
330
8F5
102
}
330
8F5
100
AcDbVisualStyle
  2
Shaded with edges
 70
    26
177
     3
291
     0
 70
    58
 90
        2
176
     1
 90
        2
176
     1
 90
        1
176
     1
 90
        2
176
     1
 40
0.6
176
     1
 40
30.0
176
     1
 62
     7
420
 16777215
176
     1
 90
        1
176
     1
 90
       10
176
     1
 62
     7
176
     1
 62
   257
176
     1
 90
        2
176
     1
 90
        1
176
     1
 40
1.0
176
     1
 90
        8
176
     1
 62
   257
176
     1
 40
1.0
176
     1
 90
        1
176
     1
 90
        6
176
     1
 90
        2
176
     1
 62
     7
176
     1
 90
        3
176
     1
 90
        0
176
     1
 90
        0
176
     1
290
     0
176
     1
 90
        5
176
     1
 40
0.0
176
     1
 90
        0
176
     1
290
     0
176
     1
290
     1
176
     1
290
     1
176
     1
290
     0
176
     1
290
     0
176
     1
290
     0
176
     1
290
     0
176
     1
290
     0
176
     1
290
     0
176
     1
 90
       50
176
     1
 40
0.0
176
     1
 40
1.0
176
     1
 90
        0
176
     1
 62
    18
420
        0
176
     1
 90
       50
176
     1
 90
        3
176
     1
 62
     5
420
      255
176
     1
290
     0
176
     1
 90
       50
176
     1
 90
       50
176
     1
 90
       50
176
     1
290
     0
176
     1
 90
       50
176
     1
 62
   256
176
     0
 40
1.0
176
     0
 90
        2
176
     1
  1
strokes_ogs.tif
176
     1
290
     0
176
     1
 40
1.0
176
     1
 40
1.0
176
     1
  0
VISUALSTYLE
  5
909
102
{ACAD_REACTORS
330
8F5
102
}
330
8F5
100
AcDbVisualStyle
  2
Shades of Gray
 70
    23
177
     3
291
     0
 70
    58
 90
        2
176
     1
 90
        2
176
     1
 90
        3
176
     1
 90
        0
176
     1
 40
0.6
176
     1
 40
30.0
176
     1
 62
     7
420
 16777215
176
     1
 90
        2
176
     1
 90
        2
176
     1
 62
     7
176
     1
 62
     7
176
     1
 90
        1
176
     1
 90
        1
176
     1
 40
40.0
176
     1
 90
        8
176
     1
 62
     7
176
     1
 40
1.0
176
     1
 90
        1
176
     1
 90
        6
176
     1
 90
        2
176
     1
 62
     7
176
     1
 90
        3
176
     1
 90
        0
176
     1
 90
        0
176
     1
290
     0
176
     1
 90
        1
176
     1
 40
0.0
176
     1
 90
        0
176
     1
290
     0
176
     1
290
     1
176
     1
290
     1
176
     1
290
     0
176
     1
290
     0
176
     1
290
     0
176
     1
290
     0
176
     1
290
     0
176
     1
290
     0
176
     1
 90
       50
176
     1
 40
0.0
176
     1
 40
1.0
176
     1
 90
        0
176
     1
 62
    18
420
        0
176
     1
 90
       50
176
     1
 90
        3
176
     1
 62
     5
420
      255
176
     1
290
     0
176
     1
 90
       50
176
     1
 90
       50
176
     1
 90
       50
176
     1
290
     0
176
     1
 90
       50
176
     1
 62
   256
176
     0
 40
1.0
176
     0
 90
        2
176
     1
  1
strokes_ogs.tif
176
     1
290
     0
176
     1
 40
1.0
176
     1
 40
1.0
176
     1
  0
VISUALSTYLE
  5
90A
102
{ACAD_REACTORS
330
8F5
102
}
330
8F5
100
AcDbVisualStyle
  2
Sketchy
 70
    24
177
     3
291
     0
 70
    58
 90
        1
176
     1
 90
        2
176
     1
 90
        2
176
     1
 90
        0
176
     1
 40
0.6
176
     1
 40
30.0
176
     1
 62
     7
420
 16777215
176
     1
 90
        2
176
     1
 90
        2
176
     1
 62
     7
176
     1
 62
     7
176
     1
 90
        1
176
     1
 90
        1
176
     1
 40
40.0
176
     1
 90
       11
176
     1
 62
     7
176
     1
 40
1.0
176
     1
 90
        1
176
     1
 90
        6
176
     1
 90
        2
176
     1
 62
     7
176
     1
 90
        6
176
     1
 90
        0
176
     1
 90
        0
176
     1
290
     0
176
     1
 90
        1
176
     1
 40
0.0
176
     1
 90
        0
176
     1
290
     0
176
     1
290
     1
176
     1
290
     1
176
     1
290
     0
176
     1
290
     0
176
     1
290
     0
176
     1
290
     0
176
     1
290
     0
176
     1
290
     0
176
     1
 90
       50
176
     1
 40
0.0
176
     1
 40
1.0
176
     1
 90
        0
176
     1
 62
    18
420
        0
176
     1
 90
       50
176
     1
 90
        3
176
     1
 62
     5
420
      255
176
     1
290
     0
176
     1
 90
       50
176
     1
 90
       50
176
     1
 90
       50
176
     1
290
     0
176
     1
 90
       50
176
     1
 62
   256
176
     0
 40
1.0
176
     0
 90
        2
176
     1
  1
strokes_ogs.tif
176
     1
290
     0
176
     1
 40
1.0
176
     1
 40
1.0
176
     1
  0
VISUALSTYLE
  5
902
102
{ACAD_REACTORS
330
8F5
102
}
330
8F5
100
AcDbVisualStyle
  2
Thicken
 70
    13
177
     3
291
     1
 70
    58
 90
        2
176
     1
 90
        2
176
     1
 90
        0
176
     1
 90
        0
176
     1
 40
0.6
176
     1
 40
30.0
176
     1
 62
     7
420
 16777215
176
     1
 90
        1
176
     1
 90
        4
176
     1
 62
     7
176
     1
 62
   257
176
     1
 90
        1
176
     1
 90
        1
176
     1
 40
1.0
176
     1
 90
       12
176
     1
 62
     7
176
     1
 40
1.0
176
     1
 90
        1
176
     1
 90
        6
176
     1
 90
        2
176
     1
 62
     7
176
     1
 90
        5
176
     1
 90
        0
176
     1
 90
        0
176
     1
290
     0
176
     1
 90
        1
176
     1
 40
0.0
176
     1
 90
        0
176
     1
290
     0
176
     1
290
     1
176
     1
290
     1
176
     1
290
     0
176
     1
290
     0
176
     1
290
     0
176
     1
290
     0
176
     1
290
     0
176
     1
290
     0
176
     1
 90
       50
176
     1
 40
0.0
176
     1
 40
1.0
176
     1
 90
        0
176
     1
 62
    18
420
        0
176
     1
 90
       50
176
     1
 90
        3
176
     1
 62
     5
420
      255
176
     1
290
     0
176
     1
 90
       50
176
     1
 90
       50
176
     1
 90
       50
176
     1
290
     0
176
     1
 90
       50
176
     1
 62
   256
176
     0
 40
1.0
176
     0
 90
        2
176
     1
  1
strokes_ogs.tif
176
     1
290
     0
176
     1
 40
1.0
176
     1
 40
1.0
176
     1
  0
VISUALSTYLE
  5
8FB
102
{ACAD_REACTORS
330
8F5
102
}
330
8F5
100
AcDbVisualStyle
  2
Wireframe
 70
     5
177
     3
291
     0
 70
    58
 90
        0
176
     1
 90
        2
176
     1
 90
        0
176
     1
 90
        0
176
     1
 40
0.6
176
     1
 40
30.0
176
     1
 62
     7
420
 16777215
176
     1
 90
        1
176
     1
 90
        4
176
     1
 62
     7
176
     1
 62
   257
176
     1
 90
        1
176
     1
 90
        1
176
     1
 40
1.0
176
     1
 90
        0
176
     1
 62
   257
176
     1
 40
1.0
176
     1
 90
        1
176
     1
 90
        6
176
     1
 90
        2
176
     1
 62
     7
176
     1
 90
        3
176
     1
 90
        0
176
     1
 90
        0
176
     1
290
     0
176
     1
 90
        1
176
     1
 40
0.0
176
     1
 90
        0
176
     1
290
     0
176
     1
290
     1
176
     1
290
     1
176
     1
290
     0
176
     1
290
     0
176
     1
290
     0
176
     1
290
     0
176
     1
290
     0
176
     1
290
     0
176
     1
 90
       50
176
     1
 40
0.0
176
     1
 40
1.0
176
     1
 90
        0
176
     1
 62
    18
420
        0
176
     1
 90
       50
176
     1
 90
        3
176
     1
 62
     5
420
      255
176
     1
290
     0
176
     1
 90
       50
176
     1
 90
       50
176
     1
 90
       50
176
     1
290
     0
176
     1
 90
       50
176
     1
 62
   256
176
     0
 40
1.0
176
     0
 90
        2
176
     1
  1
strokes_ogs.tif
176
     1
290
     0
176
     1
 40
1.0
176
     1
 40
1.0
176
     1
  0
VISUALSTYLE
  5
90B
102
{ACAD_REACTORS
330
8F5
102
}
330
8F5
100
AcDbVisualStyle
  2
X-Ray
 70
    25
177
     3
291
     0
 70
    58
 90
        2
176
     1
 90
        2
176
     1
 90
        1
176
     1
 90
        1
176
     1
 40
0.5
176
     1
 40
30.0
176
     1
 62
     7
420
 16777215
176
     1
 90
        1
176
     1
 90
        0
176
     1
 62
     7
176
     1
 62
   257
176
     1
 90
        1
176
     1
 90
        1
176
     1
 40
1.0
176
     1
 90
        8
176
     1
 62
     7
176
     1
 40
1.0
176
     1
 90
        1
176
     1
 90
        6
176
     1
 90
        2
176
     1
 62
     7
176
     1
 90
        3
176
     1
 90
        0
176
     1
 90
        0
176
     1
290
     0
176
     1
 90
       13
176
     1
 40
0.0
176
     1
 90
        0
176
     1
290
     0
176
     1
290
     1
176
     1
290
     1
176
     1
290
     0
176
     1
290
     0
176
     1
290
     0
176
     1
290
     0
176
     1
290
     0
176
     1
290
     0
176
     1
 90
       50
176
     1
 40
0.0
176
     1
 40
1.0
176
     1
 90
        0
176
     1
 62
    18
420
        0
176
     1
 90
       50
176
     1
 90
        3
176
     1
 62
     5
420
      255
176
     1
290
     0
176
     1
 90
       50
176
     1
 90
       50
176
     1
 90
       50
176
     1
290
     0
176
     1
 90
       50
176
     1
 62
   256
176
     0
 40
1.0
176
     0
 90
        2
176
     1
  1
strokes_ogs.tif
176
     1
290
     0
176
     1
 40
1.0
176
     1
 40
1.0
176
     1
  0
DICTIONARYVAR
  5
929
102
{ACAD_REACTORS
330
926
102
}
330
926
100
DictionaryVariables
280
     0
  1
1:1
  0
DICTIONARYVAR
  5
928
102
{ACAD_REACTORS
330
926
102
}
330
926
100
DictionaryVariables
280
     0
  1
Standard
  0
DICTIONARYVAR
  5
927
102
{ACAD_REACTORS
330
926
102
}
330
926
100
DictionaryVariables
280
     0
  1
Standard
  0
ENDSEC
  0
SECTION
  2
ACDSDATA
 70
     2
 71
     2
  0
ACDSSCHEMA
 90
        0
  1
AcDb3DSolid_ASM_Data
  2
AcDbDs::ID
280
    10
 91
        0
  2
ASM_Data
280
    15
 91
        0
101
ACDSRECORD
 95
        0
 90
        1
  2
AcDbDs::TreatedAsObjectData
280
     1
291
     1
101
ACDSRECORD
 95
        0
 90
        2
  2
AcDbDs::Legacy
280
     1
291
     1
101
ACDSRECORD
  1
AcDbDs::ID
 90
        3
  2
AcDs:Indexable
280
     1
291
     1
101
ACDSRECORD
  1
AcDbDs::ID
 90
        4
  2
AcDbDs::HandleAttribute
280
     7
282
     1
  0
ACDSSCHEMA
 90
        1
  1
AcDbDs::TreatedAsObjectDataSchema
  2
AcDbDs::TreatedAsObjectData
280
     1
 91
        0
  0
ACDSSCHEMA
 90
        2
  1
AcDbDs::LegacySchema
  2
AcDbDs::Legacy
280
     1
 91
        0
  0
ACDSSCHEMA
 90
        3
  1
AcDbDs::IndexedPropertySchema
  2
AcDs:Indexable
280
     1
 91
        0
  0
ACDSSCHEMA
 90
        4
  1
AcDbDs::HandleAttributeSchema
  2
AcDbDs::HandleAttribute
280
     7
 91
        8
  0
ENDSEC
  0
EOF
